solid OpenSCAD_Model
  facet normal 0 0 -1
    outer loop
      vertex 25 0 0
      vertex 33 0 0
      vertex 32.9945 -0.314095 0
    endloop
  endfacet
  facet normal 0 0 -1
    outer loop
      vertex 25 0 0
      vertex 32.9945 -0.314095 0
      vertex 32.9781 -0.627808 0
    endloop
  endfacet
  facet normal 0 0 -1
    outer loop
      vertex 33 0 0
      vertex 25 0 0
      vertex 32.9945 0.314095 0
    endloop
  endfacet
  facet normal 0 0 -1
    outer loop
      vertex 24.9932 -0.156865 0
      vertex 32.9781 -0.627808 0
      vertex 32.9507 -0.940756 0
    endloop
  endfacet
  facet normal -0 0 -1
    outer loop
      vertex 32.9945 0.314095 0
      vertex 25 0 0
      vertex 32.9781 0.627808 0
    endloop
  endfacet
  facet normal 0 0 -1
    outer loop
      vertex 24.9932 -0.156865 0
      vertex 32.9507 -0.940756 0
      vertex 32.9124 -1.25256 0
    endloop
  endfacet
  facet normal 0 0 -1
    outer loop
      vertex 24.9932 0.156865 0
      vertex 32.9781 0.627808 0
      vertex 25 0 0
    endloop
  endfacet
  facet normal 0 0 -1
    outer loop
      vertex 24.9886 -0.203152 0
      vertex 32.9124 -1.25256 0
      vertex 32.8633 -1.56283 0
    endloop
  endfacet
  facet normal -0 0 -1
    outer loop
      vertex 32.9781 0.627808 0
      vertex 24.9932 0.156865 0
      vertex 32.9507 0.940756 0
    endloop
  endfacet
  facet normal 0 0 -1
    outer loop
      vertex 24.9734 -0.318453 0
      vertex 32.8633 -1.56283 0
      vertex 32.8033 -1.8712 0
    endloop
  endfacet
  facet normal -0 0 -1
    outer loop
      vertex 32.9507 0.940756 0
      vertex 24.9932 0.156865 0
      vertex 32.9124 1.25256 0
    endloop
  endfacet
  facet normal 0 0 -1
    outer loop
      vertex 24.9658 -0.364345 0
      vertex 32.8033 -1.8712 0
      vertex 32.7327 -2.1773 0
    endloop
  endfacet
  facet normal 0 0 -1
    outer loop
      vertex 24.9886 0.203152 0
      vertex 32.9124 1.25256 0
      vertex 24.9932 0.156865 0
    endloop
  endfacet
  facet normal 0 0 -1
    outer loop
      vertex 24.9658 -0.364345 0
      vertex 32.7327 -2.1773 0
      vertex 32.6514 -2.48074 0
    endloop
  endfacet
  facet normal -0 0 -1
    outer loop
      vertex 32.9124 1.25256 0
      vertex 24.9886 0.203152 0
      vertex 32.8633 1.56283 0
    endloop
  endfacet
  facet normal 0 0 -1
    outer loop
      vertex 24.9319 -0.517637 0
      vertex 32.6514 -2.48074 0
      vertex 32.5595 -2.78115 0
    endloop
  endfacet
  facet normal 0 0 -1
    outer loop
      vertex 24.9734 0.318453 0
      vertex 32.8633 1.56283 0
      vertex 24.9886 0.203152 0
    endloop
  endfacet
  facet normal 0 0 -1
    outer loop
      vertex 24.9319 -0.517637 0
      vertex 32.5595 -2.78115 0
      vertex 32.4572 -3.07818 0
    endloop
  endfacet
  facet normal -0 0 -1
    outer loop
      vertex 32.8633 1.56283 0
      vertex 24.9734 0.318453 0
      vertex 32.8033 1.8712 0
    endloop
  endfacet
  facet normal 0 0 -1
    outer loop
      vertex 24.9319 -0.517637 0
      vertex 32.4572 -3.07818 0
      vertex 32.3447 -3.37146 0
    endloop
  endfacet
  facet normal 0 0 -1
    outer loop
      vertex 24.9658 0.364345 0
      vertex 32.8033 1.8712 0
      vertex 24.9734 0.318453 0
    endloop
  endfacet
  facet normal 0 0 -1
    outer loop
      vertex 24.8846 -0.667384 0
      vertex 32.3447 -3.37146 0
      vertex 32.2219 -3.66063 0
    endloop
  endfacet
  facet normal -0 0 -1
    outer loop
      vertex 32.8033 1.8712 0
      vertex 24.9658 0.364345 0
      vertex 32.7327 2.1773 0
    endloop
  endfacet
  facet normal 0 0 -1
    outer loop
      vertex 24.8682 -0.710927 0
      vertex 32.2219 -3.66063 0
      vertex 32.0891 -3.94534 0
    endloop
  endfacet
  facet normal -0 0 -1
    outer loop
      vertex 32.7327 2.1773 0
      vertex 24.9658 0.364345 0
      vertex 32.6514 2.48074 0
    endloop
  endfacet
  facet normal 0 0 -1
    outer loop
      vertex 24.8682 -0.710927 0
      vertex 32.0891 -3.94534 0
      vertex 31.9465 -4.22524 0
    endloop
  endfacet
  facet normal 0 0 -1
    outer loop
      vertex 24.9319 0.517637 0
      vertex 32.6514 2.48074 0
      vertex 24.9658 0.364345 0
    endloop
  endfacet
  facet normal 0 0 -1
    outer loop
      vertex 24.8238 -0.81835 0
      vertex 31.9465 -4.22524 0
      vertex 31.7942 -4.5 0
    endloop
  endfacet
  facet normal -0 0 -1
    outer loop
      vertex 32.6514 2.48074 0
      vertex 24.9319 0.517637 0
      vertex 32.5595 2.78115 0
    endloop
  endfacet
  facet normal 0 0 -1
    outer loop
      vertex 24.8046 -0.860726 0
      vertex 31.7942 -4.5 0
      vertex 31.6324 -4.76927 0
    endloop
  endfacet
  facet normal -0 0 -1
    outer loop
      vertex 32.5595 2.78115 0
      vertex 24.9319 0.517637 0
      vertex 32.4572 3.07818 0
    endloop
  endfacet
  facet normal 0 0 -1
    outer loop
      vertex 24.8046 -0.860726 0
      vertex 31.6324 -4.76927 0
      vertex 31.4613 -5.03274 0
    endloop
  endfacet
  facet normal -0 0 -1
    outer loop
      vertex 32.4572 3.07818 0
      vertex 24.9319 0.517637 0
      vertex 32.3447 3.37146 0
    endloop
  endfacet
  facet normal 0 0 -1
    outer loop
      vertex 24.732 -1 0
      vertex 31.4613 -5.03274 0
      vertex 31.2812 -5.29007 0
    endloop
  endfacet
  facet normal 0 0 -1
    outer loop
      vertex 24.8846 0.667384 0
      vertex 32.3447 3.37146 0
      vertex 24.9319 0.517637 0
    endloop
  endfacet
  facet normal 0 0 -1
    outer loop
      vertex 24.732 -1 0
      vertex 31.2812 -5.29007 0
      vertex 31.0921 -5.54095 0
    endloop
  endfacet
  facet normal -0 0 -1
    outer loop
      vertex 32.3447 3.37146 0
      vertex 24.8846 0.667384 0
      vertex 32.2219 3.66063 0
    endloop
  endfacet
  facet normal 0 0 -1
    outer loop
      vertex 24.6477 -1.13243 0
      vertex 31.0921 -5.54095 0
      vertex 30.8944 -5.78509 0
    endloop
  endfacet
  facet normal 0 0 -1
    outer loop
      vertex 24.8682 0.710927 0
      vertex 32.2219 3.66063 0
      vertex 24.8846 0.667384 0
    endloop
  endfacet
  facet normal 0 0 -1
    outer loop
      vertex 24.6477 -1.13243 0
      vertex 30.8944 -5.78509 0
      vertex 30.6883 -6.02217 0
    endloop
  endfacet
  facet normal -0 0 -1
    outer loop
      vertex 32.2219 3.66063 0
      vertex 24.8682 0.710927 0
      vertex 32.0891 3.94534 0
    endloop
  endfacet
  facet normal 0 0 -1
    outer loop
      vertex 24.6206 -1.17022 0
      vertex 30.6883 -6.02217 0
      vertex 30.4741 -6.25192 0
    endloop
  endfacet
  facet normal -0 0 -1
    outer loop
      vertex 32.0891 3.94534 0
      vertex 24.8682 0.710927 0
      vertex 31.9465 4.22524 0
    endloop
  endfacet
  facet normal 0 0 -1
    outer loop
      vertex 24.5498 -1.2625 0
      vertex 30.4741 -6.25192 0
      vertex 30.2519 -6.47406 0
    endloop
  endfacet
  facet normal 0 0 -1
    outer loop
      vertex 24.8238 0.81835 0
      vertex 31.9465 4.22524 0
      vertex 24.8682 0.710927 0
    endloop
  endfacet
  facet normal 0 0 -1
    outer loop
      vertex 24.5498 -1.2625 0
      vertex 30.2519 -6.47406 0
      vertex 30.0222 -6.6883 0
    endloop
  endfacet
  facet normal -0 0 -1
    outer loop
      vertex 31.9465 4.22524 0
      vertex 24.8238 0.81835 0
      vertex 31.7942 4.5 0
    endloop
  endfacet
  facet normal 0 0 -1
    outer loop
      vertex 24.5203 -1.29845 0
      vertex 30.0222 -6.6883 0
      vertex 29.7851 -6.8944 0
    endloop
  endfacet
  facet normal 0 0 -1
    outer loop
      vertex 24.8046 0.860726 0
      vertex 31.7942 4.5 0
      vertex 24.8238 0.81835 0
    endloop
  endfacet
  facet normal 0 0 -1
    outer loop
      vertex 24.4142 -1.41421 0
      vertex 29.7851 -6.8944 0
      vertex 29.541 -7.0921 0
    endloop
  endfacet
  facet normal -0 0 -1
    outer loop
      vertex 31.7942 4.5 0
      vertex 24.8046 0.860726 0
      vertex 31.6324 4.76927 0
    endloop
  endfacet
  facet normal 0 0 -1
    outer loop
      vertex 24.4142 -1.41421 0
      vertex 29.541 -7.0921 0
      vertex 29.2901 -7.28115 0
    endloop
  endfacet
  facet normal -0 0 -1
    outer loop
      vertex 31.6324 4.76927 0
      vertex 24.8046 0.860726 0
      vertex 31.4613 5.03274 0
    endloop
  endfacet
  facet normal 0 0 -1
    outer loop
      vertex 24.4142 -1.41421 0
      vertex 29.2901 -7.28115 0
      vertex 29.0327 -7.46134 0
    endloop
  endfacet
  facet normal 0 0 -1
    outer loop
      vertex 24.732 1 0
      vertex 31.4613 5.03274 0
      vertex 24.8046 0.860726 0
    endloop
  endfacet
  facet normal 0 0 -1
    outer loop
      vertex 24.2984 -1.52029 0
      vertex 29.0327 -7.46134 0
      vertex 28.7693 -7.63243 0
    endloop
  endfacet
  facet normal -0 0 -1
    outer loop
      vertex 31.4613 5.03274 0
      vertex 24.732 1 0
      vertex 31.2812 5.29007 0
    endloop
  endfacet
  facet normal 0 0 -1
    outer loop
      vertex 24.2984 -1.52029 0
      vertex 28.7693 -7.63243 0
      vertex 28.5 -7.79423 0
    endloop
  endfacet
  facet normal -0 0 -1
    outer loop
      vertex 31.2812 5.29007 0
      vertex 24.732 1 0
      vertex 31.0921 5.54095 0
    endloop
  endfacet
  facet normal 0 0 -1
    outer loop
      vertex 24.2625 -1.54979 0
      vertex 28.5 -7.79423 0
      vertex 28.2252 -7.94653 0
    endloop
  endfacet
  facet normal 0 0 -1
    outer loop
      vertex 24.6477 1.13243 0
      vertex 31.0921 5.54095 0
      vertex 24.732 1 0
    endloop
  endfacet
  facet normal 0 0 -1
    outer loop
      vertex 24.1702 -1.6206 0
      vertex 28.2252 -7.94653 0
      vertex 27.9453 -8.08915 0
    endloop
  endfacet
  facet normal -0 0 -1
    outer loop
      vertex 31.0921 5.54095 0
      vertex 24.6477 1.13243 0
      vertex 30.8944 5.78509 0
    endloop
  endfacet
  facet normal 0 0 -1
    outer loop
      vertex 24.1324 -1.64768 0
      vertex 27.9453 -8.08915 0
      vertex 27.6606 -8.22191 0
    endloop
  endfacet
  facet normal -0 0 -1
    outer loop
      vertex 30.8944 5.78509 0
      vertex 24.6477 1.13243 0
      vertex 30.6883 6.02217 0
    endloop
  endfacet
  facet normal 0 0 -1
    outer loop
      vertex 24.1324 -1.64768 0
      vertex 27.6606 -8.22191 0
      vertex 27.3715 -8.34465 0
    endloop
  endfacet
  facet normal 0 0 -1
    outer loop
      vertex 24.6206 1.17022 0
      vertex 30.6883 6.02217 0
      vertex 24.6477 1.13243 0
    endloop
  endfacet
  facet normal 0 0 -1
    outer loop
      vertex 24 -1.73205 0
      vertex 27.3715 -8.34465 0
      vertex 27.0782 -8.45723 0
    endloop
  endfacet
  facet normal -0 0 -1
    outer loop
      vertex 30.6883 6.02217 0
      vertex 24.6206 1.17022 0
      vertex 30.4741 6.25192 0
    endloop
  endfacet
  facet normal 0 0 -1
    outer loop
      vertex 24 -1.73205 0
      vertex 27.0782 -8.45723 0
      vertex 26.7812 -8.55951 0
    endloop
  endfacet
  facet normal 0 0 -1
    outer loop
      vertex 24.5498 1.2625 0
      vertex 30.4741 6.25192 0
      vertex 24.6206 1.17022 0
    endloop
  endfacet
  facet normal 0 0 -1
    outer loop
      vertex 23.8607 -1.80455 0
      vertex 26.7812 -8.55951 0
      vertex 26.4807 -8.65135 0
    endloop
  endfacet
  facet normal -0 0 -1
    outer loop
      vertex 30.4741 6.25192 0
      vertex 24.5498 1.2625 0
      vertex 30.2519 6.47406 0
    endloop
  endfacet
  facet normal 0 0 -1
    outer loop
      vertex 23.8607 -1.80455 0
      vertex 26.4807 -8.65135 0
      vertex 26.1773 -8.73266 0
    endloop
  endfacet
  facet normal -0 0 -1
    outer loop
      vertex 30.2519 6.47406 0
      vertex 24.5498 1.2625 0
      vertex 30.0222 6.6883 0
    endloop
  endfacet
  facet normal 0 0 -1
    outer loop
      vertex 23.8183 -1.82375 0
      vertex 26.1773 -8.73266 0
      vertex 25.8712 -8.80333 0
    endloop
  endfacet
  facet normal 0 0 -1
    outer loop
      vertex 24.5203 1.29845 0
      vertex 30.0222 6.6883 0
      vertex 24.5498 1.2625 0
    endloop
  endfacet
  facet normal 0 0 -1
    outer loop
      vertex 23.7109 -1.86825 0
      vertex 25.8712 -8.80333 0
      vertex 25.5628 -8.86327 0
    endloop
  endfacet
  facet normal -0 0 -1
    outer loop
      vertex 30.0222 6.6883 0
      vertex 24.5203 1.29845 0
      vertex 29.7851 6.8944 0
    endloop
  endfacet
  facet normal 0 0 -1
    outer loop
      vertex 23.6674 -1.88464 0
      vertex 25.5628 -8.86327 0
      vertex 25.2526 -8.91241 0
    endloop
  endfacet
  facet normal 0 0 -1
    outer loop
      vertex 24.4142 1.41421 0
      vertex 29.7851 6.8944 0
      vertex 24.5203 1.29845 0
    endloop
  endfacet
  facet normal -0 0 -1
    outer loop
      vertex 29.7851 6.8944 0
      vertex 24.4142 1.41421 0
      vertex 29.541 7.0921 0
    endloop
  endfacet
  facet normal 0 0 -1
    outer loop
      vertex 32.9781 -0.627808 0
      vertex 24.9932 -0.156865 0
      vertex 25 0 0
    endloop
  endfacet
  facet normal 0 0 -1
    outer loop
      vertex 32.9124 -1.25256 0
      vertex 24.9886 -0.203152 0
      vertex 24.9932 -0.156865 0
    endloop
  endfacet
  facet normal 0 0 -1
    outer loop
      vertex 32.8633 -1.56283 0
      vertex 24.9734 -0.318453 0
      vertex 24.9886 -0.203152 0
    endloop
  endfacet
  facet normal 0 0 -1
    outer loop
      vertex 32.8033 -1.8712 0
      vertex 24.9658 -0.364345 0
      vertex 24.9734 -0.318453 0
    endloop
  endfacet
  facet normal 0 0 -1
    outer loop
      vertex 23.6674 -1.88464 0
      vertex 25.2526 -8.91241 0
      vertex 24.9408 -8.9507 0
    endloop
  endfacet
  facet normal 0 0 -1
    outer loop
      vertex 32.6514 -2.48074 0
      vertex 24.9319 -0.517637 0
      vertex 24.9658 -0.364345 0
    endloop
  endfacet
  facet normal 0 0 -1
    outer loop
      vertex 32.3447 -3.37146 0
      vertex 24.8846 -0.667384 0
      vertex 24.9319 -0.517637 0
    endloop
  endfacet
  facet normal 0 0 -1
    outer loop
      vertex 32.2219 -3.66063 0
      vertex 24.8682 -0.710927 0
      vertex 24.8846 -0.667384 0
    endloop
  endfacet
  facet normal 0 0 -1
    outer loop
      vertex 31.9465 -4.22524 0
      vertex 24.8238 -0.81835 0
      vertex 24.8682 -0.710927 0
    endloop
  endfacet
  facet normal 0 0 -1
    outer loop
      vertex 31.7942 -4.5 0
      vertex 24.8046 -0.860726 0
      vertex 24.8238 -0.81835 0
    endloop
  endfacet
  facet normal 0 0 -1
    outer loop
      vertex 31.4613 -5.03274 0
      vertex 24.732 -1 0
      vertex 24.8046 -0.860726 0
    endloop
  endfacet
  facet normal 0 0 -1
    outer loop
      vertex 31.0921 -5.54095 0
      vertex 24.6477 -1.13243 0
      vertex 24.732 -1 0
    endloop
  endfacet
  facet normal 0 0 -1
    outer loop
      vertex 23.5176 -1.93185 0
      vertex 24.9408 -8.9507 0
      vertex 24.6278 -8.97808 0
    endloop
  endfacet
  facet normal 0 0 -1
    outer loop
      vertex 30.6883 -6.02217 0
      vertex 24.6206 -1.17022 0
      vertex 24.6477 -1.13243 0
    endloop
  endfacet
  facet normal 0 0 -1
    outer loop
      vertex 30.4741 -6.25192 0
      vertex 24.5498 -1.2625 0
      vertex 24.6206 -1.17022 0
    endloop
  endfacet
  facet normal 0 0 -1
    outer loop
      vertex 30.0222 -6.6883 0
      vertex 24.5203 -1.29845 0
      vertex 24.5498 -1.2625 0
    endloop
  endfacet
  facet normal 0 0 -1
    outer loop
      vertex 29.7851 -6.8944 0
      vertex 24.4142 -1.41421 0
      vertex 24.5203 -1.29845 0
    endloop
  endfacet
  facet normal 0 0 -1
    outer loop
      vertex 23.5176 -1.93185 0
      vertex 24.6278 -8.97808 0
      vertex 24.3141 -8.99452 0
    endloop
  endfacet
  facet normal 0 0 -1
    outer loop
      vertex 29.0327 -7.46134 0
      vertex 24.2984 -1.52029 0
      vertex 24.4142 -1.41421 0
    endloop
  endfacet
  facet normal 0 0 -1
    outer loop
      vertex 28.5 -7.79423 0
      vertex 24.2625 -1.54979 0
      vertex 24.2984 -1.52029 0
    endloop
  endfacet
  facet normal 0 0 -1
    outer loop
      vertex 28.2252 -7.94653 0
      vertex 24.1702 -1.6206 0
      vertex 24.2625 -1.54979 0
    endloop
  endfacet
  facet normal 0 0 -1
    outer loop
      vertex 27.9453 -8.08915 0
      vertex 24.1324 -1.64768 0
      vertex 24.1702 -1.6206 0
    endloop
  endfacet
  facet normal 0 0 -1
    outer loop
      vertex 23.3643 -1.96584 0
      vertex 24.3141 -8.99452 0
      vertex 24 -9 0
    endloop
  endfacet
  facet normal 0 0 -1
    outer loop
      vertex 27.3715 -8.34465 0
      vertex 24 -1.73205 0
      vertex 24.1324 -1.64768 0
    endloop
  endfacet
  facet normal 0 0 -1
    outer loop
      vertex 26.7812 -8.55951 0
      vertex 23.8607 -1.80455 0
      vertex 24 -1.73205 0
    endloop
  endfacet
  facet normal 0 0 -1
    outer loop
      vertex 26.1773 -8.73266 0
      vertex 23.8183 -1.82375 0
      vertex 23.8607 -1.80455 0
    endloop
  endfacet
  facet normal 0 0 -1
    outer loop
      vertex 25.8712 -8.80333 0
      vertex 23.7109 -1.86825 0
      vertex 23.8183 -1.82375 0
    endloop
  endfacet
  facet normal 0 0 -1
    outer loop
      vertex 25.5628 -8.86327 0
      vertex 23.6674 -1.88464 0
      vertex 23.7109 -1.86825 0
    endloop
  endfacet
  facet normal 0 0 -1
    outer loop
      vertex 24.9408 -8.9507 0
      vertex 23.5176 -1.93185 0
      vertex 23.6674 -1.88464 0
    endloop
  endfacet
  facet normal 0 0 -1
    outer loop
      vertex 24.3141 -8.99452 0
      vertex 23.3643 -1.96584 0
      vertex 23.5176 -1.93185 0
    endloop
  endfacet
  facet normal 0 0 -1
    outer loop
      vertex 24 -9 0
      vertex 23.3185 -1.97341 0
      vertex 23.3643 -1.96584 0
    endloop
  endfacet
  facet normal 0 0 -1
    outer loop
      vertex 24 -9 0
      vertex 23.2032 -1.98859 0
      vertex 23.3185 -1.97341 0
    endloop
  endfacet
  facet normal 0 0 -1
    outer loop
      vertex 24 -9 0
      vertex 23.1569 -1.99315 0
      vertex 23.2032 -1.98859 0
    endloop
  endfacet
  facet normal 0 0 -1
    outer loop
      vertex 24 -9 0
      vertex 23 -2 0
      vertex 23.1569 -1.99315 0
    endloop
  endfacet
  facet normal 0 0 -1
    outer loop
      vertex 24 -9 0
      vertex 22.8431 -1.99315 0
      vertex 23 -2 0
    endloop
  endfacet
  facet normal 0 0 -1
    outer loop
      vertex 24 -9 0
      vertex 22.7968 -1.98859 0
      vertex 22.8431 -1.99315 0
    endloop
  endfacet
  facet normal 0 0 -1
    outer loop
      vertex 24 -9 0
      vertex 22.6815 -1.97341 0
      vertex 22.7968 -1.98859 0
    endloop
  endfacet
  facet normal 0 0 -1
    outer loop
      vertex 24 -9 0
      vertex 22.6357 -1.96584 0
      vertex 22.6815 -1.97341 0
    endloop
  endfacet
  facet normal 0 0 -1
    outer loop
      vertex 24 -9 0
      vertex 22.4824 -1.93185 0
      vertex 22.6357 -1.96584 0
    endloop
  endfacet
  facet normal 0 0 -1
    outer loop
      vertex 24 -9 0
      vertex 22.3326 -1.88464 0
      vertex 22.4824 -1.93185 0
    endloop
  endfacet
  facet normal 0 0 -1
    outer loop
      vertex 24 -9 0
      vertex 22.2891 -1.86825 0
      vertex 22.3326 -1.88464 0
    endloop
  endfacet
  facet normal 0 0 -1
    outer loop
      vertex 24 -9 0
      vertex 22.1816 -1.82375 0
      vertex 22.2891 -1.86825 0
    endloop
  endfacet
  facet normal 0 0 -1
    outer loop
      vertex 24 -9 0
      vertex 22.1393 -1.80455 0
      vertex 22.1816 -1.82375 0
    endloop
  endfacet
  facet normal 0 0 -1
    outer loop
      vertex 24 -9 0
      vertex 22 -1.73205 0
      vertex 22.1393 -1.80455 0
    endloop
  endfacet
  facet normal 0 0 -1
    outer loop
      vertex 24 -9 0
      vertex 21.8676 -1.64768 0
      vertex 22 -1.73205 0
    endloop
  endfacet
  facet normal 0 0 -1
    outer loop
      vertex 24 -9 0
      vertex 21.8298 -1.6206 0
      vertex 21.8676 -1.64768 0
    endloop
  endfacet
  facet normal 0 0 -1
    outer loop
      vertex 24 -9 0
      vertex 21.7375 -1.54979 0
      vertex 21.8298 -1.6206 0
    endloop
  endfacet
  facet normal 0 0 -1
    outer loop
      vertex 24 -9 0
      vertex 21.7016 -1.52029 0
      vertex 21.7375 -1.54979 0
    endloop
  endfacet
  facet normal 0 0 -1
    outer loop
      vertex 24 -9 0
      vertex 21.5858 -1.41421 0
      vertex 21.7016 -1.52029 0
    endloop
  endfacet
  facet normal 0 0 -1
    outer loop
      vertex 24 -9 0
      vertex 21.4797 -1.29845 0
      vertex 21.5858 -1.41421 0
    endloop
  endfacet
  facet normal 0 0 -1
    outer loop
      vertex 24 -9 0
      vertex 21.4502 -1.2625 0
      vertex 21.4797 -1.29845 0
    endloop
  endfacet
  facet normal 0 0 -1
    outer loop
      vertex 24 -9 0
      vertex 21.3794 -1.17022 0
      vertex 21.4502 -1.2625 0
    endloop
  endfacet
  facet normal 0 0 -1
    outer loop
      vertex 24 -9 0
      vertex 21.3523 -1.13243 0
      vertex 21.3794 -1.17022 0
    endloop
  endfacet
  facet normal 0 0 -1
    outer loop
      vertex 24 -9 0
      vertex 21.2679 -1 0
      vertex 21.3523 -1.13243 0
    endloop
  endfacet
  facet normal 0 0 -1
    outer loop
      vertex -21.2679 -1 0
      vertex 21.2679 -1 0
      vertex 24 -9 0
    endloop
  endfacet
  facet normal 0 0 -1
    outer loop
      vertex 21.2679 -1 0
      vertex -21.2679 -1 0
      vertex 21.1954 -0.860726 0
    endloop
  endfacet
  facet normal 0 -0 -1
    outer loop
      vertex -21.1954 -0.860726 0
      vertex 21.1954 -0.860726 0
      vertex -21.2679 -1 0
    endloop
  endfacet
  facet normal 0 0 -1
    outer loop
      vertex 21.1954 -0.860726 0
      vertex -21.1954 -0.860726 0
      vertex 21.1762 -0.81835 0
    endloop
  endfacet
  facet normal 0 0 -1
    outer loop
      vertex 21.0068 -0.156867 0
      vertex -21 0 0
      vertex 21 0 0
    endloop
  endfacet
  facet normal 0 0 -1
    outer loop
      vertex -21.0068 -0.156867 0
      vertex 21.0068 -0.156867 0
      vertex 21.0114 -0.203152 0
    endloop
  endfacet
  facet normal 0 0 -1
    outer loop
      vertex -21.0114 -0.203152 0
      vertex 21.0114 -0.203152 0
      vertex 21.0266 -0.318453 0
    endloop
  endfacet
  facet normal 0 0 -1
    outer loop
      vertex -21.0266 -0.318453 0
      vertex 21.0266 -0.318453 0
      vertex 21.0342 -0.364345 0
    endloop
  endfacet
  facet normal 0 0 -1
    outer loop
      vertex -21.0342 -0.364345 0
      vertex 21.0342 -0.364345 0
      vertex 21.0681 -0.517637 0
    endloop
  endfacet
  facet normal 0 0 -1
    outer loop
      vertex -21.0681 -0.517637 0
      vertex 21.0681 -0.517637 0
      vertex 21.1154 -0.667384 0
    endloop
  endfacet
  facet normal 0 -0 -1
    outer loop
      vertex -21.1762 -0.81835 0
      vertex 21.1762 -0.81835 0
      vertex -21.1954 -0.860726 0
    endloop
  endfacet
  facet normal 0 0 -1
    outer loop
      vertex 21.0068 -0.156867 0
      vertex -21.0068 -0.156867 0
      vertex -21 0 0
    endloop
  endfacet
  facet normal 0 0 -1
    outer loop
      vertex 21.0114 -0.203152 0
      vertex -21.0114 -0.203152 0
      vertex -21.0068 -0.156867 0
    endloop
  endfacet
  facet normal 0 0 -1
    outer loop
      vertex 21.0266 -0.318453 0
      vertex -21.0266 -0.318453 0
      vertex -21.0114 -0.203152 0
    endloop
  endfacet
  facet normal 0 0 -1
    outer loop
      vertex 21.0342 -0.364345 0
      vertex -21.0342 -0.364345 0
      vertex -21.0266 -0.318453 0
    endloop
  endfacet
  facet normal 0 0 -1
    outer loop
      vertex 21.0681 -0.517637 0
      vertex -21.0681 -0.517637 0
      vertex -21.0342 -0.364345 0
    endloop
  endfacet
  facet normal 0 0 -1
    outer loop
      vertex 21.1154 -0.667384 0
      vertex -21.1154 -0.667384 0
      vertex -21.0681 -0.517637 0
    endloop
  endfacet
  facet normal -0 0 -1
    outer loop
      vertex 21.1154 -0.667384 0
      vertex -21.1318 -0.710927 0
      vertex -21.1154 -0.667384 0
    endloop
  endfacet
  facet normal 0 0 -1
    outer loop
      vertex 21.1318 -0.710927 0
      vertex -21.1318 -0.710927 0
      vertex 21.1154 -0.667384 0
    endloop
  endfacet
  facet normal 0 -0 -1
    outer loop
      vertex -21.1318 -0.710927 0
      vertex 21.1318 -0.710927 0
      vertex -21.1762 -0.81835 0
    endloop
  endfacet
  facet normal 0 0 -1
    outer loop
      vertex 21.1762 -0.81835 0
      vertex -21.1762 -0.81835 0
      vertex 21.1318 -0.710927 0
    endloop
  endfacet
  facet normal 0 0 -1
    outer loop
      vertex -24 -9 0
      vertex -21.2679 -1 0
      vertex 24 -9 0
    endloop
  endfacet
  facet normal 0 0 -1
    outer loop
      vertex -21.2679 -1 0
      vertex -24 -9 0
      vertex -21.3523 -1.13243 0
    endloop
  endfacet
  facet normal 0 0 -1
    outer loop
      vertex -21.3523 -1.13243 0
      vertex -24 -9 0
      vertex -21.3794 -1.17022 0
    endloop
  endfacet
  facet normal 0 0 -1
    outer loop
      vertex -21.3794 -1.17022 0
      vertex -24 -9 0
      vertex -21.4502 -1.2625 0
    endloop
  endfacet
  facet normal 0 0 -1
    outer loop
      vertex -21.4502 -1.2625 0
      vertex -24 -9 0
      vertex -21.4797 -1.29845 0
    endloop
  endfacet
  facet normal 0 0 -1
    outer loop
      vertex -21.4797 -1.29845 0
      vertex -24 -9 0
      vertex -21.5858 -1.41421 0
    endloop
  endfacet
  facet normal 0 0 -1
    outer loop
      vertex -21.5858 -1.41421 0
      vertex -24 -9 0
      vertex -21.7016 -1.52029 0
    endloop
  endfacet
  facet normal 0 0 -1
    outer loop
      vertex -21.7016 -1.52029 0
      vertex -24 -9 0
      vertex -21.7375 -1.54979 0
    endloop
  endfacet
  facet normal 0 0 -1
    outer loop
      vertex -21.7375 -1.54979 0
      vertex -24 -9 0
      vertex -21.8298 -1.6206 0
    endloop
  endfacet
  facet normal 0 0 -1
    outer loop
      vertex -21.8298 -1.6206 0
      vertex -24 -9 0
      vertex -21.8676 -1.64768 0
    endloop
  endfacet
  facet normal 0 0 -1
    outer loop
      vertex -21.8676 -1.64768 0
      vertex -24 -9 0
      vertex -22 -1.73205 0
    endloop
  endfacet
  facet normal 0 0 -1
    outer loop
      vertex -22 -1.73205 0
      vertex -24 -9 0
      vertex -22.1393 -1.80455 0
    endloop
  endfacet
  facet normal 0 0 -1
    outer loop
      vertex -22.1393 -1.80455 0
      vertex -24 -9 0
      vertex -22.1816 -1.82375 0
    endloop
  endfacet
  facet normal 0 0 -1
    outer loop
      vertex -22.1816 -1.82375 0
      vertex -24 -9 0
      vertex -22.2891 -1.86825 0
    endloop
  endfacet
  facet normal 0 0 -1
    outer loop
      vertex -22.2891 -1.86825 0
      vertex -24 -9 0
      vertex -22.3326 -1.88464 0
    endloop
  endfacet
  facet normal 0 0 -1
    outer loop
      vertex -22.3326 -1.88464 0
      vertex -24 -9 0
      vertex -22.4824 -1.93185 0
    endloop
  endfacet
  facet normal 0 0 -1
    outer loop
      vertex -22.4824 -1.93185 0
      vertex -24 -9 0
      vertex -22.6357 -1.96584 0
    endloop
  endfacet
  facet normal 0 0 -1
    outer loop
      vertex -22.6357 -1.96584 0
      vertex -24 -9 0
      vertex -22.6815 -1.97341 0
    endloop
  endfacet
  facet normal 0 0 -1
    outer loop
      vertex -22.6815 -1.97341 0
      vertex -24 -9 0
      vertex -22.7968 -1.98859 0
    endloop
  endfacet
  facet normal 0 0 -1
    outer loop
      vertex -22.7968 -1.98859 0
      vertex -24 -9 0
      vertex -22.8431 -1.99315 0
    endloop
  endfacet
  facet normal 0 0 -1
    outer loop
      vertex -22.8431 -1.99315 0
      vertex -24 -9 0
      vertex -23 -2 0
    endloop
  endfacet
  facet normal -0 0 -1
    outer loop
      vertex -23 -2 0
      vertex -24 -9 0
      vertex -23.1569 -1.99315 0
    endloop
  endfacet
  facet normal -0 0 -1
    outer loop
      vertex -23.1569 -1.99315 0
      vertex -24 -9 0
      vertex -23.2032 -1.98859 0
    endloop
  endfacet
  facet normal -0 0 -1
    outer loop
      vertex -23.2032 -1.98859 0
      vertex -24 -9 0
      vertex -23.3185 -1.97341 0
    endloop
  endfacet
  facet normal 0 0 -1
    outer loop
      vertex -24 -9 0
      vertex -23.3643 -1.96584 0
      vertex -23.3185 -1.97341 0
    endloop
  endfacet
  facet normal 0 0 -1
    outer loop
      vertex -24.3141 -8.99452 0
      vertex -23.3643 -1.96584 0
      vertex -24 -9 0
    endloop
  endfacet
  facet normal -0 0 -1
    outer loop
      vertex -23.3643 -1.96584 0
      vertex -24.3141 -8.99452 0
      vertex -23.5176 -1.93185 0
    endloop
  endfacet
  facet normal 0 0 -1
    outer loop
      vertex -24.6278 -8.97808 0
      vertex -23.5176 -1.93185 0
      vertex -24.3141 -8.99452 0
    endloop
  endfacet
  facet normal 0 0 -1
    outer loop
      vertex -24.9408 -8.9507 0
      vertex -23.5176 -1.93185 0
      vertex -24.6278 -8.97808 0
    endloop
  endfacet
  facet normal -0 0 -1
    outer loop
      vertex -23.5176 -1.93185 0
      vertex -24.9408 -8.9507 0
      vertex -23.6674 -1.88464 0
    endloop
  endfacet
  facet normal 0 0 -1
    outer loop
      vertex -25.2526 -8.91241 0
      vertex -23.6674 -1.88464 0
      vertex -24.9408 -8.9507 0
    endloop
  endfacet
  facet normal 0 0 -1
    outer loop
      vertex -25.5628 -8.86327 0
      vertex -23.6674 -1.88464 0
      vertex -25.2526 -8.91241 0
    endloop
  endfacet
  facet normal -0 0 -1
    outer loop
      vertex -23.6674 -1.88464 0
      vertex -25.5628 -8.86327 0
      vertex -23.7109 -1.86825 0
    endloop
  endfacet
  facet normal 0 0 -1
    outer loop
      vertex -25.8712 -8.80333 0
      vertex -23.7109 -1.86825 0
      vertex -25.5628 -8.86327 0
    endloop
  endfacet
  facet normal -0 0 -1
    outer loop
      vertex -23.7109 -1.86825 0
      vertex -25.8712 -8.80333 0
      vertex -23.8183 -1.82375 0
    endloop
  endfacet
  facet normal 0 0 -1
    outer loop
      vertex -26.1773 -8.73266 0
      vertex -23.8183 -1.82375 0
      vertex -25.8712 -8.80333 0
    endloop
  endfacet
  facet normal -0 0 -1
    outer loop
      vertex -23.8183 -1.82375 0
      vertex -26.1773 -8.73266 0
      vertex -23.8607 -1.80455 0
    endloop
  endfacet
  facet normal 0 0 -1
    outer loop
      vertex -26.4807 -8.65135 0
      vertex -23.8607 -1.80455 0
      vertex -26.1773 -8.73266 0
    endloop
  endfacet
  facet normal 0 0 -1
    outer loop
      vertex -26.7812 -8.55951 0
      vertex -23.8607 -1.80455 0
      vertex -26.4807 -8.65135 0
    endloop
  endfacet
  facet normal -0 0 -1
    outer loop
      vertex -23.8607 -1.80455 0
      vertex -26.7812 -8.55951 0
      vertex -24 -1.73205 0
    endloop
  endfacet
  facet normal 0 0 -1
    outer loop
      vertex -27.0782 -8.45723 0
      vertex -24 -1.73205 0
      vertex -26.7812 -8.55951 0
    endloop
  endfacet
  facet normal 0 0 -1
    outer loop
      vertex -27.3715 -8.34465 0
      vertex -24 -1.73205 0
      vertex -27.0782 -8.45723 0
    endloop
  endfacet
  facet normal -0 0 -1
    outer loop
      vertex -24 -1.73205 0
      vertex -27.3715 -8.34465 0
      vertex -24.1324 -1.64768 0
    endloop
  endfacet
  facet normal 0 0 -1
    outer loop
      vertex -27.6606 -8.22191 0
      vertex -24.1324 -1.64768 0
      vertex -27.3715 -8.34465 0
    endloop
  endfacet
  facet normal 0 0 -1
    outer loop
      vertex -27.9453 -8.08915 0
      vertex -24.1324 -1.64768 0
      vertex -27.6606 -8.22191 0
    endloop
  endfacet
  facet normal -0 0 -1
    outer loop
      vertex -24.1324 -1.64768 0
      vertex -27.9453 -8.08915 0
      vertex -24.1702 -1.6206 0
    endloop
  endfacet
  facet normal 0 0 -1
    outer loop
      vertex -28.2252 -7.94653 0
      vertex -24.1702 -1.6206 0
      vertex -27.9453 -8.08915 0
    endloop
  endfacet
  facet normal -0 0 -1
    outer loop
      vertex -24.1702 -1.6206 0
      vertex -28.2252 -7.94653 0
      vertex -24.2625 -1.54979 0
    endloop
  endfacet
  facet normal 0 0 -1
    outer loop
      vertex -28.5 -7.79423 0
      vertex -24.2625 -1.54979 0
      vertex -28.2252 -7.94653 0
    endloop
  endfacet
  facet normal -0 0 -1
    outer loop
      vertex -24.2625 -1.54979 0
      vertex -28.5 -7.79423 0
      vertex -24.2984 -1.52029 0
    endloop
  endfacet
  facet normal 0 0 -1
    outer loop
      vertex -28.7693 -7.63243 0
      vertex -24.2984 -1.52029 0
      vertex -28.5 -7.79423 0
    endloop
  endfacet
  facet normal 0 0 -1
    outer loop
      vertex -29.0327 -7.46134 0
      vertex -24.2984 -1.52029 0
      vertex -28.7693 -7.63243 0
    endloop
  endfacet
  facet normal -0 0 -1
    outer loop
      vertex -24.2984 -1.52029 0
      vertex -29.0327 -7.46134 0
      vertex -24.4142 -1.41421 0
    endloop
  endfacet
  facet normal 0 0 -1
    outer loop
      vertex -29.2901 -7.28115 0
      vertex -24.4142 -1.41421 0
      vertex -29.0327 -7.46134 0
    endloop
  endfacet
  facet normal 0 0 -1
    outer loop
      vertex -29.541 -7.0921 0
      vertex -24.4142 -1.41421 0
      vertex -29.2901 -7.28115 0
    endloop
  endfacet
  facet normal -0 0 -1
    outer loop
      vertex 29.541 7.0921 0
      vertex 24.4142 1.41421 0
      vertex 29.2901 7.28115 0
    endloop
  endfacet
  facet normal -0 0 -1
    outer loop
      vertex 29.2901 7.28115 0
      vertex 24.4142 1.41421 0
      vertex 29.0327 7.46134 0
    endloop
  endfacet
  facet normal 0 0 -1
    outer loop
      vertex 24.2984 1.52029 0
      vertex 29.0327 7.46134 0
      vertex 24.4142 1.41421 0
    endloop
  endfacet
  facet normal -0 0 -1
    outer loop
      vertex 29.0327 7.46134 0
      vertex 24.2984 1.52029 0
      vertex 28.7693 7.63243 0
    endloop
  endfacet
  facet normal -0 0 -1
    outer loop
      vertex 28.7693 7.63243 0
      vertex 24.2984 1.52029 0
      vertex 28.5 7.79423 0
    endloop
  endfacet
  facet normal 0 0 -1
    outer loop
      vertex 24.2625 1.54979 0
      vertex 28.5 7.79423 0
      vertex 24.2984 1.52029 0
    endloop
  endfacet
  facet normal -0 0 -1
    outer loop
      vertex 28.5 7.79423 0
      vertex 24.2625 1.54979 0
      vertex 28.2252 7.94653 0
    endloop
  endfacet
  facet normal 0 0 -1
    outer loop
      vertex 24.1702 1.6206 0
      vertex 28.2252 7.94653 0
      vertex 24.2625 1.54979 0
    endloop
  endfacet
  facet normal -0 0 -1
    outer loop
      vertex 28.2252 7.94653 0
      vertex 24.1702 1.6206 0
      vertex 27.9453 8.08915 0
    endloop
  endfacet
  facet normal 0 0 -1
    outer loop
      vertex 24.1324 1.64768 0
      vertex 27.9453 8.08915 0
      vertex 24.1702 1.6206 0
    endloop
  endfacet
  facet normal -0 0 -1
    outer loop
      vertex 27.9453 8.08915 0
      vertex 24.1324 1.64768 0
      vertex 27.6606 8.22191 0
    endloop
  endfacet
  facet normal -0 0 -1
    outer loop
      vertex 27.6606 8.22191 0
      vertex 24.1324 1.64768 0
      vertex 27.3715 8.34465 0
    endloop
  endfacet
  facet normal 0 0 -1
    outer loop
      vertex 24 1.73205 0
      vertex 27.3715 8.34465 0
      vertex 24.1324 1.64768 0
    endloop
  endfacet
  facet normal -0 0 -1
    outer loop
      vertex 27.3715 8.34465 0
      vertex 24 1.73205 0
      vertex 27.0782 8.45723 0
    endloop
  endfacet
  facet normal -0 0 -1
    outer loop
      vertex 27.0782 8.45723 0
      vertex 24 1.73205 0
      vertex 26.7812 8.55951 0
    endloop
  endfacet
  facet normal 0 0 -1
    outer loop
      vertex 23.8607 1.80455 0
      vertex 26.7812 8.55951 0
      vertex 24 1.73205 0
    endloop
  endfacet
  facet normal -0 0 -1
    outer loop
      vertex 26.7812 8.55951 0
      vertex 23.8607 1.80455 0
      vertex 26.4807 8.65135 0
    endloop
  endfacet
  facet normal -0 0 -1
    outer loop
      vertex 26.4807 8.65135 0
      vertex 23.8607 1.80455 0
      vertex 26.1773 8.73266 0
    endloop
  endfacet
  facet normal 0 0 -1
    outer loop
      vertex 23.8183 1.82375 0
      vertex 26.1773 8.73266 0
      vertex 23.8607 1.80455 0
    endloop
  endfacet
  facet normal -0 0 -1
    outer loop
      vertex 26.1773 8.73266 0
      vertex 23.8183 1.82375 0
      vertex 25.8712 8.80333 0
    endloop
  endfacet
  facet normal 0 0 -1
    outer loop
      vertex 23.7109 1.86825 0
      vertex 25.8712 8.80333 0
      vertex 23.8183 1.82375 0
    endloop
  endfacet
  facet normal -0 0 -1
    outer loop
      vertex 25.8712 8.80333 0
      vertex 23.7109 1.86825 0
      vertex 25.5628 8.86327 0
    endloop
  endfacet
  facet normal 0 0 -1
    outer loop
      vertex 23.6674 1.88464 0
      vertex 25.5628 8.86327 0
      vertex 23.7109 1.86825 0
    endloop
  endfacet
  facet normal -0 0 -1
    outer loop
      vertex 25.5628 8.86327 0
      vertex 23.6674 1.88464 0
      vertex 25.2526 8.91241 0
    endloop
  endfacet
  facet normal -0 0 -1
    outer loop
      vertex 25.2526 8.91241 0
      vertex 23.6674 1.88464 0
      vertex 24.9408 8.9507 0
    endloop
  endfacet
  facet normal 0 0 -1
    outer loop
      vertex 23.5176 1.93185 0
      vertex 24.9408 8.9507 0
      vertex 23.6674 1.88464 0
    endloop
  endfacet
  facet normal -0 0 -1
    outer loop
      vertex 24.9408 8.9507 0
      vertex 23.5176 1.93185 0
      vertex 24.6278 8.97808 0
    endloop
  endfacet
  facet normal -0 0 -1
    outer loop
      vertex 24.6278 8.97808 0
      vertex 23.5176 1.93185 0
      vertex 24.3141 8.99452 0
    endloop
  endfacet
  facet normal 0 0 -1
    outer loop
      vertex 23.3643 1.96584 0
      vertex 24.3141 8.99452 0
      vertex 23.5176 1.93185 0
    endloop
  endfacet
  facet normal -0 0 -1
    outer loop
      vertex 24.3141 8.99452 0
      vertex 23.3643 1.96584 0
      vertex 24 9 0
    endloop
  endfacet
  facet normal 0 0 -1
    outer loop
      vertex 23.3185 1.97341 0
      vertex 24 9 0
      vertex 23.3643 1.96584 0
    endloop
  endfacet
  facet normal 0 0 -1
    outer loop
      vertex 23.2032 1.98859 0
      vertex 24 9 0
      vertex 23.3185 1.97341 0
    endloop
  endfacet
  facet normal 0 0 -1
    outer loop
      vertex 23.1569 1.99315 0
      vertex 24 9 0
      vertex 23.2032 1.98859 0
    endloop
  endfacet
  facet normal 0 0 -1
    outer loop
      vertex 23 2 0
      vertex 24 9 0
      vertex 23.1569 1.99315 0
    endloop
  endfacet
  facet normal 0 0 -1
    outer loop
      vertex 22.8431 1.99315 0
      vertex 24 9 0
      vertex 23 2 0
    endloop
  endfacet
  facet normal 0 0 -1
    outer loop
      vertex 22.7968 1.98859 0
      vertex 24 9 0
      vertex 22.8431 1.99315 0
    endloop
  endfacet
  facet normal 0 0 -1
    outer loop
      vertex 22.6815 1.97341 0
      vertex 24 9 0
      vertex 22.7968 1.98859 0
    endloop
  endfacet
  facet normal 0 0 -1
    outer loop
      vertex 22.6357 1.96584 0
      vertex 24 9 0
      vertex 22.6815 1.97341 0
    endloop
  endfacet
  facet normal 0 0 -1
    outer loop
      vertex 22.4824 1.93185 0
      vertex 24 9 0
      vertex 22.6357 1.96584 0
    endloop
  endfacet
  facet normal 0 0 -1
    outer loop
      vertex 22.3326 1.88464 0
      vertex 24 9 0
      vertex 22.4824 1.93185 0
    endloop
  endfacet
  facet normal 0 0 -1
    outer loop
      vertex 22.2891 1.86825 0
      vertex 24 9 0
      vertex 22.3326 1.88464 0
    endloop
  endfacet
  facet normal 0 0 -1
    outer loop
      vertex 22.1816 1.82375 0
      vertex 24 9 0
      vertex 22.2891 1.86825 0
    endloop
  endfacet
  facet normal 0 0 -1
    outer loop
      vertex 22.1393 1.80455 0
      vertex 24 9 0
      vertex 22.1816 1.82375 0
    endloop
  endfacet
  facet normal 0 0 -1
    outer loop
      vertex 22 1.73205 0
      vertex 24 9 0
      vertex 22.1393 1.80455 0
    endloop
  endfacet
  facet normal 0 0 -1
    outer loop
      vertex 21.8676 1.64768 0
      vertex 24 9 0
      vertex 22 1.73205 0
    endloop
  endfacet
  facet normal 0 0 -1
    outer loop
      vertex 21.8298 1.6206 0
      vertex 24 9 0
      vertex 21.8676 1.64768 0
    endloop
  endfacet
  facet normal 0 0 -1
    outer loop
      vertex 21.7375 1.54979 0
      vertex 24 9 0
      vertex 21.8298 1.6206 0
    endloop
  endfacet
  facet normal 0 0 -1
    outer loop
      vertex 21.7016 1.52029 0
      vertex 24 9 0
      vertex 21.7375 1.54979 0
    endloop
  endfacet
  facet normal 0 0 -1
    outer loop
      vertex 21.5858 1.41421 0
      vertex 24 9 0
      vertex 21.7016 1.52029 0
    endloop
  endfacet
  facet normal 0 0 -1
    outer loop
      vertex 21.4797 1.29845 0
      vertex 24 9 0
      vertex 21.5858 1.41421 0
    endloop
  endfacet
  facet normal 0 0 -1
    outer loop
      vertex 21.4502 1.2625 0
      vertex 24 9 0
      vertex 21.4797 1.29845 0
    endloop
  endfacet
  facet normal 0 0 -1
    outer loop
      vertex 21.3794 1.17022 0
      vertex 24 9 0
      vertex 21.4502 1.2625 0
    endloop
  endfacet
  facet normal 0 0 -1
    outer loop
      vertex 21.3523 1.13243 0
      vertex 24 9 0
      vertex 21.3794 1.17022 0
    endloop
  endfacet
  facet normal 0 0 -1
    outer loop
      vertex 21.2679 1 0
      vertex 24 9 0
      vertex 21.3523 1.13243 0
    endloop
  endfacet
  facet normal 0 0 -1
    outer loop
      vertex -21.2679 1 0
      vertex 21.2679 1 0
      vertex 21.1954 0.860726 0
    endloop
  endfacet
  facet normal 0 0 -1
    outer loop
      vertex -21.1954 0.860726 0
      vertex 21.1954 0.860726 0
      vertex 21.1762 0.81835 0
    endloop
  endfacet
  facet normal 0 0 -1
    outer loop
      vertex -21.1762 0.81835 0
      vertex 21.1762 0.81835 0
      vertex 21.1318 0.710927 0
    endloop
  endfacet
  facet normal 0 0 -1
    outer loop
      vertex -21.1318 0.710927 0
      vertex 21.1318 0.710927 0
      vertex 21.1154 0.667384 0
    endloop
  endfacet
  facet normal 0 0 -1
    outer loop
      vertex -21 0 0
      vertex 21.0068 0.156867 0
      vertex 21 0 0
    endloop
  endfacet
  facet normal 0 0 -1
    outer loop
      vertex -21.0068 0.156867 0
      vertex 21.0068 0.156867 0
      vertex -21 0 0
    endloop
  endfacet
  facet normal 0 0 -1
    outer loop
      vertex 21.0068 0.156867 0
      vertex -21.0068 0.156867 0
      vertex 21.0114 0.203152 0
    endloop
  endfacet
  facet normal 0 0 -1
    outer loop
      vertex -21.0114 0.203152 0
      vertex 21.0114 0.203152 0
      vertex -21.0068 0.156867 0
    endloop
  endfacet
  facet normal 0 0 -1
    outer loop
      vertex 21.0114 0.203152 0
      vertex -21.0114 0.203152 0
      vertex 21.0266 0.318453 0
    endloop
  endfacet
  facet normal 0 0 -1
    outer loop
      vertex -21.0266 0.318453 0
      vertex 21.0266 0.318453 0
      vertex -21.0114 0.203152 0
    endloop
  endfacet
  facet normal 0 0 -1
    outer loop
      vertex 21.0266 0.318453 0
      vertex -21.0266 0.318453 0
      vertex 21.0342 0.364345 0
    endloop
  endfacet
  facet normal 0 0 -1
    outer loop
      vertex -21.0342 0.364345 0
      vertex 21.0342 0.364345 0
      vertex -21.0266 0.318453 0
    endloop
  endfacet
  facet normal 0 0 -1
    outer loop
      vertex 21.0342 0.364345 0
      vertex -21.0342 0.364345 0
      vertex 21.0681 0.517637 0
    endloop
  endfacet
  facet normal 0 0 -1
    outer loop
      vertex -21.0681 0.517637 0
      vertex 21.0681 0.517637 0
      vertex -21.0342 0.364345 0
    endloop
  endfacet
  facet normal 0 0 -1
    outer loop
      vertex 21.0681 0.517637 0
      vertex -21.0681 0.517637 0
      vertex 21.1154 0.667384 0
    endloop
  endfacet
  facet normal 0 0 -1
    outer loop
      vertex -21.1154 0.667384 0
      vertex 21.1154 0.667384 0
      vertex -21.0681 0.517637 0
    endloop
  endfacet
  facet normal 0 0 -1
    outer loop
      vertex -21.1318 0.710927 0
      vertex 21.1154 0.667384 0
      vertex -21.1154 0.667384 0
    endloop
  endfacet
  facet normal 0 0 -1
    outer loop
      vertex 21.1318 0.710927 0
      vertex -21.1318 0.710927 0
      vertex -21.1762 0.81835 0
    endloop
  endfacet
  facet normal 0 0 -1
    outer loop
      vertex 21.1762 0.81835 0
      vertex -21.1762 0.81835 0
      vertex -21.1954 0.860726 0
    endloop
  endfacet
  facet normal 0 0 -1
    outer loop
      vertex 21.1954 0.860726 0
      vertex -21.1954 0.860726 0
      vertex -21.2679 1 0
    endloop
  endfacet
  facet normal 0 0 -1
    outer loop
      vertex 21.2679 1 0
      vertex -21.2679 1 0
      vertex 24 9 0
    endloop
  endfacet
  facet normal 0 0 -1
    outer loop
      vertex -24 9 0
      vertex -21.2679 1 0
      vertex -21.3523 1.13243 0
    endloop
  endfacet
  facet normal 0 0 -1
    outer loop
      vertex -24 9 0
      vertex -21.3523 1.13243 0
      vertex -21.3794 1.17022 0
    endloop
  endfacet
  facet normal 0 0 -1
    outer loop
      vertex -24 9 0
      vertex -21.3794 1.17022 0
      vertex -21.4502 1.2625 0
    endloop
  endfacet
  facet normal 0 0 -1
    outer loop
      vertex -24 9 0
      vertex -21.4502 1.2625 0
      vertex -21.4797 1.29845 0
    endloop
  endfacet
  facet normal 0 0 -1
    outer loop
      vertex -24 9 0
      vertex -21.4797 1.29845 0
      vertex -21.5858 1.41421 0
    endloop
  endfacet
  facet normal 0 0 -1
    outer loop
      vertex -24 9 0
      vertex -21.5858 1.41421 0
      vertex -21.7016 1.52029 0
    endloop
  endfacet
  facet normal 0 0 -1
    outer loop
      vertex -24 9 0
      vertex -21.7016 1.52029 0
      vertex -21.7375 1.54979 0
    endloop
  endfacet
  facet normal 0 0 -1
    outer loop
      vertex -24 9 0
      vertex -21.7375 1.54979 0
      vertex -21.8298 1.6206 0
    endloop
  endfacet
  facet normal 0 0 -1
    outer loop
      vertex -24 9 0
      vertex -21.8298 1.6206 0
      vertex -21.8676 1.64768 0
    endloop
  endfacet
  facet normal 0 0 -1
    outer loop
      vertex -24 9 0
      vertex -21.8676 1.64768 0
      vertex -22 1.73205 0
    endloop
  endfacet
  facet normal 0 0 -1
    outer loop
      vertex -24 9 0
      vertex -22 1.73205 0
      vertex -22.1393 1.80455 0
    endloop
  endfacet
  facet normal 0 0 -1
    outer loop
      vertex -24 9 0
      vertex -22.1393 1.80455 0
      vertex -22.1816 1.82375 0
    endloop
  endfacet
  facet normal 0 0 -1
    outer loop
      vertex -24 9 0
      vertex -22.1816 1.82375 0
      vertex -22.2891 1.86825 0
    endloop
  endfacet
  facet normal 0 0 -1
    outer loop
      vertex -24 9 0
      vertex -22.2891 1.86825 0
      vertex -22.3326 1.88464 0
    endloop
  endfacet
  facet normal 0 0 -1
    outer loop
      vertex -24 9 0
      vertex -22.3326 1.88464 0
      vertex -22.4824 1.93185 0
    endloop
  endfacet
  facet normal 0 0 -1
    outer loop
      vertex -24 9 0
      vertex -22.4824 1.93185 0
      vertex -22.6357 1.96584 0
    endloop
  endfacet
  facet normal 0 0 -1
    outer loop
      vertex -24 9 0
      vertex -22.6357 1.96584 0
      vertex -22.6815 1.97341 0
    endloop
  endfacet
  facet normal 0 0 -1
    outer loop
      vertex -24 9 0
      vertex -22.6815 1.97341 0
      vertex -22.7968 1.98859 0
    endloop
  endfacet
  facet normal 0 0 -1
    outer loop
      vertex -24 9 0
      vertex -22.7968 1.98859 0
      vertex -22.8431 1.99315 0
    endloop
  endfacet
  facet normal 0 0 -1
    outer loop
      vertex -24 9 0
      vertex -22.8431 1.99315 0
      vertex -23 2 0
    endloop
  endfacet
  facet normal 0 0 -1
    outer loop
      vertex -24 9 0
      vertex -23 2 0
      vertex -23.1569 1.99315 0
    endloop
  endfacet
  facet normal 0 0 -1
    outer loop
      vertex -24 9 0
      vertex -23.1569 1.99315 0
      vertex -23.2032 1.98859 0
    endloop
  endfacet
  facet normal 0 0 -1
    outer loop
      vertex -24 9 0
      vertex -23.2032 1.98859 0
      vertex -23.3185 1.97341 0
    endloop
  endfacet
  facet normal 0 0 -1
    outer loop
      vertex -21.2679 1 0
      vertex -24 9 0
      vertex 24 9 0
    endloop
  endfacet
  facet normal 0 0 -1
    outer loop
      vertex -23.3643 1.96584 0
      vertex -24 9 0
      vertex -23.3185 1.97341 0
    endloop
  endfacet
  facet normal 0 0 -1
    outer loop
      vertex -24.3141 8.99452 0
      vertex -23.3643 1.96584 0
      vertex -23.5176 1.93185 0
    endloop
  endfacet
  facet normal 0 0 -1
    outer loop
      vertex -24.9408 8.9507 0
      vertex -23.5176 1.93185 0
      vertex -23.6674 1.88464 0
    endloop
  endfacet
  facet normal 0 0 -1
    outer loop
      vertex -25.5628 8.86327 0
      vertex -23.6674 1.88464 0
      vertex -23.7109 1.86825 0
    endloop
  endfacet
  facet normal 0 0 -1
    outer loop
      vertex -25.8712 8.80333 0
      vertex -23.7109 1.86825 0
      vertex -23.8183 1.82375 0
    endloop
  endfacet
  facet normal 0 0 -1
    outer loop
      vertex -26.1773 8.73266 0
      vertex -23.8183 1.82375 0
      vertex -23.8607 1.80455 0
    endloop
  endfacet
  facet normal 0 0 -1
    outer loop
      vertex -26.7812 8.55951 0
      vertex -23.8607 1.80455 0
      vertex -24 1.73205 0
    endloop
  endfacet
  facet normal 0 0 -1
    outer loop
      vertex -27.3715 8.34465 0
      vertex -24 1.73205 0
      vertex -24.1324 1.64768 0
    endloop
  endfacet
  facet normal 0 0 -1
    outer loop
      vertex -27.9453 8.08915 0
      vertex -24.1324 1.64768 0
      vertex -24.1702 1.6206 0
    endloop
  endfacet
  facet normal 0 0 -1
    outer loop
      vertex -28.2252 7.94653 0
      vertex -24.1702 1.6206 0
      vertex -24.2625 1.54979 0
    endloop
  endfacet
  facet normal 0 0 -1
    outer loop
      vertex -28.5 7.79423 0
      vertex -24.2625 1.54979 0
      vertex -24.2984 1.52029 0
    endloop
  endfacet
  facet normal 0 0 -1
    outer loop
      vertex -23.3643 1.96584 0
      vertex -24.3141 8.99452 0
      vertex -24 9 0
    endloop
  endfacet
  facet normal 0 0 -1
    outer loop
      vertex -29.0327 7.46134 0
      vertex -24.2984 1.52029 0
      vertex -24.4142 1.41421 0
    endloop
  endfacet
  facet normal 0 0 -1
    outer loop
      vertex -29.7851 6.8944 0
      vertex -24.4142 1.41421 0
      vertex -24.5203 1.29845 0
    endloop
  endfacet
  facet normal 0 0 -1
    outer loop
      vertex -30.0222 6.6883 0
      vertex -24.5203 1.29845 0
      vertex -24.5498 1.2625 0
    endloop
  endfacet
  facet normal 0 0 -1
    outer loop
      vertex -30.4741 6.25192 0
      vertex -24.5498 1.2625 0
      vertex -24.6206 1.17022 0
    endloop
  endfacet
  facet normal 0 0 -1
    outer loop
      vertex -23.5176 1.93185 0
      vertex -24.6278 8.97808 0
      vertex -24.3141 8.99452 0
    endloop
  endfacet
  facet normal 0 0 -1
    outer loop
      vertex -30.6883 6.02217 0
      vertex -24.6206 1.17022 0
      vertex -24.6477 1.13243 0
    endloop
  endfacet
  facet normal 0 0 -1
    outer loop
      vertex -31.0921 5.54095 0
      vertex -24.6477 1.13243 0
      vertex -24.732 1 0
    endloop
  endfacet
  facet normal 0 0 -1
    outer loop
      vertex -31.4613 5.03274 0
      vertex -24.732 1 0
      vertex -24.8046 0.860726 0
    endloop
  endfacet
  facet normal 0 0 -1
    outer loop
      vertex -31.7942 4.5 0
      vertex -24.8046 0.860726 0
      vertex -24.8238 0.81835 0
    endloop
  endfacet
  facet normal 0 0 -1
    outer loop
      vertex -31.9465 4.22524 0
      vertex -24.8238 0.81835 0
      vertex -24.8682 0.710927 0
    endloop
  endfacet
  facet normal 0 0 -1
    outer loop
      vertex -32.2219 3.66063 0
      vertex -24.8682 0.710927 0
      vertex -24.8846 0.667384 0
    endloop
  endfacet
  facet normal 0 0 -1
    outer loop
      vertex -32.3447 3.37146 0
      vertex -24.8846 0.667384 0
      vertex -24.9319 0.517637 0
    endloop
  endfacet
  facet normal 0 0 -1
    outer loop
      vertex -23.5176 1.93185 0
      vertex -24.9408 8.9507 0
      vertex -24.6278 8.97808 0
    endloop
  endfacet
  facet normal 0 0 -1
    outer loop
      vertex -32.6514 2.48074 0
      vertex -24.9319 0.517637 0
      vertex -24.9658 0.364345 0
    endloop
  endfacet
  facet normal 0 0 -1
    outer loop
      vertex -32.8033 1.8712 0
      vertex -24.9658 0.364345 0
      vertex -24.9734 0.318453 0
    endloop
  endfacet
  facet normal 0 0 -1
    outer loop
      vertex -32.8633 1.56283 0
      vertex -24.9734 0.318453 0
      vertex -24.9886 0.203152 0
    endloop
  endfacet
  facet normal 0 0 -1
    outer loop
      vertex -32.9124 1.25256 0
      vertex -24.9886 0.203152 0
      vertex -24.9932 0.156865 0
    endloop
  endfacet
  facet normal 0 0 -1
    outer loop
      vertex -32.9781 0.627808 0
      vertex -24.9932 0.156865 0
      vertex -25 0 0
    endloop
  endfacet
  facet normal 0 0 -1
    outer loop
      vertex -29.7851 -6.8944 0
      vertex -24.4142 -1.41421 0
      vertex -29.541 -7.0921 0
    endloop
  endfacet
  facet normal 0 0 -1
    outer loop
      vertex -23.6674 1.88464 0
      vertex -25.2526 8.91241 0
      vertex -24.9408 8.9507 0
    endloop
  endfacet
  facet normal -0 0 -1
    outer loop
      vertex -24.4142 -1.41421 0
      vertex -29.7851 -6.8944 0
      vertex -24.5203 -1.29845 0
    endloop
  endfacet
  facet normal 0 0 -1
    outer loop
      vertex -23.6674 1.88464 0
      vertex -25.5628 8.86327 0
      vertex -25.2526 8.91241 0
    endloop
  endfacet
  facet normal 0 0 -1
    outer loop
      vertex -30.0222 -6.6883 0
      vertex -24.5203 -1.29845 0
      vertex -29.7851 -6.8944 0
    endloop
  endfacet
  facet normal 0 0 -1
    outer loop
      vertex -23.7109 1.86825 0
      vertex -25.8712 8.80333 0
      vertex -25.5628 8.86327 0
    endloop
  endfacet
  facet normal -0 0 -1
    outer loop
      vertex -24.5203 -1.29845 0
      vertex -30.0222 -6.6883 0
      vertex -24.5498 -1.2625 0
    endloop
  endfacet
  facet normal 0 0 -1
    outer loop
      vertex -23.8183 1.82375 0
      vertex -26.1773 8.73266 0
      vertex -25.8712 8.80333 0
    endloop
  endfacet
  facet normal 0 0 -1
    outer loop
      vertex -30.2519 -6.47406 0
      vertex -24.5498 -1.2625 0
      vertex -30.0222 -6.6883 0
    endloop
  endfacet
  facet normal 0 0 -1
    outer loop
      vertex -23.8607 1.80455 0
      vertex -26.4807 8.65135 0
      vertex -26.1773 8.73266 0
    endloop
  endfacet
  facet normal 0 0 -1
    outer loop
      vertex -30.4741 -6.25192 0
      vertex -24.5498 -1.2625 0
      vertex -30.2519 -6.47406 0
    endloop
  endfacet
  facet normal 0 0 -1
    outer loop
      vertex -23.8607 1.80455 0
      vertex -26.7812 8.55951 0
      vertex -26.4807 8.65135 0
    endloop
  endfacet
  facet normal -0 0 -1
    outer loop
      vertex -24.5498 -1.2625 0
      vertex -30.4741 -6.25192 0
      vertex -24.6206 -1.17022 0
    endloop
  endfacet
  facet normal 0 0 -1
    outer loop
      vertex -24 1.73205 0
      vertex -27.0782 8.45723 0
      vertex -26.7812 8.55951 0
    endloop
  endfacet
  facet normal 0 0 -1
    outer loop
      vertex -30.6883 -6.02217 0
      vertex -24.6206 -1.17022 0
      vertex -30.4741 -6.25192 0
    endloop
  endfacet
  facet normal 0 0 -1
    outer loop
      vertex -24 1.73205 0
      vertex -27.3715 8.34465 0
      vertex -27.0782 8.45723 0
    endloop
  endfacet
  facet normal -0 0 -1
    outer loop
      vertex -24.6206 -1.17022 0
      vertex -30.6883 -6.02217 0
      vertex -24.6477 -1.13243 0
    endloop
  endfacet
  facet normal 0 0 -1
    outer loop
      vertex -24.1324 1.64768 0
      vertex -27.6606 8.22191 0
      vertex -27.3715 8.34465 0
    endloop
  endfacet
  facet normal 0 0 -1
    outer loop
      vertex -30.8944 -5.78509 0
      vertex -24.6477 -1.13243 0
      vertex -30.6883 -6.02217 0
    endloop
  endfacet
  facet normal 0 0 -1
    outer loop
      vertex -24.1324 1.64768 0
      vertex -27.9453 8.08915 0
      vertex -27.6606 8.22191 0
    endloop
  endfacet
  facet normal 0 0 -1
    outer loop
      vertex -31.0921 -5.54095 0
      vertex -24.6477 -1.13243 0
      vertex -30.8944 -5.78509 0
    endloop
  endfacet
  facet normal 0 0 -1
    outer loop
      vertex -24.1702 1.6206 0
      vertex -28.2252 7.94653 0
      vertex -27.9453 8.08915 0
    endloop
  endfacet
  facet normal -0 0 -1
    outer loop
      vertex -24.6477 -1.13243 0
      vertex -31.0921 -5.54095 0
      vertex -24.732 -1 0
    endloop
  endfacet
  facet normal 0 0 -1
    outer loop
      vertex -24.2625 1.54979 0
      vertex -28.5 7.79423 0
      vertex -28.2252 7.94653 0
    endloop
  endfacet
  facet normal 0 0 -1
    outer loop
      vertex -31.2812 -5.29007 0
      vertex -24.732 -1 0
      vertex -31.0921 -5.54095 0
    endloop
  endfacet
  facet normal 0 0 -1
    outer loop
      vertex -24.2984 1.52029 0
      vertex -28.7693 7.63243 0
      vertex -28.5 7.79423 0
    endloop
  endfacet
  facet normal 0 0 -1
    outer loop
      vertex -31.4613 -5.03274 0
      vertex -24.732 -1 0
      vertex -31.2812 -5.29007 0
    endloop
  endfacet
  facet normal 0 0 -1
    outer loop
      vertex -24.2984 1.52029 0
      vertex -29.0327 7.46134 0
      vertex -28.7693 7.63243 0
    endloop
  endfacet
  facet normal -0 0 -1
    outer loop
      vertex -24.732 -1 0
      vertex -31.4613 -5.03274 0
      vertex -24.8046 -0.860726 0
    endloop
  endfacet
  facet normal 0 0 -1
    outer loop
      vertex -24.4142 1.41421 0
      vertex -29.2901 7.28115 0
      vertex -29.0327 7.46134 0
    endloop
  endfacet
  facet normal 0 0 -1
    outer loop
      vertex -31.6324 -4.76927 0
      vertex -24.8046 -0.860726 0
      vertex -31.4613 -5.03274 0
    endloop
  endfacet
  facet normal 0 0 -1
    outer loop
      vertex -24.4142 1.41421 0
      vertex -29.541 7.0921 0
      vertex -29.2901 7.28115 0
    endloop
  endfacet
  facet normal 0 0 -1
    outer loop
      vertex -31.7942 -4.5 0
      vertex -24.8046 -0.860726 0
      vertex -31.6324 -4.76927 0
    endloop
  endfacet
  facet normal 0 0 -1
    outer loop
      vertex -24.4142 1.41421 0
      vertex -29.7851 6.8944 0
      vertex -29.541 7.0921 0
    endloop
  endfacet
  facet normal -0 0 -1
    outer loop
      vertex -24.8046 -0.860726 0
      vertex -31.7942 -4.5 0
      vertex -24.8238 -0.81835 0
    endloop
  endfacet
  facet normal 0 0 -1
    outer loop
      vertex -24.5203 1.29845 0
      vertex -30.0222 6.6883 0
      vertex -29.7851 6.8944 0
    endloop
  endfacet
  facet normal 0 0 -1
    outer loop
      vertex -31.9465 -4.22524 0
      vertex -24.8238 -0.81835 0
      vertex -31.7942 -4.5 0
    endloop
  endfacet
  facet normal 0 0 -1
    outer loop
      vertex -24.5498 1.2625 0
      vertex -30.2519 6.47406 0
      vertex -30.0222 6.6883 0
    endloop
  endfacet
  facet normal -0 0 -1
    outer loop
      vertex -24.8238 -0.81835 0
      vertex -31.9465 -4.22524 0
      vertex -24.8682 -0.710927 0
    endloop
  endfacet
  facet normal 0 0 -1
    outer loop
      vertex -24.5498 1.2625 0
      vertex -30.4741 6.25192 0
      vertex -30.2519 6.47406 0
    endloop
  endfacet
  facet normal 0 0 -1
    outer loop
      vertex -32.0891 -3.94534 0
      vertex -24.8682 -0.710927 0
      vertex -31.9465 -4.22524 0
    endloop
  endfacet
  facet normal 0 0 -1
    outer loop
      vertex -24.6206 1.17022 0
      vertex -30.6883 6.02217 0
      vertex -30.4741 6.25192 0
    endloop
  endfacet
  facet normal 0 0 -1
    outer loop
      vertex -32.2219 -3.66063 0
      vertex -24.8682 -0.710927 0
      vertex -32.0891 -3.94534 0
    endloop
  endfacet
  facet normal 0 0 -1
    outer loop
      vertex -24.6477 1.13243 0
      vertex -30.8944 5.78509 0
      vertex -30.6883 6.02217 0
    endloop
  endfacet
  facet normal -0 0 -1
    outer loop
      vertex -24.8682 -0.710927 0
      vertex -32.2219 -3.66063 0
      vertex -24.8846 -0.667384 0
    endloop
  endfacet
  facet normal 0 0 -1
    outer loop
      vertex -24.6477 1.13243 0
      vertex -31.0921 5.54095 0
      vertex -30.8944 5.78509 0
    endloop
  endfacet
  facet normal 0 0 -1
    outer loop
      vertex -32.3447 -3.37146 0
      vertex -24.8846 -0.667384 0
      vertex -32.2219 -3.66063 0
    endloop
  endfacet
  facet normal 0 0 -1
    outer loop
      vertex -24.732 1 0
      vertex -31.2812 5.29007 0
      vertex -31.0921 5.54095 0
    endloop
  endfacet
  facet normal -0 0 -1
    outer loop
      vertex -24.8846 -0.667384 0
      vertex -32.3447 -3.37146 0
      vertex -24.9319 -0.517637 0
    endloop
  endfacet
  facet normal 0 0 -1
    outer loop
      vertex -24.732 1 0
      vertex -31.4613 5.03274 0
      vertex -31.2812 5.29007 0
    endloop
  endfacet
  facet normal 0 0 -1
    outer loop
      vertex -32.4572 -3.07818 0
      vertex -24.9319 -0.517637 0
      vertex -32.3447 -3.37146 0
    endloop
  endfacet
  facet normal 0 0 -1
    outer loop
      vertex -24.8046 0.860726 0
      vertex -31.6324 4.76927 0
      vertex -31.4613 5.03274 0
    endloop
  endfacet
  facet normal 0 0 -1
    outer loop
      vertex -32.5595 -2.78115 0
      vertex -24.9319 -0.517637 0
      vertex -32.4572 -3.07818 0
    endloop
  endfacet
  facet normal 0 0 -1
    outer loop
      vertex -24.8046 0.860726 0
      vertex -31.7942 4.5 0
      vertex -31.6324 4.76927 0
    endloop
  endfacet
  facet normal 0 0 -1
    outer loop
      vertex -32.6514 -2.48074 0
      vertex -24.9319 -0.517637 0
      vertex -32.5595 -2.78115 0
    endloop
  endfacet
  facet normal 0 0 -1
    outer loop
      vertex -24.8238 0.81835 0
      vertex -31.9465 4.22524 0
      vertex -31.7942 4.5 0
    endloop
  endfacet
  facet normal -0 0 -1
    outer loop
      vertex -24.9319 -0.517637 0
      vertex -32.6514 -2.48074 0
      vertex -24.9658 -0.364345 0
    endloop
  endfacet
  facet normal 0 0 -1
    outer loop
      vertex -24.8682 0.710927 0
      vertex -32.0891 3.94534 0
      vertex -31.9465 4.22524 0
    endloop
  endfacet
  facet normal 0 0 -1
    outer loop
      vertex -32.7327 -2.1773 0
      vertex -24.9658 -0.364345 0
      vertex -32.6514 -2.48074 0
    endloop
  endfacet
  facet normal 0 0 -1
    outer loop
      vertex -24.8682 0.710927 0
      vertex -32.2219 3.66063 0
      vertex -32.0891 3.94534 0
    endloop
  endfacet
  facet normal 0 0 -1
    outer loop
      vertex -32.8033 -1.8712 0
      vertex -24.9658 -0.364345 0
      vertex -32.7327 -2.1773 0
    endloop
  endfacet
  facet normal 0 0 -1
    outer loop
      vertex -24.8846 0.667384 0
      vertex -32.3447 3.37146 0
      vertex -32.2219 3.66063 0
    endloop
  endfacet
  facet normal -0 0 -1
    outer loop
      vertex -24.9658 -0.364345 0
      vertex -32.8033 -1.8712 0
      vertex -24.9734 -0.318453 0
    endloop
  endfacet
  facet normal 0 0 -1
    outer loop
      vertex -24.9319 0.517637 0
      vertex -32.4572 3.07818 0
      vertex -32.3447 3.37146 0
    endloop
  endfacet
  facet normal 0 0 -1
    outer loop
      vertex -32.8633 -1.56283 0
      vertex -24.9734 -0.318453 0
      vertex -32.8033 -1.8712 0
    endloop
  endfacet
  facet normal 0 0 -1
    outer loop
      vertex -24.9319 0.517637 0
      vertex -32.5595 2.78115 0
      vertex -32.4572 3.07818 0
    endloop
  endfacet
  facet normal -0 0 -1
    outer loop
      vertex -24.9734 -0.318453 0
      vertex -32.8633 -1.56283 0
      vertex -24.9886 -0.203152 0
    endloop
  endfacet
  facet normal 0 0 -1
    outer loop
      vertex -24.9319 0.517637 0
      vertex -32.6514 2.48074 0
      vertex -32.5595 2.78115 0
    endloop
  endfacet
  facet normal 0 0 -1
    outer loop
      vertex -32.9124 -1.25256 0
      vertex -24.9886 -0.203152 0
      vertex -32.8633 -1.56283 0
    endloop
  endfacet
  facet normal 0 0 -1
    outer loop
      vertex -24.9658 0.364345 0
      vertex -32.7327 2.1773 0
      vertex -32.6514 2.48074 0
    endloop
  endfacet
  facet normal -0 0 -1
    outer loop
      vertex -24.9886 -0.203152 0
      vertex -32.9124 -1.25256 0
      vertex -24.9932 -0.156865 0
    endloop
  endfacet
  facet normal 0 0 -1
    outer loop
      vertex -24.9658 0.364345 0
      vertex -32.8033 1.8712 0
      vertex -32.7327 2.1773 0
    endloop
  endfacet
  facet normal 0 0 -1
    outer loop
      vertex -32.9507 -0.940756 0
      vertex -24.9932 -0.156865 0
      vertex -32.9124 -1.25256 0
    endloop
  endfacet
  facet normal 0 0 -1
    outer loop
      vertex -24.9734 0.318453 0
      vertex -32.8633 1.56283 0
      vertex -32.8033 1.8712 0
    endloop
  endfacet
  facet normal 0 0 -1
    outer loop
      vertex -32.9781 -0.627808 0
      vertex -24.9932 -0.156865 0
      vertex -32.9507 -0.940756 0
    endloop
  endfacet
  facet normal 0 0 -1
    outer loop
      vertex -24.9886 0.203152 0
      vertex -32.9124 1.25256 0
      vertex -32.8633 1.56283 0
    endloop
  endfacet
  facet normal -0 0 -1
    outer loop
      vertex -24.9932 -0.156865 0
      vertex -32.9781 -0.627808 0
      vertex -25 0 0
    endloop
  endfacet
  facet normal 0 0 -1
    outer loop
      vertex -24.9932 0.156865 0
      vertex -32.9507 0.940756 0
      vertex -32.9124 1.25256 0
    endloop
  endfacet
  facet normal 0 0 -1
    outer loop
      vertex -32.9945 -0.314095 0
      vertex -25 0 0
      vertex -32.9781 -0.627808 0
    endloop
  endfacet
  facet normal 0 0 -1
    outer loop
      vertex -24.9932 0.156865 0
      vertex -32.9781 0.627808 0
      vertex -32.9507 0.940756 0
    endloop
  endfacet
  facet normal 0 0 -1
    outer loop
      vertex -33 0 0
      vertex -25 0 0
      vertex -32.9945 -0.314095 0
    endloop
  endfacet
  facet normal 0 0 -1
    outer loop
      vertex -25 0 0
      vertex -32.9945 0.314095 0
      vertex -32.9781 0.627808 0
    endloop
  endfacet
  facet normal 0 0 -1
    outer loop
      vertex -25 0 0
      vertex -33 0 0
      vertex -32.9945 0.314095 0
    endloop
  endfacet
  facet normal 0 0 1
    outer loop
      vertex 30.2173 6.50636 7
      vertex 30.0222 6.6883 7
      vertex 30.2155 6.5 7
    endloop
  endfacet
  facet normal 0 0 1
    outer loop
      vertex 27.03 4.68 7
      vertex 33 0 7
      vertex 32.9671 0.753013 7
    endloop
  endfacet
  facet normal 0 0 1
    outer loop
      vertex 27.03 4.68 7
      vertex 32.9671 0.753013 7
      vertex 32.9617 0.815548 7
    endloop
  endfacet
  facet normal 0 0 1
    outer loop
      vertex 27.03 -4.68 7
      vertex 33 0 7
      vertex 27.03 4.68 7
    endloop
  endfacet
  facet normal 0 0 1
    outer loop
      vertex 27.03 4.68 7
      vertex 32.9617 0.815548 7
      vertex 32.8633 1.56283 7
    endloop
  endfacet
  facet normal 0 0 1
    outer loop
      vertex 33 0 7
      vertex 27.03 -4.68 7
      vertex 32.9671 -0.753013 7
    endloop
  endfacet
  facet normal 0 0 1
    outer loop
      vertex 27.03 4.68 7
      vertex 32.8633 1.56283 7
      vertex 32.7001 2.2987 7
    endloop
  endfacet
  facet normal 0 0 1
    outer loop
      vertex 32.9671 -0.753013 7
      vertex 27.03 -4.68 7
      vertex 32.9617 -0.815548 7
    endloop
  endfacet
  facet normal 0 0 1
    outer loop
      vertex 27.03 4.68 7
      vertex 32.7001 2.2987 7
      vertex 32.6839 2.35933 7
    endloop
  endfacet
  facet normal 0 0 1
    outer loop
      vertex 32.9617 -0.815548 7
      vertex 27.03 -4.68 7
      vertex 32.8633 -1.56283 7
    endloop
  endfacet
  facet normal 0 0 1
    outer loop
      vertex 27.03 4.68 7
      vertex 32.6839 2.35933 7
      vertex 32.4572 3.07818 7
    endloop
  endfacet
  facet normal 0 0 1
    outer loop
      vertex 32.8633 -1.56283 7
      vertex 27.03 -4.68 7
      vertex 32.7001 -2.2987 7
    endloop
  endfacet
  facet normal 0 0 1
    outer loop
      vertex 27.03 4.68 7
      vertex 32.4572 3.07818 7
      vertex 32.1688 3.77452 7
    endloop
  endfacet
  facet normal 0 0 1
    outer loop
      vertex 32.7001 -2.2987 7
      vertex 27.03 -4.68 7
      vertex 32.6839 -2.35933 7
    endloop
  endfacet
  facet normal 0 0 1
    outer loop
      vertex 27.03 4.68 7
      vertex 32.1688 3.77452 7
      vertex 32.1423 3.83145 7
    endloop
  endfacet
  facet normal 0 0 1
    outer loop
      vertex 32.6839 -2.35933 7
      vertex 27.03 -4.68 7
      vertex 32.4572 -3.07818 7
    endloop
  endfacet
  facet normal 0 0 1
    outer loop
      vertex 27.03 4.68 7
      vertex 32.1423 3.83145 7
      vertex 31.7942 4.5 7
    endloop
  endfacet
  facet normal 0 0 1
    outer loop
      vertex 32.4572 -3.07818 7
      vertex 27.03 -4.68 7
      vertex 32.1688 -3.77452 7
    endloop
  endfacet
  facet normal -0 0 1
    outer loop
      vertex 27.03 4.68 7
      vertex 31.7942 4.5 7
      vertex 31.3892 5.13569 7
    endloop
  endfacet
  facet normal 0 0 1
    outer loop
      vertex 32.1688 -3.77452 7
      vertex 27.03 -4.68 7
      vertex 32.1423 -3.83145 7
    endloop
  endfacet
  facet normal 0 0 1
    outer loop
      vertex 27.03 4.68 7
      vertex 31.3892 5.13569 7
      vertex 31.3532 5.18711 7
    endloop
  endfacet
  facet normal 0 0 1
    outer loop
      vertex 32.1423 -3.83145 7
      vertex 27.03 -4.68 7
      vertex 31.7942 -4.5 7
    endloop
  endfacet
  facet normal 0 0 1
    outer loop
      vertex 27.03 4.68 7
      vertex 31.3532 5.18711 7
      vertex 30.8944 5.78509 7
    endloop
  endfacet
  facet normal 0 0 1
    outer loop
      vertex 31.7942 -4.5 7
      vertex 27.03 -4.68 7
      vertex 31.3892 -5.13569 7
    endloop
  endfacet
  facet normal 0 0 1
    outer loop
      vertex 27.03 4.68 7
      vertex 30.8944 5.78509 7
      vertex 30.3852 6.3408 7
    endloop
  endfacet
  facet normal 0 0 1
    outer loop
      vertex 31.3892 -5.13569 7
      vertex 27.03 -4.68 7
      vertex 31.3532 -5.18711 7
    endloop
  endfacet
  facet normal 0 0 1
    outer loop
      vertex 30.8944 -5.78509 7
      vertex 27.03 -4.68 7
      vertex 30.3852 -6.3408 7
    endloop
  endfacet
  facet normal 0 0 1
    outer loop
      vertex 27.03 4.68 7
      vertex 30.3852 6.3408 7
      vertex 30.3408 6.38519 7
    endloop
  endfacet
  facet normal 0 0 1
    outer loop
      vertex 27.03 4.68 7
      vertex 30.3408 6.38519 7
      vertex 30.2155 6.5 7
    endloop
  endfacet
  facet normal 0 0 1
    outer loop
      vertex 27.03 4.68 7
      vertex 30.2155 6.5 7
      vertex 30.0222 6.6883 7
    endloop
  endfacet
  facet normal 0 0 1
    outer loop
      vertex 27.03 4.68 7
      vertex 30.0222 6.6883 7
      vertex 29.7851 6.8944 7
    endloop
  endfacet
  facet normal 0 0 1
    outer loop
      vertex 31.3532 -5.18711 7
      vertex 27.03 -4.68 7
      vertex 30.8944 -5.78509 7
    endloop
  endfacet
  facet normal 0 0 1
    outer loop
      vertex 27.03 4.68 7
      vertex 29.7851 6.8944 7
      vertex 29.541 7.0921 7
    endloop
  endfacet
  facet normal 0 0 1
    outer loop
      vertex 27.03 4.68 7
      vertex 29.541 7.0921 7
      vertex 29.2901 7.28115 7
    endloop
  endfacet
  facet normal 0 0 1
    outer loop
      vertex 30.3852 -6.3408 7
      vertex 27.03 -4.68 7
      vertex 30.3408 -6.38518 7
    endloop
  endfacet
  facet normal 0 0 1
    outer loop
      vertex 29.7851 -6.8944 7
      vertex 27.03 -4.68 7
      vertex 29.1871 -7.35324 7
    endloop
  endfacet
  facet normal 0 0 1
    outer loop
      vertex 27.03 4.68 7
      vertex 29.2901 7.28115 7
      vertex 29.0327 7.46134 7
    endloop
  endfacet
  facet normal 0 0 1
    outer loop
      vertex 27.03 4.68 7
      vertex 29.0327 7.46134 7
      vertex 28.7693 7.63243 7
    endloop
  endfacet
  facet normal 0 0 1
    outer loop
      vertex 27.03 4.68 7
      vertex 28.7693 7.63243 7
      vertex 28.5 7.79423 7
    endloop
  endfacet
  facet normal 0 0 1
    outer loop
      vertex 30.3408 -6.38518 7
      vertex 27.03 -4.68 7
      vertex 29.7851 -6.8944 7
    endloop
  endfacet
  facet normal 0 0 1
    outer loop
      vertex 27.03 4.68 7
      vertex 28.5 7.79423 7
      vertex 28.2252 7.94653 7
    endloop
  endfacet
  facet normal 0 0 1
    outer loop
      vertex 27.03 4.68 7
      vertex 28.2252 7.94653 7
      vertex 27.9453 8.08915 7
    endloop
  endfacet
  facet normal 0 0 1
    outer loop
      vertex 29.1871 -7.35324 7
      vertex 27.03 -4.68 7
      vertex 29.1357 -7.38925 7
    endloop
  endfacet
  facet normal 0 0 1
    outer loop
      vertex 28.5 -7.79423 7
      vertex 27.03 -4.68 7
      vertex 27.8314 -8.14226 7
    endloop
  endfacet
  facet normal 0 0 1
    outer loop
      vertex 27.03 4.68 7
      vertex 27.9453 8.08915 7
      vertex 27.6606 8.22191 7
    endloop
  endfacet
  facet normal 0 0 1
    outer loop
      vertex 27.03 4.68 7
      vertex 27.6606 8.22191 7
      vertex 27.3715 8.34465 7
    endloop
  endfacet
  facet normal 0 0 1
    outer loop
      vertex 27.03 4.68 7
      vertex 27.3715 8.34465 7
      vertex 27.0782 8.45723 7
    endloop
  endfacet
  facet normal 0 0 1
    outer loop
      vertex 29.1357 -7.38925 7
      vertex 27.03 -4.68 7
      vertex 28.5 -7.79423 7
    endloop
  endfacet
  facet normal 0 0 1
    outer loop
      vertex 27.8314 -8.14226 7
      vertex 27.03 -4.68 7
      vertex 27.7745 -8.1688 7
    endloop
  endfacet
  facet normal 0 0 1
    outer loop
      vertex 26.7812 8.55951 7
      vertex 27.03 4.68 7
      vertex 27.0782 8.45723 7
    endloop
  endfacet
  facet normal 0 0 1
    outer loop
      vertex 26.4807 8.65135 7
      vertex 27.03 4.68 7
      vertex 26.7812 8.55951 7
    endloop
  endfacet
  facet normal 0 0 1
    outer loop
      vertex 26.1773 8.73266 7
      vertex 27.03 4.68 7
      vertex 26.4807 8.65135 7
    endloop
  endfacet
  facet normal 0 0 1
    outer loop
      vertex 25.8712 8.80333 7
      vertex 27.03 4.68 7
      vertex 26.1773 8.73266 7
    endloop
  endfacet
  facet normal 0 0 1
    outer loop
      vertex 25.5628 8.86327 7
      vertex 27.03 4.68 7
      vertex 25.8712 8.80333 7
    endloop
  endfacet
  facet normal 0 0 1
    outer loop
      vertex 25.2526 8.91241 7
      vertex 27.03 4.68 7
      vertex 25.5628 8.86327 7
    endloop
  endfacet
  facet normal 0 0 1
    outer loop
      vertex 24.9408 8.9507 7
      vertex 27.03 4.68 7
      vertex 25.2526 8.91241 7
    endloop
  endfacet
  facet normal 0 0 1
    outer loop
      vertex 24.6278 8.97808 7
      vertex 27.03 4.68 7
      vertex 24.9408 8.9507 7
    endloop
  endfacet
  facet normal 0 0 1
    outer loop
      vertex 24.3141 8.99452 7
      vertex 27.03 4.68 7
      vertex 24.6278 8.97808 7
    endloop
  endfacet
  facet normal 0 0 1
    outer loop
      vertex 24 9 7
      vertex 27.03 4.68 7
      vertex 24.3141 8.99452 7
    endloop
  endfacet
  facet normal 0 0 1
    outer loop
      vertex 24 9 7
      vertex 18.97 4.68 7
      vertex 27.03 4.68 7
    endloop
  endfacet
  facet normal 0 0 1
    outer loop
      vertex 18.97 4.68 7
      vertex -18.97 4.68 7
      vertex 18.97 -4.68 7
    endloop
  endfacet
  facet normal 0 0 1
    outer loop
      vertex 24 9 7
      vertex -18.97 4.68 7
      vertex 18.97 4.68 7
    endloop
  endfacet
  facet normal -0 0 1
    outer loop
      vertex -24 9 7
      vertex -18.97 4.68 7
      vertex 24 9 7
    endloop
  endfacet
  facet normal 0 0 1
    outer loop
      vertex -27.03 4.68 7
      vertex -24 9 7
      vertex -24.3141 8.99452 7
    endloop
  endfacet
  facet normal 0 0 1
    outer loop
      vertex -27.03 4.68 7
      vertex -24.3141 8.99452 7
      vertex -24.6278 8.97808 7
    endloop
  endfacet
  facet normal 0 0 1
    outer loop
      vertex -27.03 4.68 7
      vertex -24.6278 8.97808 7
      vertex -24.9408 8.9507 7
    endloop
  endfacet
  facet normal 0 0 1
    outer loop
      vertex -27.03 4.68 7
      vertex -24.9408 8.9507 7
      vertex -25.2526 8.91241 7
    endloop
  endfacet
  facet normal 0 0 1
    outer loop
      vertex -27.03 4.68 7
      vertex -25.2526 8.91241 7
      vertex -25.5628 8.86327 7
    endloop
  endfacet
  facet normal 0 0 1
    outer loop
      vertex -27.03 4.68 7
      vertex -25.5628 8.86327 7
      vertex -25.8712 8.80333 7
    endloop
  endfacet
  facet normal 0 0 1
    outer loop
      vertex -27.03 4.68 7
      vertex -25.8712 8.80333 7
      vertex -26.1773 8.73266 7
    endloop
  endfacet
  facet normal 0 0 1
    outer loop
      vertex -27.03 4.68 7
      vertex -26.1773 8.73266 7
      vertex -26.4807 8.65135 7
    endloop
  endfacet
  facet normal 0 0 1
    outer loop
      vertex -27.03 4.68 7
      vertex -26.4807 8.65135 7
      vertex -26.7812 8.55951 7
    endloop
  endfacet
  facet normal 0 0 1
    outer loop
      vertex -24 9 7
      vertex -27.03 4.68 7
      vertex -18.97 4.68 7
    endloop
  endfacet
  facet normal -0 0 1
    outer loop
      vertex -27.3715 8.34465 7
      vertex -27.03 4.68 7
      vertex -27.0782 8.45723 7
    endloop
  endfacet
  facet normal -0 0 1
    outer loop
      vertex -27.0782 8.45723 7
      vertex -27.03 4.68 7
      vertex -26.7812 8.55951 7
    endloop
  endfacet
  facet normal 0 0 1
    outer loop
      vertex -30.0222 6.6883 7
      vertex -30.2173 6.50636 7
      vertex -30.2155 6.5 7
    endloop
  endfacet
  facet normal 0 0 1
    outer loop
      vertex 27.7745 -8.1688 7
      vertex 27.03 -4.68 7
      vertex 27.0782 -8.45723 7
    endloop
  endfacet
  facet normal 0 0 1
    outer loop
      vertex 27.03 -4.68 7
      vertex 26.3593 -8.68388 7
      vertex 27.0782 -8.45723 7
    endloop
  endfacet
  facet normal 0 0 1
    outer loop
      vertex 27.03 -4.68 7
      vertex 26.2987 -8.70013 7
      vertex 26.3593 -8.68388 7
    endloop
  endfacet
  facet normal 0 0 1
    outer loop
      vertex 27.03 -4.68 7
      vertex 25.5628 -8.86327 7
      vertex 26.2987 -8.70013 7
    endloop
  endfacet
  facet normal 0 0 1
    outer loop
      vertex 27.03 -4.68 7
      vertex 24.8155 -8.96165 7
      vertex 25.5628 -8.86327 7
    endloop
  endfacet
  facet normal 0 0 1
    outer loop
      vertex 27.03 -4.68 7
      vertex 24.753 -8.96712 7
      vertex 24.8155 -8.96165 7
    endloop
  endfacet
  facet normal 0 0 1
    outer loop
      vertex 27.03 -4.68 7
      vertex 24 -9 7
      vertex 24.753 -8.96712 7
    endloop
  endfacet
  facet normal -0 0 1
    outer loop
      vertex 18.97 -4.68 7
      vertex 24 -9 7
      vertex 27.03 -4.68 7
    endloop
  endfacet
  facet normal 0 0 1
    outer loop
      vertex -18.97 -4.68 7
      vertex 18.97 -4.68 7
      vertex -18.97 4.68 7
    endloop
  endfacet
  facet normal 0 0 1
    outer loop
      vertex 18.97 -4.68 7
      vertex -18.97 -4.68 7
      vertex 24 -9 7
    endloop
  endfacet
  facet normal 0 0 1
    outer loop
      vertex -18.97 -4.68 7
      vertex -24 -9 7
      vertex 24 -9 7
    endloop
  endfacet
  facet normal -0 0 1
    outer loop
      vertex -27.03 -4.68 7
      vertex -24 -9 7
      vertex -18.97 -4.68 7
    endloop
  endfacet
  facet normal 0 0 1
    outer loop
      vertex -24 -9 7
      vertex -27.03 -4.68 7
      vertex -24.753 -8.96712 7
    endloop
  endfacet
  facet normal 0 0 1
    outer loop
      vertex -24.753 -8.96712 7
      vertex -27.03 -4.68 7
      vertex -24.8155 -8.96165 7
    endloop
  endfacet
  facet normal 0 0 1
    outer loop
      vertex -24.8155 -8.96165 7
      vertex -27.03 -4.68 7
      vertex -25.5628 -8.86327 7
    endloop
  endfacet
  facet normal 0 0 1
    outer loop
      vertex -25.5628 -8.86327 7
      vertex -27.03 -4.68 7
      vertex -26.2987 -8.70013 7
    endloop
  endfacet
  facet normal 0 0 1
    outer loop
      vertex -26.2987 -8.70013 7
      vertex -27.03 -4.68 7
      vertex -26.3593 -8.68388 7
    endloop
  endfacet
  facet normal 0 0 1
    outer loop
      vertex -27.03 -4.68 7
      vertex -27.0782 -8.45723 7
      vertex -26.3593 -8.68388 7
    endloop
  endfacet
  facet normal -0 0 1
    outer loop
      vertex -27.6606 8.22191 7
      vertex -27.03 4.68 7
      vertex -27.3715 8.34465 7
    endloop
  endfacet
  facet normal -0 0 1
    outer loop
      vertex -27.9453 8.08915 7
      vertex -27.03 4.68 7
      vertex -27.6606 8.22191 7
    endloop
  endfacet
  facet normal -0 0 1
    outer loop
      vertex -28.2252 7.94653 7
      vertex -27.03 4.68 7
      vertex -27.9453 8.08915 7
    endloop
  endfacet
  facet normal 0 0 1
    outer loop
      vertex -27.03 -4.68 7
      vertex -27.7745 -8.1688 7
      vertex -27.0782 -8.45723 7
    endloop
  endfacet
  facet normal 0 0 1
    outer loop
      vertex -27.03 -4.68 7
      vertex -27.8314 -8.14226 7
      vertex -27.7745 -8.1688 7
    endloop
  endfacet
  facet normal -0 0 1
    outer loop
      vertex -28.5 7.79423 7
      vertex -27.03 4.68 7
      vertex -28.2252 7.94653 7
    endloop
  endfacet
  facet normal -0 0 1
    outer loop
      vertex -28.7693 7.63243 7
      vertex -27.03 4.68 7
      vertex -28.5 7.79423 7
    endloop
  endfacet
  facet normal -0 0 1
    outer loop
      vertex -29.0327 7.46134 7
      vertex -27.03 4.68 7
      vertex -28.7693 7.63243 7
    endloop
  endfacet
  facet normal 0 0 1
    outer loop
      vertex -27.03 -4.68 7
      vertex -28.5 -7.79423 7
      vertex -27.8314 -8.14226 7
    endloop
  endfacet
  facet normal -0 0 1
    outer loop
      vertex -29.2901 7.28115 7
      vertex -27.03 4.68 7
      vertex -29.0327 7.46134 7
    endloop
  endfacet
  facet normal -0 0 1
    outer loop
      vertex -29.541 7.0921 7
      vertex -27.03 4.68 7
      vertex -29.2901 7.28115 7
    endloop
  endfacet
  facet normal 0 0 1
    outer loop
      vertex -27.03 -4.68 7
      vertex -29.1357 -7.38925 7
      vertex -28.5 -7.79423 7
    endloop
  endfacet
  facet normal 0 0 1
    outer loop
      vertex -27.03 -4.68 7
      vertex -29.1871 -7.35324 7
      vertex -29.1357 -7.38925 7
    endloop
  endfacet
  facet normal -0 0 1
    outer loop
      vertex -29.7851 6.8944 7
      vertex -27.03 4.68 7
      vertex -29.541 7.0921 7
    endloop
  endfacet
  facet normal -0 0 1
    outer loop
      vertex -30.3408 6.38519 7
      vertex -27.03 4.68 7
      vertex -30.2155 6.5 7
    endloop
  endfacet
  facet normal -0 0 1
    outer loop
      vertex -30.0222 6.6883 7
      vertex -27.03 4.68 7
      vertex -29.7851 6.8944 7
    endloop
  endfacet
  facet normal -0 0 1
    outer loop
      vertex -31.3532 5.18711 7
      vertex -27.03 4.68 7
      vertex -30.8944 5.78509 7
    endloop
  endfacet
  facet normal 0 0 1
    outer loop
      vertex -27.03 4.68 7
      vertex -30.0222 6.6883 7
      vertex -30.2155 6.5 7
    endloop
  endfacet
  facet normal 0 0 1
    outer loop
      vertex -27.03 -4.68 7
      vertex -29.7851 -6.8944 7
      vertex -29.1871 -7.35324 7
    endloop
  endfacet
  facet normal 0 0 1
    outer loop
      vertex -27.03 4.68 7
      vertex -30.3408 6.38519 7
      vertex -30.3852 6.3408 7
    endloop
  endfacet
  facet normal 0 0 1
    outer loop
      vertex -27.03 -4.68 7
      vertex -30.3408 -6.38518 7
      vertex -29.7851 -6.8944 7
    endloop
  endfacet
  facet normal 0 0 1
    outer loop
      vertex -27.03 4.68 7
      vertex -30.3852 6.3408 7
      vertex -30.8944 5.78509 7
    endloop
  endfacet
  facet normal 0 0 1
    outer loop
      vertex -27.03 -4.68 7
      vertex -30.3852 -6.3408 7
      vertex -30.3408 -6.38518 7
    endloop
  endfacet
  facet normal -0 0 1
    outer loop
      vertex -31.3892 5.13569 7
      vertex -27.03 4.68 7
      vertex -31.3532 5.18711 7
    endloop
  endfacet
  facet normal 0 0 1
    outer loop
      vertex -27.03 -4.68 7
      vertex -30.8944 -5.78509 7
      vertex -30.3852 -6.3408 7
    endloop
  endfacet
  facet normal 0 0 1
    outer loop
      vertex -31.7942 4.5 7
      vertex -27.03 4.68 7
      vertex -31.3892 5.13569 7
    endloop
  endfacet
  facet normal 0 0 1
    outer loop
      vertex -27.03 -4.68 7
      vertex -31.3532 -5.18711 7
      vertex -30.8944 -5.78509 7
    endloop
  endfacet
  facet normal 0 0 1
    outer loop
      vertex -32.1423 3.83145 7
      vertex -27.03 4.68 7
      vertex -31.7942 4.5 7
    endloop
  endfacet
  facet normal 0 0 1
    outer loop
      vertex -27.03 -4.68 7
      vertex -31.3892 -5.13569 7
      vertex -31.3532 -5.18711 7
    endloop
  endfacet
  facet normal 0 0 1
    outer loop
      vertex -32.1688 3.77452 7
      vertex -27.03 4.68 7
      vertex -32.1423 3.83145 7
    endloop
  endfacet
  facet normal 0 0 1
    outer loop
      vertex -27.03 -4.68 7
      vertex -31.7942 -4.5 7
      vertex -31.3892 -5.13569 7
    endloop
  endfacet
  facet normal 0 0 1
    outer loop
      vertex -32.4572 3.07818 7
      vertex -27.03 4.68 7
      vertex -32.1688 3.77452 7
    endloop
  endfacet
  facet normal 0 0 1
    outer loop
      vertex -27.03 -4.68 7
      vertex -32.1423 -3.83145 7
      vertex -31.7942 -4.5 7
    endloop
  endfacet
  facet normal 0 0 1
    outer loop
      vertex -32.6839 2.35933 7
      vertex -27.03 4.68 7
      vertex -32.4572 3.07818 7
    endloop
  endfacet
  facet normal 0 0 1
    outer loop
      vertex -27.03 -4.68 7
      vertex -32.1688 -3.77452 7
      vertex -32.1423 -3.83145 7
    endloop
  endfacet
  facet normal 0 0 1
    outer loop
      vertex -32.7001 2.2987 7
      vertex -27.03 4.68 7
      vertex -32.6839 2.35933 7
    endloop
  endfacet
  facet normal 0 0 1
    outer loop
      vertex -27.03 -4.68 7
      vertex -32.4572 -3.07818 7
      vertex -32.1688 -3.77452 7
    endloop
  endfacet
  facet normal 0 0 1
    outer loop
      vertex -32.8633 1.56283 7
      vertex -27.03 4.68 7
      vertex -32.7001 2.2987 7
    endloop
  endfacet
  facet normal 0 0 1
    outer loop
      vertex -27.03 -4.68 7
      vertex -32.6839 -2.35933 7
      vertex -32.4572 -3.07818 7
    endloop
  endfacet
  facet normal 0 0 1
    outer loop
      vertex -32.9617 0.815548 7
      vertex -27.03 4.68 7
      vertex -32.8633 1.56283 7
    endloop
  endfacet
  facet normal 0 0 1
    outer loop
      vertex -27.03 -4.68 7
      vertex -32.7001 -2.2987 7
      vertex -32.6839 -2.35933 7
    endloop
  endfacet
  facet normal 0 0 1
    outer loop
      vertex -32.9671 0.753013 7
      vertex -27.03 4.68 7
      vertex -32.9617 0.815548 7
    endloop
  endfacet
  facet normal 0 0 1
    outer loop
      vertex -27.03 -4.68 7
      vertex -32.8633 -1.56283 7
      vertex -32.7001 -2.2987 7
    endloop
  endfacet
  facet normal 0 0 1
    outer loop
      vertex -33 0 7
      vertex -27.03 4.68 7
      vertex -32.9671 0.753013 7
    endloop
  endfacet
  facet normal 0 0 1
    outer loop
      vertex -27.03 -4.68 7
      vertex -32.9617 -0.815548 7
      vertex -32.8633 -1.56283 7
    endloop
  endfacet
  facet normal 0 0 1
    outer loop
      vertex -27.03 4.68 7
      vertex -33 0 7
      vertex -27.03 -4.68 7
    endloop
  endfacet
  facet normal 0 0 1
    outer loop
      vertex -27.03 -4.68 7
      vertex -32.9671 -0.753013 7
      vertex -32.9617 -0.815548 7
    endloop
  endfacet
  facet normal 0 0 1
    outer loop
      vertex -27.03 -4.68 7
      vertex -33 0 7
      vertex -32.9671 -0.753013 7
    endloop
  endfacet
  facet normal 0 0 1
    outer loop
      vertex -18.97 4.68 2.885
      vertex -21 0 2.885
      vertex -18.97 -4.68 2.885
    endloop
  endfacet
  facet normal 0 0 1
    outer loop
      vertex -18.97 4.68 2.885
      vertex -21.0076 0.174311 2.885
      vertex -21 0 2.885
    endloop
  endfacet
  facet normal 0 0 1
    outer loop
      vertex -18.97 4.68 2.885
      vertex -21.0304 0.347296 2.885
      vertex -21.0076 0.174311 2.885
    endloop
  endfacet
  facet normal 0 0 1
    outer loop
      vertex -18.97 4.68 2.885
      vertex -21.0681 0.517637 2.885
      vertex -21.0304 0.347296 2.885
    endloop
  endfacet
  facet normal 0 0 1
    outer loop
      vertex -18.97 4.68 2.885
      vertex -21.1206 0.68404 2.885
      vertex -21.0681 0.517637 2.885
    endloop
  endfacet
  facet normal 0 0 1
    outer loop
      vertex -18.97 4.68 2.885
      vertex -21.1874 0.845236 2.885
      vertex -21.1206 0.68404 2.885
    endloop
  endfacet
  facet normal 0 0 1
    outer loop
      vertex -18.97 4.68 2.885
      vertex -21.2679 1 2.885
      vertex -21.1874 0.845236 2.885
    endloop
  endfacet
  facet normal 0 0 1
    outer loop
      vertex -18.97 4.68 2.885
      vertex -21.3617 1.14715 2.885
      vertex -21.2679 1 2.885
    endloop
  endfacet
  facet normal 0 0 1
    outer loop
      vertex -18.97 4.68 2.885
      vertex -21.4679 1.28557 2.885
      vertex -21.3617 1.14715 2.885
    endloop
  endfacet
  facet normal 0 0 1
    outer loop
      vertex -18.97 4.68 2.885
      vertex -21.5858 1.41421 2.885
      vertex -21.4679 1.28557 2.885
    endloop
  endfacet
  facet normal 0 0 1
    outer loop
      vertex -18.97 4.68 2.885
      vertex -21.7144 1.53209 2.885
      vertex -21.5858 1.41421 2.885
    endloop
  endfacet
  facet normal 0 0 1
    outer loop
      vertex -18.97 4.68 2.885
      vertex -21.8528 1.6383 2.885
      vertex -21.7144 1.53209 2.885
    endloop
  endfacet
  facet normal 0 0 1
    outer loop
      vertex -18.97 4.68 2.885
      vertex -22 1.73205 2.885
      vertex -21.8528 1.6383 2.885
    endloop
  endfacet
  facet normal 0 0 1
    outer loop
      vertex -18.97 4.68 2.885
      vertex -22.1548 1.81262 2.885
      vertex -22 1.73205 2.885
    endloop
  endfacet
  facet normal 0 0 1
    outer loop
      vertex -18.97 4.68 2.885
      vertex -22.316 1.87938 2.885
      vertex -22.1548 1.81262 2.885
    endloop
  endfacet
  facet normal 0 0 1
    outer loop
      vertex -18.97 4.68 2.885
      vertex -22.4824 1.93185 2.885
      vertex -22.316 1.87938 2.885
    endloop
  endfacet
  facet normal 0 0 1
    outer loop
      vertex -18.97 4.68 2.885
      vertex -22.6527 1.96961 2.885
      vertex -22.4824 1.93185 2.885
    endloop
  endfacet
  facet normal 0 0 1
    outer loop
      vertex -18.97 4.68 2.885
      vertex -22.8257 1.99239 2.885
      vertex -22.6527 1.96961 2.885
    endloop
  endfacet
  facet normal 0 0 1
    outer loop
      vertex -18.97 4.68 2.885
      vertex -23 2 2.885
      vertex -22.8257 1.99239 2.885
    endloop
  endfacet
  facet normal -0 0 1
    outer loop
      vertex -27.03 4.68 2.885
      vertex -23 2 2.885
      vertex -18.97 4.68 2.885
    endloop
  endfacet
  facet normal 0 0 1
    outer loop
      vertex -23 2 2.885
      vertex -27.03 4.68 2.885
      vertex -23.1743 1.99239 2.885
    endloop
  endfacet
  facet normal 0 0 1
    outer loop
      vertex -23.1743 1.99239 2.885
      vertex -27.03 4.68 2.885
      vertex -23.3473 1.96961 2.885
    endloop
  endfacet
  facet normal 0 0 1
    outer loop
      vertex -23.3473 1.96961 2.885
      vertex -27.03 4.68 2.885
      vertex -23.5176 1.93185 2.885
    endloop
  endfacet
  facet normal 0 0 1
    outer loop
      vertex -23.5176 1.93185 2.885
      vertex -27.03 4.68 2.885
      vertex -23.684 1.87938 2.885
    endloop
  endfacet
  facet normal 0 0 1
    outer loop
      vertex -23.684 1.87938 2.885
      vertex -27.03 4.68 2.885
      vertex -23.8452 1.81262 2.885
    endloop
  endfacet
  facet normal 0 0 1
    outer loop
      vertex -24.9924 0.174311 2.885
      vertex -27.03 4.68 2.885
      vertex -25 0 2.885
    endloop
  endfacet
  facet normal 0 0 1
    outer loop
      vertex -24.9696 0.347296 2.885
      vertex -27.03 4.68 2.885
      vertex -24.9924 0.174311 2.885
    endloop
  endfacet
  facet normal 0 0 1
    outer loop
      vertex -24.9319 0.517637 2.885
      vertex -27.03 4.68 2.885
      vertex -24.9696 0.347296 2.885
    endloop
  endfacet
  facet normal 0 0 1
    outer loop
      vertex -24.8794 0.68404 2.885
      vertex -27.03 4.68 2.885
      vertex -24.9319 0.517637 2.885
    endloop
  endfacet
  facet normal 0 0 1
    outer loop
      vertex -24.8126 0.845236 2.885
      vertex -27.03 4.68 2.885
      vertex -24.8794 0.68404 2.885
    endloop
  endfacet
  facet normal 0 0 1
    outer loop
      vertex -24.732 1 2.885
      vertex -27.03 4.68 2.885
      vertex -24.8126 0.845236 2.885
    endloop
  endfacet
  facet normal 0 0 1
    outer loop
      vertex -24.6383 1.14715 2.885
      vertex -27.03 4.68 2.885
      vertex -24.732 1 2.885
    endloop
  endfacet
  facet normal 0 0 1
    outer loop
      vertex -24.5321 1.28557 2.885
      vertex -27.03 4.68 2.885
      vertex -24.6383 1.14715 2.885
    endloop
  endfacet
  facet normal 0 0 1
    outer loop
      vertex -24.4142 1.41421 2.885
      vertex -27.03 4.68 2.885
      vertex -24.5321 1.28557 2.885
    endloop
  endfacet
  facet normal 0 0 1
    outer loop
      vertex -24.2856 1.53209 2.885
      vertex -27.03 4.68 2.885
      vertex -24.4142 1.41421 2.885
    endloop
  endfacet
  facet normal 0 0 1
    outer loop
      vertex -24.1472 1.6383 2.885
      vertex -27.03 4.68 2.885
      vertex -24.2856 1.53209 2.885
    endloop
  endfacet
  facet normal 0 0 1
    outer loop
      vertex -24 1.73205 2.885
      vertex -27.03 4.68 2.885
      vertex -24.1472 1.6383 2.885
    endloop
  endfacet
  facet normal 0 0 1
    outer loop
      vertex -23.8452 1.81262 2.885
      vertex -27.03 4.68 2.885
      vertex -24 1.73205 2.885
    endloop
  endfacet
  facet normal -0 0 1
    outer loop
      vertex -21.0076 -0.174311 2.885
      vertex -18.97 -4.68 2.885
      vertex -21 0 2.885
    endloop
  endfacet
  facet normal -0 0 1
    outer loop
      vertex -21.0304 -0.347296 2.885
      vertex -18.97 -4.68 2.885
      vertex -21.0076 -0.174311 2.885
    endloop
  endfacet
  facet normal -0 0 1
    outer loop
      vertex -21.0681 -0.517637 2.885
      vertex -18.97 -4.68 2.885
      vertex -21.0304 -0.347296 2.885
    endloop
  endfacet
  facet normal -0 0 1
    outer loop
      vertex -21.1206 -0.68404 2.885
      vertex -18.97 -4.68 2.885
      vertex -21.0681 -0.517637 2.885
    endloop
  endfacet
  facet normal -0 0 1
    outer loop
      vertex -21.1874 -0.845236 2.885
      vertex -18.97 -4.68 2.885
      vertex -21.1206 -0.68404 2.885
    endloop
  endfacet
  facet normal -0 0 1
    outer loop
      vertex -21.2679 -1 2.885
      vertex -18.97 -4.68 2.885
      vertex -21.1874 -0.845236 2.885
    endloop
  endfacet
  facet normal -0 0 1
    outer loop
      vertex -21.3617 -1.14715 2.885
      vertex -18.97 -4.68 2.885
      vertex -21.2679 -1 2.885
    endloop
  endfacet
  facet normal -0 0 1
    outer loop
      vertex -21.4679 -1.28557 2.885
      vertex -18.97 -4.68 2.885
      vertex -21.3617 -1.14715 2.885
    endloop
  endfacet
  facet normal -0 0 1
    outer loop
      vertex -21.5858 -1.41421 2.885
      vertex -18.97 -4.68 2.885
      vertex -21.4679 -1.28557 2.885
    endloop
  endfacet
  facet normal -0 0 1
    outer loop
      vertex -21.7144 -1.53209 2.885
      vertex -18.97 -4.68 2.885
      vertex -21.5858 -1.41421 2.885
    endloop
  endfacet
  facet normal -0 0 1
    outer loop
      vertex -21.8528 -1.6383 2.885
      vertex -18.97 -4.68 2.885
      vertex -21.7144 -1.53209 2.885
    endloop
  endfacet
  facet normal -0 0 1
    outer loop
      vertex -22 -1.73205 2.885
      vertex -18.97 -4.68 2.885
      vertex -21.8528 -1.6383 2.885
    endloop
  endfacet
  facet normal -0 0 1
    outer loop
      vertex -22.1548 -1.81262 2.885
      vertex -18.97 -4.68 2.885
      vertex -22 -1.73205 2.885
    endloop
  endfacet
  facet normal -0 0 1
    outer loop
      vertex -22.316 -1.87938 2.885
      vertex -18.97 -4.68 2.885
      vertex -22.1548 -1.81262 2.885
    endloop
  endfacet
  facet normal -0 0 1
    outer loop
      vertex -22.4824 -1.93185 2.885
      vertex -18.97 -4.68 2.885
      vertex -22.316 -1.87938 2.885
    endloop
  endfacet
  facet normal -0 0 1
    outer loop
      vertex -22.6527 -1.96961 2.885
      vertex -18.97 -4.68 2.885
      vertex -22.4824 -1.93185 2.885
    endloop
  endfacet
  facet normal -0 0 1
    outer loop
      vertex -22.8257 -1.99239 2.885
      vertex -18.97 -4.68 2.885
      vertex -22.6527 -1.96961 2.885
    endloop
  endfacet
  facet normal -0 0 1
    outer loop
      vertex -23 -2 2.885
      vertex -18.97 -4.68 2.885
      vertex -22.8257 -1.99239 2.885
    endloop
  endfacet
  facet normal 0 0 1
    outer loop
      vertex -27.03 -4.68 2.885
      vertex -23 -2 2.885
      vertex -23.1743 -1.99239 2.885
    endloop
  endfacet
  facet normal 0 0 1
    outer loop
      vertex -27.03 -4.68 2.885
      vertex -23.1743 -1.99239 2.885
      vertex -23.3473 -1.96961 2.885
    endloop
  endfacet
  facet normal 0 0 1
    outer loop
      vertex -27.03 -4.68 2.885
      vertex -23.3473 -1.96961 2.885
      vertex -23.5176 -1.93185 2.885
    endloop
  endfacet
  facet normal 0 0 1
    outer loop
      vertex -27.03 -4.68 2.885
      vertex -23.5176 -1.93185 2.885
      vertex -23.684 -1.87938 2.885
    endloop
  endfacet
  facet normal 0 0 1
    outer loop
      vertex -27.03 -4.68 2.885
      vertex -23.684 -1.87938 2.885
      vertex -23.8452 -1.81262 2.885
    endloop
  endfacet
  facet normal 0 0 1
    outer loop
      vertex -27.03 -4.68 2.885
      vertex -23.8452 -1.81262 2.885
      vertex -24 -1.73205 2.885
    endloop
  endfacet
  facet normal 0 0 1
    outer loop
      vertex -27.03 -4.68 2.885
      vertex -25 0 2.885
      vertex -27.03 4.68 2.885
    endloop
  endfacet
  facet normal 0 0 1
    outer loop
      vertex -25 0 2.885
      vertex -27.03 -4.68 2.885
      vertex -24.9924 -0.174311 2.885
    endloop
  endfacet
  facet normal 0 0 1
    outer loop
      vertex -24.9924 -0.174311 2.885
      vertex -27.03 -4.68 2.885
      vertex -24.9696 -0.347296 2.885
    endloop
  endfacet
  facet normal 0 0 1
    outer loop
      vertex -24.9696 -0.347296 2.885
      vertex -27.03 -4.68 2.885
      vertex -24.9319 -0.517637 2.885
    endloop
  endfacet
  facet normal 0 0 1
    outer loop
      vertex -23 -2 2.885
      vertex -27.03 -4.68 2.885
      vertex -18.97 -4.68 2.885
    endloop
  endfacet
  facet normal 0 0 1
    outer loop
      vertex -24.1472 -1.6383 2.885
      vertex -27.03 -4.68 2.885
      vertex -24 -1.73205 2.885
    endloop
  endfacet
  facet normal 0 0 1
    outer loop
      vertex -24.2856 -1.53209 2.885
      vertex -27.03 -4.68 2.885
      vertex -24.1472 -1.6383 2.885
    endloop
  endfacet
  facet normal 0 0 1
    outer loop
      vertex -24.4142 -1.41421 2.885
      vertex -27.03 -4.68 2.885
      vertex -24.2856 -1.53209 2.885
    endloop
  endfacet
  facet normal 0 0 1
    outer loop
      vertex -24.5321 -1.28557 2.885
      vertex -27.03 -4.68 2.885
      vertex -24.4142 -1.41421 2.885
    endloop
  endfacet
  facet normal 0 0 1
    outer loop
      vertex -24.6383 -1.14715 2.885
      vertex -27.03 -4.68 2.885
      vertex -24.5321 -1.28557 2.885
    endloop
  endfacet
  facet normal 0 0 1
    outer loop
      vertex -24.732 -1 2.885
      vertex -27.03 -4.68 2.885
      vertex -24.6383 -1.14715 2.885
    endloop
  endfacet
  facet normal 0 0 1
    outer loop
      vertex -24.8126 -0.845236 2.885
      vertex -27.03 -4.68 2.885
      vertex -24.732 -1 2.885
    endloop
  endfacet
  facet normal 0 0 1
    outer loop
      vertex -24.8794 -0.68404 2.885
      vertex -27.03 -4.68 2.885
      vertex -24.8126 -0.845236 2.885
    endloop
  endfacet
  facet normal 0 0 1
    outer loop
      vertex -24.9319 -0.517637 2.885
      vertex -27.03 -4.68 2.885
      vertex -24.8794 -0.68404 2.885
    endloop
  endfacet
  facet normal 0 -1 0
    outer loop
      vertex -24 -9 1.05
      vertex 24 -9 7
      vertex -24 -9 7
    endloop
  endfacet
  facet normal 0 -1 0
    outer loop
      vertex -24 -9 1.05
      vertex 24 -9 1.05
      vertex 24 -9 7
    endloop
  endfacet
  facet normal 0 -1 0
    outer loop
      vertex -24 -9 0
      vertex 24 -9 1.05
      vertex -24 -9 1.05
    endloop
  endfacet
  facet normal 0 -1 -0
    outer loop
      vertex 24 -9 1.05
      vertex -24 -9 0
      vertex 24 -9 0
    endloop
  endfacet
  facet normal -0.962206 -0.272322 0
    outer loop
      vertex -30.2155 6.5 1.05
      vertex -30.2173 6.50636 7
      vertex -30.2173 6.50636 1.05
    endloop
  endfacet
  facet normal -0.962206 -0.272322 0
    outer loop
      vertex -30.2173 6.50636 7
      vertex -30.2155 6.5 1.05
      vertex -30.2155 6.5 7
    endloop
  endfacet
  facet normal -0.67557 0.737296 0
    outer loop
      vertex -30.2155 6.5 1.05
      vertex -30.3408 6.38519 7
      vertex -30.2155 6.5 7
    endloop
  endfacet
  facet normal -0.67557 0.737296 0
    outer loop
      vertex -30.3408 6.38519 7
      vertex -30.2155 6.5 1.05
      vertex -30.3408 6.38519 1.05
    endloop
  endfacet
  facet normal -0.737287 0.67558 0
    outer loop
      vertex -30.8944 5.78509 1.05
      vertex -30.3852 6.3408 7
      vertex -30.3852 6.3408 1.05
    endloop
  endfacet
  facet normal -0.737287 0.67558 0
    outer loop
      vertex -30.3852 6.3408 7
      vertex -30.8944 5.78509 1.05
      vertex -30.8944 5.78509 7
    endloop
  endfacet
  facet normal -0.793383 0.608723 0
    outer loop
      vertex -31.3532 5.18711 1.05
      vertex -30.8944 5.78509 7
      vertex -30.8944 5.78509 1.05
    endloop
  endfacet
  facet normal -0.793383 0.608723 0
    outer loop
      vertex -30.8944 5.78509 7
      vertex -31.3532 5.18711 1.05
      vertex -31.3532 5.18711 7
    endloop
  endfacet
  facet normal -0.843379 0.537319 0
    outer loop
      vertex -31.7942 4.5 1.05
      vertex -31.3892 5.13569 7
      vertex -31.3892 5.13569 1.05
    endloop
  endfacet
  facet normal -0.843379 0.537319 0
    outer loop
      vertex -31.3892 5.13569 7
      vertex -31.7942 4.5 1.05
      vertex -31.7942 4.5 7
    endloop
  endfacet
  facet normal -0.88697 0.461827 0
    outer loop
      vertex -32.1423 3.83145 1.05
      vertex -31.7942 4.5 7
      vertex -31.7942 4.5 1.05
    endloop
  endfacet
  facet normal -0.88697 0.461827 0
    outer loop
      vertex -31.7942 4.5 7
      vertex -32.1423 3.83145 1.05
      vertex -32.1423 3.83145 7
    endloop
  endfacet
  facet normal -0.923895 0.382646 0
    outer loop
      vertex -32.4572 3.07818 1.05
      vertex -32.1688 3.77452 7
      vertex -32.1688 3.77452 1.05
    endloop
  endfacet
  facet normal -0.923895 0.382646 0
    outer loop
      vertex -32.1688 3.77452 7
      vertex -32.4572 3.07818 1.05
      vertex -32.4572 3.07818 7
    endloop
  endfacet
  facet normal -0.953699 0.300763 0
    outer loop
      vertex -32.6839 2.35933 1.05
      vertex -32.4572 3.07818 7
      vertex -32.4572 3.07818 1.05
    endloop
  endfacet
  facet normal -0.953699 0.300763 0
    outer loop
      vertex -32.4572 3.07818 7
      vertex -32.6839 2.35933 1.05
      vertex -32.6839 2.35933 7
    endloop
  endfacet
  facet normal -0.976279 0.216517 0
    outer loop
      vertex -32.8633 1.56283 1.05
      vertex -32.7001 2.2987 7
      vertex -32.7001 2.2987 1.05
    endloop
  endfacet
  facet normal -0.976279 0.216517 0
    outer loop
      vertex -32.7001 2.2987 7
      vertex -32.8633 1.56283 1.05
      vertex -32.8633 1.56283 7
    endloop
  endfacet
  facet normal -0.991442 0.13055 0
    outer loop
      vertex -32.9617 0.815548 1.05
      vertex -32.8633 1.56283 7
      vertex -32.8633 1.56283 1.05
    endloop
  endfacet
  facet normal -0.991442 0.13055 0
    outer loop
      vertex -32.8633 1.56283 7
      vertex -32.9617 0.815548 1.05
      vertex -32.9617 0.815548 7
    endloop
  endfacet
  facet normal -0.999047 0.0436495 0
    outer loop
      vertex -33 0 1.05
      vertex -32.9671 0.753013 7
      vertex -32.9671 0.753013 1.05
    endloop
  endfacet
  facet normal -0.999047 0.0436495 0
    outer loop
      vertex -32.9671 0.753013 7
      vertex -33 0 1.05
      vertex -33 0 7
    endloop
  endfacet
  facet normal -0.999047 -0.0436495 0
    outer loop
      vertex -32.9671 -0.753013 1.05
      vertex -33 0 7
      vertex -33 0 1.05
    endloop
  endfacet
  facet normal -0.999047 -0.0436495 0
    outer loop
      vertex -33 0 7
      vertex -32.9671 -0.753013 1.05
      vertex -32.9671 -0.753013 7
    endloop
  endfacet
  facet normal -0.991442 -0.13055 0
    outer loop
      vertex -32.8633 -1.56283 1.05
      vertex -32.9617 -0.815548 7
      vertex -32.9617 -0.815548 1.05
    endloop
  endfacet
  facet normal -0.991442 -0.13055 0
    outer loop
      vertex -32.9617 -0.815548 7
      vertex -32.8633 -1.56283 1.05
      vertex -32.8633 -1.56283 7
    endloop
  endfacet
  facet normal -0.976279 -0.216517 0
    outer loop
      vertex -32.7001 -2.2987 1.05
      vertex -32.8633 -1.56283 7
      vertex -32.8633 -1.56283 1.05
    endloop
  endfacet
  facet normal -0.976279 -0.216517 0
    outer loop
      vertex -32.8633 -1.56283 7
      vertex -32.7001 -2.2987 1.05
      vertex -32.7001 -2.2987 7
    endloop
  endfacet
  facet normal -0.953699 -0.300763 0
    outer loop
      vertex -32.4572 -3.07818 1.05
      vertex -32.6839 -2.35933 7
      vertex -32.6839 -2.35933 1.05
    endloop
  endfacet
  facet normal -0.953699 -0.300763 0
    outer loop
      vertex -32.6839 -2.35933 7
      vertex -32.4572 -3.07818 1.05
      vertex -32.4572 -3.07818 7
    endloop
  endfacet
  facet normal -0.923895 -0.382646 0
    outer loop
      vertex -32.1688 -3.77452 1.05
      vertex -32.4572 -3.07818 7
      vertex -32.4572 -3.07818 1.05
    endloop
  endfacet
  facet normal -0.923895 -0.382646 0
    outer loop
      vertex -32.4572 -3.07818 7
      vertex -32.1688 -3.77452 1.05
      vertex -32.1688 -3.77452 7
    endloop
  endfacet
  facet normal -0.88697 -0.461827 0
    outer loop
      vertex -31.7942 -4.5 1.05
      vertex -32.1423 -3.83145 7
      vertex -32.1423 -3.83145 1.05
    endloop
  endfacet
  facet normal -0.88697 -0.461827 0
    outer loop
      vertex -32.1423 -3.83145 7
      vertex -31.7942 -4.5 1.05
      vertex -31.7942 -4.5 7
    endloop
  endfacet
  facet normal -0.843379 -0.537319 0
    outer loop
      vertex -31.3892 -5.13569 1.05
      vertex -31.7942 -4.5 7
      vertex -31.7942 -4.5 1.05
    endloop
  endfacet
  facet normal -0.843379 -0.537319 0
    outer loop
      vertex -31.7942 -4.5 7
      vertex -31.3892 -5.13569 1.05
      vertex -31.3892 -5.13569 7
    endloop
  endfacet
  facet normal -0.793383 -0.608723 0
    outer loop
      vertex -30.8944 -5.78509 1.05
      vertex -31.3532 -5.18711 7
      vertex -31.3532 -5.18711 1.05
    endloop
  endfacet
  facet normal -0.793383 -0.608723 0
    outer loop
      vertex -31.3532 -5.18711 7
      vertex -30.8944 -5.78509 1.05
      vertex -30.8944 -5.78509 7
    endloop
  endfacet
  facet normal -0.737287 -0.67558 0
    outer loop
      vertex -30.3852 -6.3408 1.05
      vertex -30.8944 -5.78509 7
      vertex -30.8944 -5.78509 1.05
    endloop
  endfacet
  facet normal -0.737287 -0.67558 0
    outer loop
      vertex -30.8944 -5.78509 7
      vertex -30.3852 -6.3408 1.05
      vertex -30.3852 -6.3408 7
    endloop
  endfacet
  facet normal -0.675601 -0.737268 0
    outer loop
      vertex -30.3408 -6.38518 1.05
      vertex -29.7851 -6.8944 7
      vertex -30.3408 -6.38518 7
    endloop
  endfacet
  facet normal -0.675601 -0.737268 -0
    outer loop
      vertex -29.7851 -6.8944 7
      vertex -30.3408 -6.38518 1.05
      vertex -29.7851 -6.8944 1.05
    endloop
  endfacet
  facet normal -0.608743 -0.793367 0
    outer loop
      vertex -29.7851 -6.8944 1.05
      vertex -29.1871 -7.35324 7
      vertex -29.7851 -6.8944 7
    endloop
  endfacet
  facet normal -0.608743 -0.793367 -0
    outer loop
      vertex -29.1871 -7.35324 7
      vertex -29.7851 -6.8944 1.05
      vertex -29.1871 -7.35324 1.05
    endloop
  endfacet
  facet normal -0.537294 -0.843395 0
    outer loop
      vertex -29.1357 -7.38925 1.05
      vertex -28.5 -7.79423 7
      vertex -29.1357 -7.38925 7
    endloop
  endfacet
  facet normal -0.537294 -0.843395 -0
    outer loop
      vertex -28.5 -7.79423 7
      vertex -29.1357 -7.38925 1.05
      vertex -28.5 -7.79423 1.05
    endloop
  endfacet
  facet normal -0.461727 -0.887022 0
    outer loop
      vertex -28.5 -7.79423 1.05
      vertex -27.8314 -8.14226 7
      vertex -28.5 -7.79423 7
    endloop
  endfacet
  facet normal -0.461727 -0.887022 -0
    outer loop
      vertex -27.8314 -8.14226 7
      vertex -28.5 -7.79423 1.05
      vertex -27.8314 -8.14226 1.05
    endloop
  endfacet
  facet normal -0.382698 -0.923873 0
    outer loop
      vertex -27.7745 -8.1688 1.05
      vertex -27.0782 -8.45723 7
      vertex -27.7745 -8.1688 7
    endloop
  endfacet
  facet normal -0.382698 -0.923873 -0
    outer loop
      vertex -27.0782 -8.45723 7
      vertex -27.7745 -8.1688 1.05
      vertex -27.0782 -8.45723 1.05
    endloop
  endfacet
  facet normal -0.300684 -0.953724 0
    outer loop
      vertex -27.0782 -8.45723 1.05
      vertex -26.3593 -8.68388 7
      vertex -27.0782 -8.45723 7
    endloop
  endfacet
  facet normal -0.300684 -0.953724 -0
    outer loop
      vertex -26.3593 -8.68388 7
      vertex -27.0782 -8.45723 1.05
      vertex -26.3593 -8.68388 1.05
    endloop
  endfacet
  facet normal -0.216433 -0.976297 0
    outer loop
      vertex -26.2987 -8.70013 1.05
      vertex -25.5628 -8.86327 7
      vertex -26.2987 -8.70013 7
    endloop
  endfacet
  facet normal -0.216433 -0.976297 -0
    outer loop
      vertex -25.5628 -8.86327 7
      vertex -26.2987 -8.70013 1.05
      vertex -25.5628 -8.86327 1.05
    endloop
  endfacet
  facet normal -0.130521 -0.991446 0
    outer loop
      vertex -25.5628 -8.86327 1.05
      vertex -24.8155 -8.96165 7
      vertex -25.5628 -8.86327 7
    endloop
  endfacet
  facet normal -0.130521 -0.991446 -0
    outer loop
      vertex -24.8155 -8.96165 7
      vertex -25.5628 -8.86327 1.05
      vertex -24.8155 -8.96165 1.05
    endloop
  endfacet
  facet normal -0.0436238 -0.999048 0
    outer loop
      vertex -24.753 -8.96712 1.05
      vertex -24 -9 7
      vertex -24.753 -8.96712 7
    endloop
  endfacet
  facet normal -0.0436238 -0.999048 -0
    outer loop
      vertex -24 -9 7
      vertex -24.753 -8.96712 1.05
      vertex -24 -9 1.05
    endloop
  endfacet
  facet normal -0.991422 0.130698 0
    outer loop
      vertex -21.0114 -0.203152 0
      vertex -21.0266 -0.318453 0
      vertex -21.0114 -0.203152 1.05
    endloop
  endfacet
  facet normal -0.991431 0.130628 0
    outer loop
      vertex -21.0114 -0.203152 1.05
      vertex -21.0076 -0.174311 2.885
      vertex -21.0076 -0.174311 1.05
    endloop
  endfacet
  facet normal -0.991422 0.130698 0
    outer loop
      vertex -21.0266 -0.318453 1.05
      vertex -21.0114 -0.203152 1.05
      vertex -21.0266 -0.318453 0
    endloop
  endfacet
  facet normal -0.991422 0.130698 -1.1218e-06
    outer loop
      vertex -21.0114 -0.203152 1.05
      vertex -21.0266 -0.318453 1.05
      vertex -21.0076 -0.174311 2.885
    endloop
  endfacet
  facet normal -0.991433 0.130619 0
    outer loop
      vertex -21.0304 -0.347296 2.885
      vertex -21.0266 -0.318453 1.05
      vertex -21.0304 -0.347296 1.05
    endloop
  endfacet
  facet normal -0.991425 0.130673 8.66407e-07
    outer loop
      vertex -21.0266 -0.318453 1.05
      vertex -21.0304 -0.347296 2.885
      vertex -21.0076 -0.174311 2.885
    endloop
  endfacet
  facet normal -0.976409 0.215929 0
    outer loop
      vertex -21.0342 -0.364345 0
      vertex -21.0681 -0.517637 0
      vertex -21.0342 -0.364345 1.05
    endloop
  endfacet
  facet normal -0.976049 0.217549 0
    outer loop
      vertex -21.0342 -0.364345 1.05
      vertex -21.0304 -0.347296 2.885
      vertex -21.0304 -0.347296 1.05
    endloop
  endfacet
  facet normal -0.976409 0.215929 0
    outer loop
      vertex -21.0681 -0.517637 2.885
      vertex -21.0342 -0.364345 1.05
      vertex -21.0681 -0.517637 0
    endloop
  endfacet
  facet normal -0.976373 0.216092 1.42079e-05
    outer loop
      vertex -21.0342 -0.364345 1.05
      vertex -21.0681 -0.517637 2.885
      vertex -21.0304 -0.347296 2.885
    endloop
  endfacet
  facet normal -0.953562 0.301198 0
    outer loop
      vertex -21.1154 -0.667384 1.05
      vertex -21.0681 -0.517637 0
      vertex -21.1154 -0.667384 0
    endloop
  endfacet
  facet normal -0.953562 0.301198 0
    outer loop
      vertex -21.0681 -0.517637 0
      vertex -21.1154 -0.667384 1.05
      vertex -21.0681 -0.517637 2.885
    endloop
  endfacet
  facet normal -0.954562 0.298014 0
    outer loop
      vertex -21.1206 -0.68404 2.885
      vertex -21.1154 -0.667384 1.05
      vertex -21.1206 -0.68404 1.05
    endloop
  endfacet
  facet normal -0.953662 0.30088 2.85596e-05
    outer loop
      vertex -21.1154 -0.667384 1.05
      vertex -21.1206 -0.68404 2.885
      vertex -21.0681 -0.517637 2.885
    endloop
  endfacet
  facet normal -0.924171 0.381978 0
    outer loop
      vertex -21.1318 -0.710927 0
      vertex -21.1762 -0.81835 0
      vertex -21.1318 -0.710927 1.05
    endloop
  endfacet
  facet normal -0.923112 0.38453 0
    outer loop
      vertex -21.1318 -0.710927 1.05
      vertex -21.1206 -0.68404 2.885
      vertex -21.1206 -0.68404 1.05
    endloop
  endfacet
  facet normal -0.924171 0.381978 0
    outer loop
      vertex -21.1762 -0.81835 1.05
      vertex -21.1318 -0.710927 1.05
      vertex -21.1762 -0.81835 0
    endloop
  endfacet
  facet normal -0.924171 0.381978 4.38585e-05
    outer loop
      vertex -21.1318 -0.710927 1.05
      vertex -21.1762 -0.81835 1.05
      vertex -21.1206 -0.68404 2.885
    endloop
  endfacet
  facet normal -0.923107 0.384542 0
    outer loop
      vertex -21.1874 -0.845236 2.885
      vertex -21.1762 -0.81835 1.05
      vertex -21.1874 -0.845236 1.05
    endloop
  endfacet
  facet normal -0.923818 0.382832 -2.93903e-05
    outer loop
      vertex -21.1762 -0.81835 1.05
      vertex -21.1874 -0.845236 2.885
      vertex -21.1206 -0.68404 2.885
    endloop
  endfacet
  facet normal -0.887015 0.461741 0
    outer loop
      vertex -21.1954 -0.860726 0
      vertex -21.2679 -1 0
      vertex -21.1954 -0.860726 1.05
    endloop
  endfacet
  facet normal -0.8885 0.458877 0
    outer loop
      vertex -21.1954 -0.860726 1.05
      vertex -21.1874 -0.845236 2.885
      vertex -21.1874 -0.845236 1.05
    endloop
  endfacet
  facet normal -0.887015 0.461741 0
    outer loop
      vertex -21.2679 -1 2.885
      vertex -21.1954 -0.860726 1.05
      vertex -21.2679 -1 0
    endloop
  endfacet
  facet normal -0.887163 0.461455 -2.75934e-05
    outer loop
      vertex -21.1954 -0.860726 1.05
      vertex -21.2679 -1 2.885
      vertex -21.1874 -0.845236 2.885
    endloop
  endfacet
  facet normal -0.843297 0.537448 0
    outer loop
      vertex -21.3523 -1.13243 1.05
      vertex -21.2679 -1 0
      vertex -21.3523 -1.13243 0
    endloop
  endfacet
  facet normal -0.843297 0.537448 0
    outer loop
      vertex -21.2679 -1 0
      vertex -21.3523 -1.13243 1.05
      vertex -21.2679 -1 2.885
    endloop
  endfacet
  facet normal -0.842812 0.538209 0
    outer loop
      vertex -21.3617 -1.14715 2.885
      vertex -21.3523 -1.13243 1.05
      vertex -21.3617 -1.14715 1.05
    endloop
  endfacet
  facet normal -0.843248 0.537524 -7.72607e-06
    outer loop
      vertex -21.3523 -1.13243 1.05
      vertex -21.3617 -1.14715 2.885
      vertex -21.2679 -1 2.885
    endloop
  endfacet
  facet normal -0.79339 0.608713 0
    outer loop
      vertex -21.3794 -1.17022 0
      vertex -21.4502 -1.2625 0
      vertex -21.3794 -1.17022 1.05
    endloop
  endfacet
  facet normal -0.79339 0.608713 0
    outer loop
      vertex -21.3794 -1.17022 1.05
      vertex -21.3617 -1.14715 2.885
      vertex -21.3617 -1.14715 1.05
    endloop
  endfacet
  facet normal -0.79339 0.608713 0
    outer loop
      vertex -21.4502 -1.2625 1.05
      vertex -21.3794 -1.17022 1.05
      vertex -21.4502 -1.2625 0
    endloop
  endfacet
  facet normal -0.79339 0.608713 7.13215e-16
    outer loop
      vertex -21.3794 -1.17022 1.05
      vertex -21.4502 -1.2625 1.05
      vertex -21.3617 -1.14715 2.885
    endloop
  endfacet
  facet normal -0.79339 0.608713 0
    outer loop
      vertex -21.4679 -1.28557 2.885
      vertex -21.4502 -1.2625 1.05
      vertex -21.4679 -1.28557 1.05
    endloop
  endfacet
  facet normal -0.79339 0.608713 -4.75477e-16
    outer loop
      vertex -21.4502 -1.2625 1.05
      vertex -21.4679 -1.28557 2.885
      vertex -21.3617 -1.14715 2.885
    endloop
  endfacet
  facet normal -0.737196 0.675678 0
    outer loop
      vertex -21.4797 -1.29845 0
      vertex -21.5858 -1.41421 0
      vertex -21.4797 -1.29845 1.05
    endloop
  endfacet
  facet normal -0.737344 0.675517 0
    outer loop
      vertex -21.4797 -1.29845 1.05
      vertex -21.4679 -1.28557 2.885
      vertex -21.4679 -1.28557 1.05
    endloop
  endfacet
  facet normal -0.737196 0.675678 0
    outer loop
      vertex -21.5858 -1.41421 2.885
      vertex -21.4797 -1.29845 1.05
      vertex -21.5858 -1.41421 0
    endloop
  endfacet
  facet normal -0.737211 0.675662 -1.87383e-06
    outer loop
      vertex -21.4797 -1.29845 1.05
      vertex -21.5858 -1.41421 2.885
      vertex -21.4679 -1.28557 2.885
    endloop
  endfacet
  facet normal -0.675714 0.737164 2.69149e-05
    outer loop
      vertex -21.5858 -1.41421 2.885
      vertex -21.7016 -1.52029 1.05
      vertex -21.7144 -1.53209 2.885
    endloop
  endfacet
  facet normal -0.675482 0.737376 0
    outer loop
      vertex -21.5858 -1.41421 0
      vertex -21.7016 -1.52029 1.05
      vertex -21.5858 -1.41421 2.885
    endloop
  endfacet
  facet normal -0.675482 0.737376 0
    outer loop
      vertex -21.7016 -1.52029 1.05
      vertex -21.5858 -1.41421 0
      vertex -21.7016 -1.52029 0
    endloop
  endfacet
  facet normal -0.677803 0.735244 0
    outer loop
      vertex -21.7144 -1.53209 2.885
      vertex -21.7016 -1.52029 1.05
      vertex -21.7144 -1.53209 1.05
    endloop
  endfacet
  facet normal -0.608684 0.793413 0
    outer loop
      vertex -21.7375 -1.54979 0
      vertex -21.8298 -1.6206 1.05
      vertex -21.7375 -1.54979 1.05
    endloop
  endfacet
  facet normal -0.608684 0.793413 0
    outer loop
      vertex -21.8298 -1.6206 1.05
      vertex -21.7375 -1.54979 0
      vertex -21.8298 -1.6206 0
    endloop
  endfacet
  facet normal -0.608215 0.793772 0
    outer loop
      vertex -21.7375 -1.54979 1.05
      vertex -21.7144 -1.53209 2.885
      vertex -21.7144 -1.53209 1.05
    endloop
  endfacet
  facet normal -0.608805 0.79332 1.17797e-05
    outer loop
      vertex -21.7144 -1.53209 2.885
      vertex -21.7375 -1.54979 1.05
      vertex -21.8528 -1.6383 2.885
    endloop
  endfacet
  facet normal -0.608684 0.793413 2.37972e-05
    outer loop
      vertex -21.8298 -1.6206 1.05
      vertex -21.8528 -1.6383 2.885
      vertex -21.7375 -1.54979 1.05
    endloop
  endfacet
  facet normal -0.609877 0.792496 0
    outer loop
      vertex -21.8528 -1.6383 2.885
      vertex -21.8298 -1.6206 1.05
      vertex -21.8528 -1.6383 1.05
    endloop
  endfacet
  facet normal -0.535324 0.844647 0
    outer loop
      vertex -21.8676 -1.64768 1.05
      vertex -21.8528 -1.6383 2.885
      vertex -21.8528 -1.6383 1.05
    endloop
  endfacet
  facet normal -0.537191 0.843461 2.11215e-05
    outer loop
      vertex -21.8528 -1.6383 2.885
      vertex -21.8676 -1.64768 1.05
      vertex -22 -1.73205 2.885
    endloop
  endfacet
  facet normal -0.537399 0.843328 0
    outer loop
      vertex -22 -1.73205 0
      vertex -21.8676 -1.64768 1.05
      vertex -21.8676 -1.64768 0
    endloop
  endfacet
  facet normal -0.537399 0.843328 0
    outer loop
      vertex -21.8676 -1.64768 1.05
      vertex -22 -1.73205 0
      vertex -22 -1.73205 2.885
    endloop
  endfacet
  facet normal -0.461686 0.887043 1.25222e-06
    outer loop
      vertex -22 -1.73205 2.885
      vertex -22.1393 -1.80455 1.05
      vertex -22.1548 -1.81262 2.885
    endloop
  endfacet
  facet normal -0.461674 0.88705 0
    outer loop
      vertex -22 -1.73205 0
      vertex -22.1393 -1.80455 1.05
      vertex -22 -1.73205 2.885
    endloop
  endfacet
  facet normal -0.461674 0.88705 0
    outer loop
      vertex -22.1393 -1.80455 1.05
      vertex -22 -1.73205 0
      vertex -22.1393 -1.80455 0
    endloop
  endfacet
  facet normal -0.461803 0.886982 0
    outer loop
      vertex -22.1548 -1.81262 2.885
      vertex -22.1393 -1.80455 1.05
      vertex -22.1548 -1.81262 1.05
    endloop
  endfacet
  facet normal -0.382478 0.923964 0
    outer loop
      vertex -22.1816 -1.82375 0
      vertex -22.2891 -1.86825 1.05
      vertex -22.1816 -1.82375 1.05
    endloop
  endfacet
  facet normal -0.382478 0.923964 0
    outer loop
      vertex -22.2891 -1.86825 1.05
      vertex -22.1816 -1.82375 0
      vertex -22.2891 -1.86825 0
    endloop
  endfacet
  facet normal -0.383539 0.923525 0
    outer loop
      vertex -22.1816 -1.82375 1.05
      vertex -22.1548 -1.81262 2.885
      vertex -22.1548 -1.81262 1.05
    endloop
  endfacet
  facet normal -0.382629 0.923902 -1.55794e-05
    outer loop
      vertex -22.1548 -1.81262 2.885
      vertex -22.1816 -1.82375 1.05
      vertex -22.316 -1.87938 2.885
    endloop
  endfacet
  facet normal -0.382478 0.923964 -2.69326e-06
    outer loop
      vertex -22.2891 -1.86825 1.05
      vertex -22.316 -1.87938 2.885
      vertex -22.1816 -1.82375 1.05
    endloop
  endfacet
  facet normal -0.382321 0.924029 0
    outer loop
      vertex -22.316 -1.87938 2.885
      vertex -22.2891 -1.86825 1.05
      vertex -22.316 -1.87938 1.05
    endloop
  endfacet
  facet normal -0.302066 0.953287 0
    outer loop
      vertex -22.3326 -1.88464 1.05
      vertex -22.316 -1.87938 2.885
      vertex -22.316 -1.87938 1.05
    endloop
  endfacet
  facet normal -0.300728 0.95371 -1.33119e-05
    outer loop
      vertex -22.316 -1.87938 2.885
      vertex -22.3326 -1.88464 1.05
      vertex -22.4824 -1.93185 2.885
    endloop
  endfacet
  facet normal -0.30058 0.953757 0
    outer loop
      vertex -22.4824 -1.93185 0
      vertex -22.3326 -1.88464 1.05
      vertex -22.3326 -1.88464 0
    endloop
  endfacet
  facet normal -0.30058 0.953757 0
    outer loop
      vertex -22.3326 -1.88464 1.05
      vertex -22.4824 -1.93185 0
      vertex -22.4824 -1.93185 2.885
    endloop
  endfacet
  facet normal -0.216469 0.976289 3.46777e-07
    outer loop
      vertex -22.4824 -1.93185 2.885
      vertex -22.6357 -1.96584 1.05
      vertex -22.6527 -1.96961 2.885
    endloop
  endfacet
  facet normal -0.216465 0.97629 0
    outer loop
      vertex -22.4824 -1.93185 0
      vertex -22.6357 -1.96584 1.05
      vertex -22.4824 -1.93185 2.885
    endloop
  endfacet
  facet normal -0.216465 0.97629 0
    outer loop
      vertex -22.6357 -1.96584 1.05
      vertex -22.4824 -1.93185 0
      vertex -22.6357 -1.96584 0
    endloop
  endfacet
  facet normal -0.216505 0.976282 0
    outer loop
      vertex -22.6527 -1.96961 2.885
      vertex -22.6357 -1.96584 1.05
      vertex -22.6527 -1.96961 1.05
    endloop
  endfacet
  facet normal -0.13053 0.991444 0
    outer loop
      vertex -22.6815 -1.97341 0
      vertex -22.7968 -1.98859 1.05
      vertex -22.6815 -1.97341 1.05
    endloop
  endfacet
  facet normal -0.13053 0.991444 0
    outer loop
      vertex -22.7968 -1.98859 1.05
      vertex -22.6815 -1.97341 0
      vertex -22.7968 -1.98859 0
    endloop
  endfacet
  facet normal -0.130811 0.991407 0
    outer loop
      vertex -22.6815 -1.97341 1.05
      vertex -22.6527 -1.96961 2.885
      vertex -22.6527 -1.96961 1.05
    endloop
  endfacet
  facet normal -0.130549 0.991442 -4.17245e-06
    outer loop
      vertex -22.6527 -1.96961 2.885
      vertex -22.6815 -1.97341 1.05
      vertex -22.8257 -1.99239 2.885
    endloop
  endfacet
  facet normal -0.13053 0.991444 -2.63354e-06
    outer loop
      vertex -22.7968 -1.98859 1.05
      vertex -22.8257 -1.99239 2.885
      vertex -22.6815 -1.97341 1.05
    endloop
  endfacet
  facet normal -0.130366 0.991466 0
    outer loop
      vertex -22.8257 -1.99239 2.885
      vertex -22.7968 -1.98859 1.05
      vertex -22.8257 -1.99239 1.05
    endloop
  endfacet
  facet normal -0.0436366 0.999047 0
    outer loop
      vertex -22.8431 -1.99315 1.05
      vertex -22.8257 -1.99239 2.885
      vertex -22.8257 -1.99239 1.05
    endloop
  endfacet
  facet normal -0.0436188 0.999048 -1.68673e-07
    outer loop
      vertex -22.8257 -1.99239 2.885
      vertex -22.8431 -1.99315 1.05
      vertex -23 -2 2.885
    endloop
  endfacet
  facet normal -0.0436168 0.999048 0
    outer loop
      vertex -23 -2 0
      vertex -22.8431 -1.99315 1.05
      vertex -22.8431 -1.99315 0
    endloop
  endfacet
  facet normal -0.0436168 0.999048 0
    outer loop
      vertex -22.8431 -1.99315 1.05
      vertex -23 -2 0
      vertex -23 -2 2.885
    endloop
  endfacet
  facet normal 0.0436188 0.999048 -1.68673e-07
    outer loop
      vertex -23 -2 2.885
      vertex -23.1569 -1.99315 1.05
      vertex -23.1743 -1.99239 2.885
    endloop
  endfacet
  facet normal 0.0436168 0.999048 -0
    outer loop
      vertex -23 -2 0
      vertex -23.1569 -1.99315 1.05
      vertex -23 -2 2.885
    endloop
  endfacet
  facet normal 0.0436168 0.999048 0
    outer loop
      vertex -23.1569 -1.99315 1.05
      vertex -23 -2 0
      vertex -23.1569 -1.99315 0
    endloop
  endfacet
  facet normal 0.0436366 0.999047 0
    outer loop
      vertex -23.1743 -1.99239 2.885
      vertex -23.1569 -1.99315 1.05
      vertex -23.1743 -1.99239 1.05
    endloop
  endfacet
  facet normal 0.13053 0.991444 -0
    outer loop
      vertex -23.2032 -1.98859 0
      vertex -23.3185 -1.97341 1.05
      vertex -23.2032 -1.98859 1.05
    endloop
  endfacet
  facet normal 0.13053 0.991444 0
    outer loop
      vertex -23.3185 -1.97341 1.05
      vertex -23.2032 -1.98859 0
      vertex -23.3185 -1.97341 0
    endloop
  endfacet
  facet normal 0.130366 0.991466 0
    outer loop
      vertex -23.2032 -1.98859 1.05
      vertex -23.1743 -1.99239 2.885
      vertex -23.1743 -1.99239 1.05
    endloop
  endfacet
  facet normal 0.130549 0.991442 -2.94195e-06
    outer loop
      vertex -23.1743 -1.99239 2.885
      vertex -23.2032 -1.98859 1.05
      vertex -23.3473 -1.96961 2.885
    endloop
  endfacet
  facet normal 0.13053 0.991444 -4.47982e-06
    outer loop
      vertex -23.3185 -1.97341 1.05
      vertex -23.3473 -1.96961 2.885
      vertex -23.2032 -1.98859 1.05
    endloop
  endfacet
  facet normal 0.130811 0.991407 0
    outer loop
      vertex -23.3473 -1.96961 2.885
      vertex -23.3185 -1.97341 1.05
      vertex -23.3473 -1.96961 1.05
    endloop
  endfacet
  facet normal 0.216505 0.976282 0
    outer loop
      vertex -23.3643 -1.96584 1.05
      vertex -23.3473 -1.96961 2.885
      vertex -23.3473 -1.96961 1.05
    endloop
  endfacet
  facet normal 0.216469 0.976289 3.46777e-07
    outer loop
      vertex -23.3473 -1.96961 2.885
      vertex -23.3643 -1.96584 1.05
      vertex -23.5176 -1.93185 2.885
    endloop
  endfacet
  facet normal 0.216465 0.97629 0
    outer loop
      vertex -23.5176 -1.93185 0
      vertex -23.3643 -1.96584 1.05
      vertex -23.3643 -1.96584 0
    endloop
  endfacet
  facet normal 0.216465 0.97629 0
    outer loop
      vertex -23.3643 -1.96584 1.05
      vertex -23.5176 -1.93185 0
      vertex -23.5176 -1.93185 2.885
    endloop
  endfacet
  facet normal 0.300728 0.95371 -1.33119e-05
    outer loop
      vertex -23.5176 -1.93185 2.885
      vertex -23.6674 -1.88464 1.05
      vertex -23.684 -1.87938 2.885
    endloop
  endfacet
  facet normal 0.30058 0.953757 -0
    outer loop
      vertex -23.5176 -1.93185 0
      vertex -23.6674 -1.88464 1.05
      vertex -23.5176 -1.93185 2.885
    endloop
  endfacet
  facet normal 0.30058 0.953757 0
    outer loop
      vertex -23.6674 -1.88464 1.05
      vertex -23.5176 -1.93185 0
      vertex -23.6674 -1.88464 0
    endloop
  endfacet
  facet normal 0.302066 0.953287 0
    outer loop
      vertex -23.684 -1.87938 2.885
      vertex -23.6674 -1.88464 1.05
      vertex -23.684 -1.87938 1.05
    endloop
  endfacet
  facet normal 0.382782 0.923839 -0
    outer loop
      vertex -23.7109 -1.86825 0
      vertex -23.8183 -1.82375 1.05
      vertex -23.7109 -1.86825 1.05
    endloop
  endfacet
  facet normal 0.382782 0.923839 0
    outer loop
      vertex -23.8183 -1.82375 1.05
      vertex -23.7109 -1.86825 0
      vertex -23.8183 -1.82375 0
    endloop
  endfacet
  facet normal 0.382321 0.924029 0
    outer loop
      vertex -23.7109 -1.86825 1.05
      vertex -23.684 -1.87938 2.885
      vertex -23.684 -1.87938 1.05
    endloop
  endfacet
  facet normal 0.382629 0.923902 -5.27227e-06
    outer loop
      vertex -23.684 -1.87938 2.885
      vertex -23.7109 -1.86825 1.05
      vertex -23.8452 -1.81262 2.885
    endloop
  endfacet
  facet normal 0.382782 0.923839 7.91276e-06
    outer loop
      vertex -23.8183 -1.82375 1.05
      vertex -23.8452 -1.81262 2.885
      vertex -23.7109 -1.86825 1.05
    endloop
  endfacet
  facet normal 0.382321 0.924029 0
    outer loop
      vertex -23.8452 -1.81262 2.885
      vertex -23.8183 -1.82375 1.05
      vertex -23.8452 -1.81262 1.05
    endloop
  endfacet
  facet normal 0.461803 0.886982 0
    outer loop
      vertex -23.8607 -1.80455 1.05
      vertex -23.8452 -1.81262 2.885
      vertex -23.8452 -1.81262 1.05
    endloop
  endfacet
  facet normal 0.461686 0.887043 1.25222e-06
    outer loop
      vertex -23.8452 -1.81262 2.885
      vertex -23.8607 -1.80455 1.05
      vertex -24 -1.73205 2.885
    endloop
  endfacet
  facet normal 0.461674 0.88705 0
    outer loop
      vertex -24 -1.73205 0
      vertex -23.8607 -1.80455 1.05
      vertex -23.8607 -1.80455 0
    endloop
  endfacet
  facet normal 0.461674 0.88705 0
    outer loop
      vertex -23.8607 -1.80455 1.05
      vertex -24 -1.73205 0
      vertex -24 -1.73205 2.885
    endloop
  endfacet
  facet normal 0.537191 0.843461 2.11215e-05
    outer loop
      vertex -24 -1.73205 2.885
      vertex -24.1324 -1.64768 1.05
      vertex -24.1472 -1.6383 2.885
    endloop
  endfacet
  facet normal 0.537399 0.843328 -0
    outer loop
      vertex -24 -1.73205 0
      vertex -24.1324 -1.64768 1.05
      vertex -24 -1.73205 2.885
    endloop
  endfacet
  facet normal 0.537399 0.843328 0
    outer loop
      vertex -24.1324 -1.64768 1.05
      vertex -24 -1.73205 0
      vertex -24.1324 -1.64768 0
    endloop
  endfacet
  facet normal 0.535324 0.844647 0
    outer loop
      vertex -24.1472 -1.6383 2.885
      vertex -24.1324 -1.64768 1.05
      vertex -24.1472 -1.6383 1.05
    endloop
  endfacet
  facet normal 0.608684 0.793413 -0
    outer loop
      vertex -24.1702 -1.6206 0
      vertex -24.2625 -1.54979 1.05
      vertex -24.1702 -1.6206 1.05
    endloop
  endfacet
  facet normal 0.608684 0.793413 0
    outer loop
      vertex -24.2625 -1.54979 1.05
      vertex -24.1702 -1.6206 0
      vertex -24.2625 -1.54979 0
    endloop
  endfacet
  facet normal 0.609877 0.792496 0
    outer loop
      vertex -24.1702 -1.6206 1.05
      vertex -24.1472 -1.6383 2.885
      vertex -24.1472 -1.6383 1.05
    endloop
  endfacet
  facet normal 0.608805 0.79332 2.13977e-05
    outer loop
      vertex -24.1472 -1.6383 2.885
      vertex -24.1702 -1.6206 1.05
      vertex -24.2856 -1.53209 2.885
    endloop
  endfacet
  facet normal 0.608684 0.793413 9.37364e-06
    outer loop
      vertex -24.2625 -1.54979 1.05
      vertex -24.2856 -1.53209 2.885
      vertex -24.1702 -1.6206 1.05
    endloop
  endfacet
  facet normal 0.608215 0.793772 0
    outer loop
      vertex -24.2856 -1.53209 2.885
      vertex -24.2625 -1.54979 1.05
      vertex -24.2856 -1.53209 1.05
    endloop
  endfacet
  facet normal 0.677803 0.735244 0
    outer loop
      vertex -24.2984 -1.52029 1.05
      vertex -24.2856 -1.53209 2.885
      vertex -24.2856 -1.53209 1.05
    endloop
  endfacet
  facet normal 0.675714 0.737164 2.69149e-05
    outer loop
      vertex -24.2856 -1.53209 2.885
      vertex -24.2984 -1.52029 1.05
      vertex -24.4142 -1.41421 2.885
    endloop
  endfacet
  facet normal 0.675482 0.737376 0
    outer loop
      vertex -24.4142 -1.41421 0
      vertex -24.2984 -1.52029 1.05
      vertex -24.2984 -1.52029 0
    endloop
  endfacet
  facet normal 0.675482 0.737376 0
    outer loop
      vertex -24.2984 -1.52029 1.05
      vertex -24.4142 -1.41421 0
      vertex -24.4142 -1.41421 2.885
    endloop
  endfacet
  facet normal 0.737344 0.675517 0
    outer loop
      vertex -24.5321 -1.28557 2.885
      vertex -24.5203 -1.29845 1.05
      vertex -24.5321 -1.28557 1.05
    endloop
  endfacet
  facet normal 0.737211 0.675662 -1.87383e-06
    outer loop
      vertex -24.4142 -1.41421 2.885
      vertex -24.5203 -1.29845 1.05
      vertex -24.5321 -1.28557 2.885
    endloop
  endfacet
  facet normal 0.737196 0.675678 -0
    outer loop
      vertex -24.4142 -1.41421 0
      vertex -24.5203 -1.29845 1.05
      vertex -24.4142 -1.41421 2.885
    endloop
  endfacet
  facet normal 0.737196 0.675678 0
    outer loop
      vertex -24.5203 -1.29845 1.05
      vertex -24.4142 -1.41421 0
      vertex -24.5203 -1.29845 0
    endloop
  endfacet
  facet normal 0.79339 0.608713 0
    outer loop
      vertex -24.6383 -1.14715 2.885
      vertex -24.6206 -1.17022 1.05
      vertex -24.6383 -1.14715 1.05
    endloop
  endfacet
  facet normal 0.79339 0.608713 0
    outer loop
      vertex -24.6206 -1.17022 1.05
      vertex -24.5498 -1.2625 1.05
      vertex -24.6206 -1.17022 0
    endloop
  endfacet
  facet normal 0.79339 0.608713 7.13215e-16
    outer loop
      vertex -24.6383 -1.14715 2.885
      vertex -24.5498 -1.2625 1.05
      vertex -24.6206 -1.17022 1.05
    endloop
  endfacet
  facet normal 0.79339 0.608713 -4.75477e-16
    outer loop
      vertex -24.5321 -1.28557 2.885
      vertex -24.5498 -1.2625 1.05
      vertex -24.6383 -1.14715 2.885
    endloop
  endfacet
  facet normal 0.79339 0.608713 0
    outer loop
      vertex -24.5498 -1.2625 1.05
      vertex -24.5321 -1.28557 2.885
      vertex -24.5321 -1.28557 1.05
    endloop
  endfacet
  facet normal 0.79339 0.608713 0
    outer loop
      vertex -24.6206 -1.17022 0
      vertex -24.5498 -1.2625 1.05
      vertex -24.5498 -1.2625 0
    endloop
  endfacet
  facet normal 0.843585 0.536995 0
    outer loop
      vertex -24.732 -1 2.885
      vertex -24.6477 -1.13243 1.05
      vertex -24.732 -1 0
    endloop
  endfacet
  facet normal 0.843508 0.537117 -1.23268e-05
    outer loop
      vertex -24.6383 -1.14715 2.885
      vertex -24.6477 -1.13243 1.05
      vertex -24.732 -1 2.885
    endloop
  endfacet
  facet normal 0.842812 0.538209 0
    outer loop
      vertex -24.6477 -1.13243 1.05
      vertex -24.6383 -1.14715 2.885
      vertex -24.6383 -1.14715 1.05
    endloop
  endfacet
  facet normal 0.843585 0.536995 0
    outer loop
      vertex -24.732 -1 0
      vertex -24.6477 -1.13243 1.05
      vertex -24.6477 -1.13243 0
    endloop
  endfacet
  facet normal 0.8885 0.458877 0
    outer loop
      vertex -24.8126 -0.845236 2.885
      vertex -24.8046 -0.860726 1.05
      vertex -24.8126 -0.845236 1.05
    endloop
  endfacet
  facet normal 0.886929 0.461906 -3.24238e-05
    outer loop
      vertex -24.732 -1 2.885
      vertex -24.8046 -0.860726 1.05
      vertex -24.8126 -0.845236 2.885
    endloop
  endfacet
  facet normal 0.886754 0.462242 -0
    outer loop
      vertex -24.732 -1 0
      vertex -24.8046 -0.860726 1.05
      vertex -24.732 -1 2.885
    endloop
  endfacet
  facet normal 0.886754 0.462242 0
    outer loop
      vertex -24.8046 -0.860726 1.05
      vertex -24.732 -1 0
      vertex -24.8046 -0.860726 0
    endloop
  endfacet
  facet normal 0.923112 0.38453 0
    outer loop
      vertex -24.8794 -0.68404 2.885
      vertex -24.8682 -0.710927 1.05
      vertex -24.8794 -0.68404 1.05
    endloop
  endfacet
  facet normal 0.924171 0.381978 0
    outer loop
      vertex -24.8682 -0.710927 1.05
      vertex -24.8238 -0.81835 1.05
      vertex -24.8682 -0.710927 0
    endloop
  endfacet
  facet normal 0.924171 0.381978 4.38585e-05
    outer loop
      vertex -24.8794 -0.68404 2.885
      vertex -24.8238 -0.81835 1.05
      vertex -24.8682 -0.710927 1.05
    endloop
  endfacet
  facet normal 0.923818 0.382832 -2.93903e-05
    outer loop
      vertex -24.8126 -0.845236 2.885
      vertex -24.8238 -0.81835 1.05
      vertex -24.8794 -0.68404 2.885
    endloop
  endfacet
  facet normal 0.923107 0.384542 0
    outer loop
      vertex -24.8238 -0.81835 1.05
      vertex -24.8126 -0.845236 2.885
      vertex -24.8126 -0.845236 1.05
    endloop
  endfacet
  facet normal 0.924171 0.381978 0
    outer loop
      vertex -24.8682 -0.710927 0
      vertex -24.8238 -0.81835 1.05
      vertex -24.8238 -0.81835 0
    endloop
  endfacet
  facet normal 0.953562 0.301198 0
    outer loop
      vertex -24.9319 -0.517637 2.885
      vertex -24.8846 -0.667384 1.05
      vertex -24.9319 -0.517637 0
    endloop
  endfacet
  facet normal 0.953662 0.30088 2.85596e-05
    outer loop
      vertex -24.8794 -0.68404 2.885
      vertex -24.8846 -0.667384 1.05
      vertex -24.9319 -0.517637 2.885
    endloop
  endfacet
  facet normal 0.954562 0.298014 0
    outer loop
      vertex -24.8846 -0.667384 1.05
      vertex -24.8794 -0.68404 2.885
      vertex -24.8794 -0.68404 1.05
    endloop
  endfacet
  facet normal 0.953562 0.301198 0
    outer loop
      vertex -24.9319 -0.517637 0
      vertex -24.8846 -0.667384 1.05
      vertex -24.8846 -0.667384 0
    endloop
  endfacet
  facet normal 0.976049 0.217549 0
    outer loop
      vertex -24.9696 -0.347296 2.885
      vertex -24.9658 -0.364345 1.05
      vertex -24.9696 -0.347296 1.05
    endloop
  endfacet
  facet normal 0.976373 0.216092 1.42079e-05
    outer loop
      vertex -24.9319 -0.517637 2.885
      vertex -24.9658 -0.364345 1.05
      vertex -24.9696 -0.347296 2.885
    endloop
  endfacet
  facet normal 0.976409 0.215929 -0
    outer loop
      vertex -24.9319 -0.517637 0
      vertex -24.9658 -0.364345 1.05
      vertex -24.9319 -0.517637 2.885
    endloop
  endfacet
  facet normal 0.976409 0.215929 0
    outer loop
      vertex -24.9658 -0.364345 1.05
      vertex -24.9319 -0.517637 0
      vertex -24.9658 -0.364345 0
    endloop
  endfacet
  facet normal 0.991431 0.130628 0
    outer loop
      vertex -24.9924 -0.174311 2.885
      vertex -24.9886 -0.203152 1.05
      vertex -24.9924 -0.174311 1.05
    endloop
  endfacet
  facet normal 0.991422 0.130698 0
    outer loop
      vertex -24.9886 -0.203152 1.05
      vertex -24.9734 -0.318453 1.05
      vertex -24.9886 -0.203152 0
    endloop
  endfacet
  facet normal 0.991422 0.130698 -1.1218e-06
    outer loop
      vertex -24.9924 -0.174311 2.885
      vertex -24.9734 -0.318453 1.05
      vertex -24.9886 -0.203152 1.05
    endloop
  endfacet
  facet normal 0.991425 0.130673 8.66407e-07
    outer loop
      vertex -24.9696 -0.347296 2.885
      vertex -24.9734 -0.318453 1.05
      vertex -24.9924 -0.174311 2.885
    endloop
  endfacet
  facet normal 0.991433 0.130619 0
    outer loop
      vertex -24.9734 -0.318453 1.05
      vertex -24.9696 -0.347296 2.885
      vertex -24.9696 -0.347296 1.05
    endloop
  endfacet
  facet normal 0.991422 0.130698 0
    outer loop
      vertex -24.9886 -0.203152 0
      vertex -24.9734 -0.318453 1.05
      vertex -24.9734 -0.318453 0
    endloop
  endfacet
  facet normal 0.999062 0.0433087 0
    outer loop
      vertex -25 0 2.885
      vertex -24.9932 -0.156865 1.05
      vertex -25 0 0
    endloop
  endfacet
  facet normal 0.999051 0.0435588 -2.1424e-05
    outer loop
      vertex -24.9924 -0.174311 2.885
      vertex -24.9932 -0.156865 1.05
      vertex -25 0 2.885
    endloop
  endfacet
  facet normal 0.99895 0.0458076 0
    outer loop
      vertex -24.9932 -0.156865 1.05
      vertex -24.9924 -0.174311 2.885
      vertex -24.9924 -0.174311 1.05
    endloop
  endfacet
  facet normal 0.999062 0.0433087 0
    outer loop
      vertex -25 0 0
      vertex -24.9932 -0.156865 1.05
      vertex -24.9932 -0.156865 0
    endloop
  endfacet
  facet normal 0.99895 -0.0458076 0
    outer loop
      vertex -24.9924 0.174311 2.885
      vertex -24.9932 0.156865 1.05
      vertex -24.9924 0.174311 1.05
    endloop
  endfacet
  facet normal 0.999051 -0.0435588 -2.1424e-05
    outer loop
      vertex -25 0 2.885
      vertex -24.9932 0.156865 1.05
      vertex -24.9924 0.174311 2.885
    endloop
  endfacet
  facet normal 0.999062 -0.0433087 0
    outer loop
      vertex -25 0 0
      vertex -24.9932 0.156865 1.05
      vertex -25 0 2.885
    endloop
  endfacet
  facet normal 0.999062 -0.0433087 0
    outer loop
      vertex -24.9932 0.156865 1.05
      vertex -25 0 0
      vertex -24.9932 0.156865 0
    endloop
  endfacet
  facet normal 0.991433 -0.130619 0
    outer loop
      vertex -24.9696 0.347296 2.885
      vertex -24.9734 0.318453 1.05
      vertex -24.9696 0.347296 1.05
    endloop
  endfacet
  facet normal 0.991422 -0.130698 0
    outer loop
      vertex -24.9734 0.318453 1.05
      vertex -24.9886 0.203152 1.05
      vertex -24.9734 0.318453 0
    endloop
  endfacet
  facet normal 0.991422 -0.130698 1.26425e-06
    outer loop
      vertex -24.9696 0.347296 2.885
      vertex -24.9886 0.203152 1.05
      vertex -24.9734 0.318453 1.05
    endloop
  endfacet
  facet normal 0.991425 -0.130673 -7.23984e-07
    outer loop
      vertex -24.9924 0.174311 2.885
      vertex -24.9886 0.203152 1.05
      vertex -24.9696 0.347296 2.885
    endloop
  endfacet
  facet normal 0.991431 -0.130628 0
    outer loop
      vertex -24.9886 0.203152 1.05
      vertex -24.9924 0.174311 2.885
      vertex -24.9924 0.174311 1.05
    endloop
  endfacet
  facet normal 0.991422 -0.130698 0
    outer loop
      vertex -24.9734 0.318453 0
      vertex -24.9886 0.203152 1.05
      vertex -24.9886 0.203152 0
    endloop
  endfacet
  facet normal 0.976409 -0.215929 0
    outer loop
      vertex -24.9319 0.517637 2.885
      vertex -24.9658 0.364345 1.05
      vertex -24.9319 0.517637 0
    endloop
  endfacet
  facet normal 0.976373 -0.216092 1.42079e-05
    outer loop
      vertex -24.9696 0.347296 2.885
      vertex -24.9658 0.364345 1.05
      vertex -24.9319 0.517637 2.885
    endloop
  endfacet
  facet normal 0.976049 -0.217549 0
    outer loop
      vertex -24.9658 0.364345 1.05
      vertex -24.9696 0.347296 2.885
      vertex -24.9696 0.347296 1.05
    endloop
  endfacet
  facet normal 0.976409 -0.215929 0
    outer loop
      vertex -24.9319 0.517637 0
      vertex -24.9658 0.364345 1.05
      vertex -24.9658 0.364345 0
    endloop
  endfacet
  facet normal 0.954562 -0.298014 0
    outer loop
      vertex -24.8794 0.68404 2.885
      vertex -24.8846 0.667384 1.05
      vertex -24.8794 0.68404 1.05
    endloop
  endfacet
  facet normal 0.953662 -0.30088 2.85596e-05
    outer loop
      vertex -24.9319 0.517637 2.885
      vertex -24.8846 0.667384 1.05
      vertex -24.8794 0.68404 2.885
    endloop
  endfacet
  facet normal 0.953562 -0.301198 0
    outer loop
      vertex -24.9319 0.517637 0
      vertex -24.8846 0.667384 1.05
      vertex -24.9319 0.517637 2.885
    endloop
  endfacet
  facet normal 0.953562 -0.301198 0
    outer loop
      vertex -24.8846 0.667384 1.05
      vertex -24.9319 0.517637 0
      vertex -24.8846 0.667384 0
    endloop
  endfacet
  facet normal 0.923107 -0.384542 0
    outer loop
      vertex -24.8126 0.845236 2.885
      vertex -24.8238 0.81835 1.05
      vertex -24.8126 0.845236 1.05
    endloop
  endfacet
  facet normal 0.924171 -0.381978 0
    outer loop
      vertex -24.8238 0.81835 1.05
      vertex -24.8682 0.710927 1.05
      vertex -24.8238 0.81835 0
    endloop
  endfacet
  facet normal 0.924171 -0.381978 -4.40667e-05
    outer loop
      vertex -24.8126 0.845236 2.885
      vertex -24.8682 0.710927 1.05
      vertex -24.8238 0.81835 1.05
    endloop
  endfacet
  facet normal 0.923818 -0.382832 2.91817e-05
    outer loop
      vertex -24.8794 0.68404 2.885
      vertex -24.8682 0.710927 1.05
      vertex -24.8126 0.845236 2.885
    endloop
  endfacet
  facet normal 0.923112 -0.38453 0
    outer loop
      vertex -24.8682 0.710927 1.05
      vertex -24.8794 0.68404 2.885
      vertex -24.8794 0.68404 1.05
    endloop
  endfacet
  facet normal 0.924171 -0.381978 0
    outer loop
      vertex -24.8238 0.81835 0
      vertex -24.8682 0.710927 1.05
      vertex -24.8682 0.710927 0
    endloop
  endfacet
  facet normal 0.886754 -0.462242 0
    outer loop
      vertex -24.732 1 2.885
      vertex -24.8046 0.860726 1.05
      vertex -24.732 1 0
    endloop
  endfacet
  facet normal 0.886929 -0.461906 -3.24238e-05
    outer loop
      vertex -24.8126 0.845236 2.885
      vertex -24.8046 0.860726 1.05
      vertex -24.732 1 2.885
    endloop
  endfacet
  facet normal 0.8885 -0.458877 0
    outer loop
      vertex -24.8046 0.860726 1.05
      vertex -24.8126 0.845236 2.885
      vertex -24.8126 0.845236 1.05
    endloop
  endfacet
  facet normal 0.886754 -0.462242 0
    outer loop
      vertex -24.732 1 0
      vertex -24.8046 0.860726 1.05
      vertex -24.8046 0.860726 0
    endloop
  endfacet
  facet normal 0.842812 -0.538209 0
    outer loop
      vertex -24.6383 1.14715 2.885
      vertex -24.6477 1.13243 1.05
      vertex -24.6383 1.14715 1.05
    endloop
  endfacet
  facet normal 0.843508 -0.537117 -1.23268e-05
    outer loop
      vertex -24.732 1 2.885
      vertex -24.6477 1.13243 1.05
      vertex -24.6383 1.14715 2.885
    endloop
  endfacet
  facet normal 0.843585 -0.536995 0
    outer loop
      vertex -24.732 1 0
      vertex -24.6477 1.13243 1.05
      vertex -24.732 1 2.885
    endloop
  endfacet
  facet normal 0.843585 -0.536995 0
    outer loop
      vertex -24.6477 1.13243 1.05
      vertex -24.732 1 0
      vertex -24.6477 1.13243 0
    endloop
  endfacet
  facet normal 0.79339 -0.608713 0
    outer loop
      vertex -24.5321 1.28557 2.885
      vertex -24.5498 1.2625 1.05
      vertex -24.5321 1.28557 1.05
    endloop
  endfacet
  facet normal 0.79339 -0.608713 0
    outer loop
      vertex -24.5498 1.2625 1.05
      vertex -24.6206 1.17022 1.05
      vertex -24.5498 1.2625 0
    endloop
  endfacet
  facet normal 0.79339 -0.608713 -7.13215e-16
    outer loop
      vertex -24.5321 1.28557 2.885
      vertex -24.6206 1.17022 1.05
      vertex -24.5498 1.2625 1.05
    endloop
  endfacet
  facet normal 0.79339 -0.608713 4.75477e-16
    outer loop
      vertex -24.6383 1.14715 2.885
      vertex -24.6206 1.17022 1.05
      vertex -24.5321 1.28557 2.885
    endloop
  endfacet
  facet normal 0.79339 -0.608713 0
    outer loop
      vertex -24.6206 1.17022 1.05
      vertex -24.6383 1.14715 2.885
      vertex -24.6383 1.14715 1.05
    endloop
  endfacet
  facet normal 0.79339 -0.608713 0
    outer loop
      vertex -24.5498 1.2625 0
      vertex -24.6206 1.17022 1.05
      vertex -24.6206 1.17022 0
    endloop
  endfacet
  facet normal 0.737196 -0.675678 0
    outer loop
      vertex -24.4142 1.41421 2.885
      vertex -24.5203 1.29845 1.05
      vertex -24.4142 1.41421 0
    endloop
  endfacet
  facet normal 0.737211 -0.675662 -1.87383e-06
    outer loop
      vertex -24.5321 1.28557 2.885
      vertex -24.5203 1.29845 1.05
      vertex -24.4142 1.41421 2.885
    endloop
  endfacet
  facet normal 0.737344 -0.675517 0
    outer loop
      vertex -24.5203 1.29845 1.05
      vertex -24.5321 1.28557 2.885
      vertex -24.5321 1.28557 1.05
    endloop
  endfacet
  facet normal 0.737196 -0.675678 0
    outer loop
      vertex -24.4142 1.41421 0
      vertex -24.5203 1.29845 1.05
      vertex -24.5203 1.29845 0
    endloop
  endfacet
  facet normal 0.675714 -0.737164 2.69149e-05
    outer loop
      vertex -24.4142 1.41421 2.885
      vertex -24.2984 1.52029 1.05
      vertex -24.2856 1.53209 2.885
    endloop
  endfacet
  facet normal 0.675482 -0.737376 0
    outer loop
      vertex -24.4142 1.41421 0
      vertex -24.2984 1.52029 1.05
      vertex -24.4142 1.41421 2.885
    endloop
  endfacet
  facet normal 0.675482 -0.737376 0
    outer loop
      vertex -24.2984 1.52029 1.05
      vertex -24.4142 1.41421 0
      vertex -24.2984 1.52029 0
    endloop
  endfacet
  facet normal 0.677803 -0.735244 0
    outer loop
      vertex -24.2856 1.53209 2.885
      vertex -24.2984 1.52029 1.05
      vertex -24.2856 1.53209 1.05
    endloop
  endfacet
  facet normal 0.608684 -0.793413 0
    outer loop
      vertex -24.2625 1.54979 0
      vertex -24.1702 1.6206 1.05
      vertex -24.2625 1.54979 1.05
    endloop
  endfacet
  facet normal 0.608684 -0.793413 0
    outer loop
      vertex -24.1702 1.6206 1.05
      vertex -24.2625 1.54979 0
      vertex -24.1702 1.6206 0
    endloop
  endfacet
  facet normal 0.608215 -0.793772 0
    outer loop
      vertex -24.2625 1.54979 1.05
      vertex -24.2856 1.53209 2.885
      vertex -24.2856 1.53209 1.05
    endloop
  endfacet
  facet normal 0.608805 -0.79332 1.17797e-05
    outer loop
      vertex -24.2856 1.53209 2.885
      vertex -24.2625 1.54979 1.05
      vertex -24.1472 1.6383 2.885
    endloop
  endfacet
  facet normal 0.608684 -0.793413 2.37972e-05
    outer loop
      vertex -24.1702 1.6206 1.05
      vertex -24.1472 1.6383 2.885
      vertex -24.2625 1.54979 1.05
    endloop
  endfacet
  facet normal 0.609877 -0.792496 0
    outer loop
      vertex -24.1472 1.6383 2.885
      vertex -24.1702 1.6206 1.05
      vertex -24.1472 1.6383 1.05
    endloop
  endfacet
  facet normal 0.535324 -0.844647 0
    outer loop
      vertex -24.1324 1.64768 1.05
      vertex -24.1472 1.6383 2.885
      vertex -24.1472 1.6383 1.05
    endloop
  endfacet
  facet normal 0.537191 -0.843461 2.11215e-05
    outer loop
      vertex -24.1472 1.6383 2.885
      vertex -24.1324 1.64768 1.05
      vertex -24 1.73205 2.885
    endloop
  endfacet
  facet normal 0.537399 -0.843328 0
    outer loop
      vertex -24 1.73205 0
      vertex -24.1324 1.64768 1.05
      vertex -24.1324 1.64768 0
    endloop
  endfacet
  facet normal 0.537399 -0.843328 0
    outer loop
      vertex -24.1324 1.64768 1.05
      vertex -24 1.73205 0
      vertex -24 1.73205 2.885
    endloop
  endfacet
  facet normal 0.461686 -0.887043 1.25222e-06
    outer loop
      vertex -24 1.73205 2.885
      vertex -23.8607 1.80455 1.05
      vertex -23.8452 1.81262 2.885
    endloop
  endfacet
  facet normal 0.461674 -0.88705 0
    outer loop
      vertex -24 1.73205 0
      vertex -23.8607 1.80455 1.05
      vertex -24 1.73205 2.885
    endloop
  endfacet
  facet normal 0.461674 -0.88705 0
    outer loop
      vertex -23.8607 1.80455 1.05
      vertex -24 1.73205 0
      vertex -23.8607 1.80455 0
    endloop
  endfacet
  facet normal 0.461803 -0.886982 0
    outer loop
      vertex -23.8452 1.81262 2.885
      vertex -23.8607 1.80455 1.05
      vertex -23.8452 1.81262 1.05
    endloop
  endfacet
  facet normal 0.382782 -0.923839 0
    outer loop
      vertex -23.8183 1.82375 0
      vertex -23.7109 1.86825 1.05
      vertex -23.8183 1.82375 1.05
    endloop
  endfacet
  facet normal 0.382782 -0.923839 0
    outer loop
      vertex -23.7109 1.86825 1.05
      vertex -23.8183 1.82375 0
      vertex -23.7109 1.86825 0
    endloop
  endfacet
  facet normal 0.382321 -0.924029 0
    outer loop
      vertex -23.8183 1.82375 1.05
      vertex -23.8452 1.81262 2.885
      vertex -23.8452 1.81262 1.05
    endloop
  endfacet
  facet normal 0.382629 -0.923902 5.27227e-06
    outer loop
      vertex -23.8452 1.81262 2.885
      vertex -23.8183 1.82375 1.05
      vertex -23.684 1.87938 2.885
    endloop
  endfacet
  facet normal 0.382782 -0.923839 -7.91276e-06
    outer loop
      vertex -23.7109 1.86825 1.05
      vertex -23.684 1.87938 2.885
      vertex -23.8183 1.82375 1.05
    endloop
  endfacet
  facet normal 0.382321 -0.924029 0
    outer loop
      vertex -23.684 1.87938 2.885
      vertex -23.7109 1.86825 1.05
      vertex -23.684 1.87938 1.05
    endloop
  endfacet
  facet normal 0.302066 -0.953287 0
    outer loop
      vertex -23.6674 1.88464 1.05
      vertex -23.684 1.87938 2.885
      vertex -23.684 1.87938 1.05
    endloop
  endfacet
  facet normal 0.300728 -0.95371 -1.33119e-05
    outer loop
      vertex -23.684 1.87938 2.885
      vertex -23.6674 1.88464 1.05
      vertex -23.5176 1.93185 2.885
    endloop
  endfacet
  facet normal 0.30058 -0.953757 0
    outer loop
      vertex -23.5176 1.93185 0
      vertex -23.6674 1.88464 1.05
      vertex -23.6674 1.88464 0
    endloop
  endfacet
  facet normal 0.30058 -0.953757 0
    outer loop
      vertex -23.6674 1.88464 1.05
      vertex -23.5176 1.93185 0
      vertex -23.5176 1.93185 2.885
    endloop
  endfacet
  facet normal 0.216469 -0.976289 3.46777e-07
    outer loop
      vertex -23.5176 1.93185 2.885
      vertex -23.3643 1.96584 1.05
      vertex -23.3473 1.96961 2.885
    endloop
  endfacet
  facet normal 0.216465 -0.97629 0
    outer loop
      vertex -23.5176 1.93185 0
      vertex -23.3643 1.96584 1.05
      vertex -23.5176 1.93185 2.885
    endloop
  endfacet
  facet normal 0.216465 -0.97629 0
    outer loop
      vertex -23.3643 1.96584 1.05
      vertex -23.5176 1.93185 0
      vertex -23.3643 1.96584 0
    endloop
  endfacet
  facet normal 0.216505 -0.976282 0
    outer loop
      vertex -23.3473 1.96961 2.885
      vertex -23.3643 1.96584 1.05
      vertex -23.3473 1.96961 1.05
    endloop
  endfacet
  facet normal 0.13053 -0.991444 0
    outer loop
      vertex -23.3185 1.97341 0
      vertex -23.2032 1.98859 1.05
      vertex -23.3185 1.97341 1.05
    endloop
  endfacet
  facet normal 0.13053 -0.991444 0
    outer loop
      vertex -23.2032 1.98859 1.05
      vertex -23.3185 1.97341 0
      vertex -23.2032 1.98859 0
    endloop
  endfacet
  facet normal 0.130811 -0.991407 0
    outer loop
      vertex -23.3185 1.97341 1.05
      vertex -23.3473 1.96961 2.885
      vertex -23.3473 1.96961 1.05
    endloop
  endfacet
  facet normal 0.130549 -0.991442 -4.17245e-06
    outer loop
      vertex -23.3473 1.96961 2.885
      vertex -23.3185 1.97341 1.05
      vertex -23.1743 1.99239 2.885
    endloop
  endfacet
  facet normal 0.13053 -0.991444 -2.63354e-06
    outer loop
      vertex -23.2032 1.98859 1.05
      vertex -23.1743 1.99239 2.885
      vertex -23.3185 1.97341 1.05
    endloop
  endfacet
  facet normal 0.130366 -0.991466 0
    outer loop
      vertex -23.1743 1.99239 2.885
      vertex -23.2032 1.98859 1.05
      vertex -23.1743 1.99239 1.05
    endloop
  endfacet
  facet normal 0.0436366 -0.999047 0
    outer loop
      vertex -23.1569 1.99315 1.05
      vertex -23.1743 1.99239 2.885
      vertex -23.1743 1.99239 1.05
    endloop
  endfacet
  facet normal 0.0436188 -0.999048 -1.68673e-07
    outer loop
      vertex -23.1743 1.99239 2.885
      vertex -23.1569 1.99315 1.05
      vertex -23 2 2.885
    endloop
  endfacet
  facet normal 0.0436168 -0.999048 0
    outer loop
      vertex -23 2 0
      vertex -23.1569 1.99315 1.05
      vertex -23.1569 1.99315 0
    endloop
  endfacet
  facet normal 0.0436168 -0.999048 0
    outer loop
      vertex -23.1569 1.99315 1.05
      vertex -23 2 0
      vertex -23 2 2.885
    endloop
  endfacet
  facet normal -0.0436188 -0.999048 -1.68673e-07
    outer loop
      vertex -23 2 2.885
      vertex -22.8431 1.99315 1.05
      vertex -22.8257 1.99239 2.885
    endloop
  endfacet
  facet normal -0.0436168 -0.999048 0
    outer loop
      vertex -23 2 0
      vertex -22.8431 1.99315 1.05
      vertex -23 2 2.885
    endloop
  endfacet
  facet normal -0.0436168 -0.999048 -0
    outer loop
      vertex -22.8431 1.99315 1.05
      vertex -23 2 0
      vertex -22.8431 1.99315 0
    endloop
  endfacet
  facet normal -0.0436366 -0.999047 -0
    outer loop
      vertex -22.8257 1.99239 2.885
      vertex -22.8431 1.99315 1.05
      vertex -22.8257 1.99239 1.05
    endloop
  endfacet
  facet normal -0.13053 -0.991444 0
    outer loop
      vertex -22.7968 1.98859 0
      vertex -22.6815 1.97341 1.05
      vertex -22.7968 1.98859 1.05
    endloop
  endfacet
  facet normal -0.13053 -0.991444 -0
    outer loop
      vertex -22.6815 1.97341 1.05
      vertex -22.7968 1.98859 0
      vertex -22.6815 1.97341 0
    endloop
  endfacet
  facet normal -0.130366 -0.991466 0
    outer loop
      vertex -22.7968 1.98859 1.05
      vertex -22.8257 1.99239 2.885
      vertex -22.8257 1.99239 1.05
    endloop
  endfacet
  facet normal -0.130549 -0.991442 -2.94195e-06
    outer loop
      vertex -22.8257 1.99239 2.885
      vertex -22.7968 1.98859 1.05
      vertex -22.6527 1.96961 2.885
    endloop
  endfacet
  facet normal -0.13053 -0.991444 -4.47982e-06
    outer loop
      vertex -22.6815 1.97341 1.05
      vertex -22.6527 1.96961 2.885
      vertex -22.7968 1.98859 1.05
    endloop
  endfacet
  facet normal -0.130811 -0.991407 -0
    outer loop
      vertex -22.6527 1.96961 2.885
      vertex -22.6815 1.97341 1.05
      vertex -22.6527 1.96961 1.05
    endloop
  endfacet
  facet normal -0.216505 -0.976282 0
    outer loop
      vertex -22.6357 1.96584 1.05
      vertex -22.6527 1.96961 2.885
      vertex -22.6527 1.96961 1.05
    endloop
  endfacet
  facet normal -0.216469 -0.976289 3.46777e-07
    outer loop
      vertex -22.6527 1.96961 2.885
      vertex -22.6357 1.96584 1.05
      vertex -22.4824 1.93185 2.885
    endloop
  endfacet
  facet normal -0.216465 -0.97629 0
    outer loop
      vertex -22.4824 1.93185 0
      vertex -22.6357 1.96584 1.05
      vertex -22.6357 1.96584 0
    endloop
  endfacet
  facet normal -0.216465 -0.97629 0
    outer loop
      vertex -22.6357 1.96584 1.05
      vertex -22.4824 1.93185 0
      vertex -22.4824 1.93185 2.885
    endloop
  endfacet
  facet normal -0.300728 -0.95371 -1.33119e-05
    outer loop
      vertex -22.4824 1.93185 2.885
      vertex -22.3326 1.88464 1.05
      vertex -22.316 1.87938 2.885
    endloop
  endfacet
  facet normal -0.30058 -0.953757 0
    outer loop
      vertex -22.4824 1.93185 0
      vertex -22.3326 1.88464 1.05
      vertex -22.4824 1.93185 2.885
    endloop
  endfacet
  facet normal -0.30058 -0.953757 -0
    outer loop
      vertex -22.3326 1.88464 1.05
      vertex -22.4824 1.93185 0
      vertex -22.3326 1.88464 0
    endloop
  endfacet
  facet normal -0.302066 -0.953287 -0
    outer loop
      vertex -22.316 1.87938 2.885
      vertex -22.3326 1.88464 1.05
      vertex -22.316 1.87938 1.05
    endloop
  endfacet
  facet normal -0.382478 -0.923964 0
    outer loop
      vertex -22.2891 1.86825 0
      vertex -22.1816 1.82375 1.05
      vertex -22.2891 1.86825 1.05
    endloop
  endfacet
  facet normal -0.382478 -0.923964 -0
    outer loop
      vertex -22.1816 1.82375 1.05
      vertex -22.2891 1.86825 0
      vertex -22.1816 1.82375 0
    endloop
  endfacet
  facet normal -0.382321 -0.924029 0
    outer loop
      vertex -22.2891 1.86825 1.05
      vertex -22.316 1.87938 2.885
      vertex -22.316 1.87938 1.05
    endloop
  endfacet
  facet normal -0.382629 -0.923902 -5.27227e-06
    outer loop
      vertex -22.316 1.87938 2.885
      vertex -22.2891 1.86825 1.05
      vertex -22.1548 1.81262 2.885
    endloop
  endfacet
  facet normal -0.382478 -0.923964 -1.81502e-05
    outer loop
      vertex -22.1816 1.82375 1.05
      vertex -22.1548 1.81262 2.885
      vertex -22.2891 1.86825 1.05
    endloop
  endfacet
  facet normal -0.383539 -0.923525 -0
    outer loop
      vertex -22.1548 1.81262 2.885
      vertex -22.1816 1.82375 1.05
      vertex -22.1548 1.81262 1.05
    endloop
  endfacet
  facet normal -0.461803 -0.886982 0
    outer loop
      vertex -22.1393 1.80455 1.05
      vertex -22.1548 1.81262 2.885
      vertex -22.1548 1.81262 1.05
    endloop
  endfacet
  facet normal -0.461686 -0.887043 1.25222e-06
    outer loop
      vertex -22.1548 1.81262 2.885
      vertex -22.1393 1.80455 1.05
      vertex -22 1.73205 2.885
    endloop
  endfacet
  facet normal -0.461674 -0.88705 0
    outer loop
      vertex -22 1.73205 0
      vertex -22.1393 1.80455 1.05
      vertex -22.1393 1.80455 0
    endloop
  endfacet
  facet normal -0.461674 -0.88705 0
    outer loop
      vertex -22.1393 1.80455 1.05
      vertex -22 1.73205 0
      vertex -22 1.73205 2.885
    endloop
  endfacet
  facet normal -0.537191 -0.843461 2.11215e-05
    outer loop
      vertex -22 1.73205 2.885
      vertex -21.8676 1.64768 1.05
      vertex -21.8528 1.6383 2.885
    endloop
  endfacet
  facet normal -0.537399 -0.843328 0
    outer loop
      vertex -22 1.73205 0
      vertex -21.8676 1.64768 1.05
      vertex -22 1.73205 2.885
    endloop
  endfacet
  facet normal -0.537399 -0.843328 -0
    outer loop
      vertex -21.8676 1.64768 1.05
      vertex -22 1.73205 0
      vertex -21.8676 1.64768 0
    endloop
  endfacet
  facet normal -0.535324 -0.844647 -0
    outer loop
      vertex -21.8528 1.6383 2.885
      vertex -21.8676 1.64768 1.05
      vertex -21.8528 1.6383 1.05
    endloop
  endfacet
  facet normal -0.608684 -0.793413 0
    outer loop
      vertex -21.8298 1.6206 0
      vertex -21.7375 1.54979 1.05
      vertex -21.8298 1.6206 1.05
    endloop
  endfacet
  facet normal -0.608684 -0.793413 -0
    outer loop
      vertex -21.7375 1.54979 1.05
      vertex -21.8298 1.6206 0
      vertex -21.7375 1.54979 0
    endloop
  endfacet
  facet normal -0.609877 -0.792496 0
    outer loop
      vertex -21.8298 1.6206 1.05
      vertex -21.8528 1.6383 2.885
      vertex -21.8528 1.6383 1.05
    endloop
  endfacet
  facet normal -0.608805 -0.79332 2.13977e-05
    outer loop
      vertex -21.8528 1.6383 2.885
      vertex -21.8298 1.6206 1.05
      vertex -21.7144 1.53209 2.885
    endloop
  endfacet
  facet normal -0.608684 -0.793413 9.37364e-06
    outer loop
      vertex -21.7375 1.54979 1.05
      vertex -21.7144 1.53209 2.885
      vertex -21.8298 1.6206 1.05
    endloop
  endfacet
  facet normal -0.608215 -0.793772 -0
    outer loop
      vertex -21.7144 1.53209 2.885
      vertex -21.7375 1.54979 1.05
      vertex -21.7144 1.53209 1.05
    endloop
  endfacet
  facet normal -0.677803 -0.735244 0
    outer loop
      vertex -21.7016 1.52029 1.05
      vertex -21.7144 1.53209 2.885
      vertex -21.7144 1.53209 1.05
    endloop
  endfacet
  facet normal -0.675714 -0.737164 2.69149e-05
    outer loop
      vertex -21.7144 1.53209 2.885
      vertex -21.7016 1.52029 1.05
      vertex -21.5858 1.41421 2.885
    endloop
  endfacet
  facet normal -0.675482 -0.737376 0
    outer loop
      vertex -21.5858 1.41421 0
      vertex -21.7016 1.52029 1.05
      vertex -21.7016 1.52029 0
    endloop
  endfacet
  facet normal -0.675482 -0.737376 0
    outer loop
      vertex -21.7016 1.52029 1.05
      vertex -21.5858 1.41421 0
      vertex -21.5858 1.41421 2.885
    endloop
  endfacet
  facet normal -0.737196 -0.675678 -0
    outer loop
      vertex -21.4797 1.29845 1.05
      vertex -21.5858 1.41421 0
      vertex -21.4797 1.29845 0
    endloop
  endfacet
  facet normal -0.737196 -0.675678 0
    outer loop
      vertex -21.5858 1.41421 0
      vertex -21.4797 1.29845 1.05
      vertex -21.5858 1.41421 2.885
    endloop
  endfacet
  facet normal -0.737344 -0.675517 -0
    outer loop
      vertex -21.4679 1.28557 2.885
      vertex -21.4797 1.29845 1.05
      vertex -21.4679 1.28557 1.05
    endloop
  endfacet
  facet normal -0.737211 -0.675662 -1.87383e-06
    outer loop
      vertex -21.4797 1.29845 1.05
      vertex -21.4679 1.28557 2.885
      vertex -21.5858 1.41421 2.885
    endloop
  endfacet
  facet normal -0.79339 -0.608713 0
    outer loop
      vertex -21.4502 1.2625 1.05
      vertex -21.4679 1.28557 2.885
      vertex -21.4679 1.28557 1.05
    endloop
  endfacet
  facet normal -0.79339 -0.608713 -0
    outer loop
      vertex -21.3794 1.17022 1.05
      vertex -21.4502 1.2625 1.05
      vertex -21.3794 1.17022 0
    endloop
  endfacet
  facet normal -0.79339 -0.608713 -7.13215e-16
    outer loop
      vertex -21.4502 1.2625 1.05
      vertex -21.3794 1.17022 1.05
      vertex -21.4679 1.28557 2.885
    endloop
  endfacet
  facet normal -0.79339 -0.608713 -0
    outer loop
      vertex -21.3617 1.14715 2.885
      vertex -21.3794 1.17022 1.05
      vertex -21.3617 1.14715 1.05
    endloop
  endfacet
  facet normal -0.79339 -0.608713 4.75477e-16
    outer loop
      vertex -21.3794 1.17022 1.05
      vertex -21.3617 1.14715 2.885
      vertex -21.4679 1.28557 2.885
    endloop
  endfacet
  facet normal -0.79339 -0.608713 0
    outer loop
      vertex -21.4502 1.2625 0
      vertex -21.3794 1.17022 0
      vertex -21.4502 1.2625 1.05
    endloop
  endfacet
  facet normal -0.842812 -0.538209 0
    outer loop
      vertex -21.3523 1.13243 1.05
      vertex -21.3617 1.14715 2.885
      vertex -21.3617 1.14715 1.05
    endloop
  endfacet
  facet normal -0.843297 -0.537448 -0
    outer loop
      vertex -21.2679 1 2.885
      vertex -21.3523 1.13243 1.05
      vertex -21.2679 1 0
    endloop
  endfacet
  facet normal -0.843248 -0.537524 -7.72607e-06
    outer loop
      vertex -21.3523 1.13243 1.05
      vertex -21.2679 1 2.885
      vertex -21.3617 1.14715 2.885
    endloop
  endfacet
  facet normal -0.843297 -0.537448 0
    outer loop
      vertex -21.3523 1.13243 0
      vertex -21.2679 1 0
      vertex -21.3523 1.13243 1.05
    endloop
  endfacet
  facet normal -0.887015 -0.461741 -0
    outer loop
      vertex -21.1954 0.860726 1.05
      vertex -21.2679 1 0
      vertex -21.1954 0.860726 0
    endloop
  endfacet
  facet normal -0.887015 -0.461741 0
    outer loop
      vertex -21.2679 1 0
      vertex -21.1954 0.860726 1.05
      vertex -21.2679 1 2.885
    endloop
  endfacet
  facet normal -0.8885 -0.458877 -0
    outer loop
      vertex -21.1874 0.845236 2.885
      vertex -21.1954 0.860726 1.05
      vertex -21.1874 0.845236 1.05
    endloop
  endfacet
  facet normal -0.887163 -0.461455 -2.75934e-05
    outer loop
      vertex -21.1954 0.860726 1.05
      vertex -21.1874 0.845236 2.885
      vertex -21.2679 1 2.885
    endloop
  endfacet
  facet normal -0.923107 -0.384542 0
    outer loop
      vertex -21.1762 0.81835 1.05
      vertex -21.1874 0.845236 2.885
      vertex -21.1874 0.845236 1.05
    endloop
  endfacet
  facet normal -0.924171 -0.381978 -0
    outer loop
      vertex -21.1318 0.710927 1.05
      vertex -21.1762 0.81835 1.05
      vertex -21.1318 0.710927 0
    endloop
  endfacet
  facet normal -0.924171 -0.381978 -4.40667e-05
    outer loop
      vertex -21.1762 0.81835 1.05
      vertex -21.1318 0.710927 1.05
      vertex -21.1874 0.845236 2.885
    endloop
  endfacet
  facet normal -0.923112 -0.38453 -0
    outer loop
      vertex -21.1206 0.68404 2.885
      vertex -21.1318 0.710927 1.05
      vertex -21.1206 0.68404 1.05
    endloop
  endfacet
  facet normal -0.923818 -0.382832 2.91817e-05
    outer loop
      vertex -21.1318 0.710927 1.05
      vertex -21.1206 0.68404 2.885
      vertex -21.1874 0.845236 2.885
    endloop
  endfacet
  facet normal -0.924171 -0.381978 0
    outer loop
      vertex -21.1762 0.81835 0
      vertex -21.1318 0.710927 0
      vertex -21.1762 0.81835 1.05
    endloop
  endfacet
  facet normal -0.954562 -0.298014 0
    outer loop
      vertex -21.1154 0.667384 1.05
      vertex -21.1206 0.68404 2.885
      vertex -21.1206 0.68404 1.05
    endloop
  endfacet
  facet normal -0.953562 -0.301198 -0
    outer loop
      vertex -21.0681 0.517637 2.885
      vertex -21.1154 0.667384 1.05
      vertex -21.0681 0.517637 0
    endloop
  endfacet
  facet normal -0.953662 -0.30088 2.85596e-05
    outer loop
      vertex -21.1154 0.667384 1.05
      vertex -21.0681 0.517637 2.885
      vertex -21.1206 0.68404 2.885
    endloop
  endfacet
  facet normal -0.953562 -0.301198 0
    outer loop
      vertex -21.1154 0.667384 0
      vertex -21.0681 0.517637 0
      vertex -21.1154 0.667384 1.05
    endloop
  endfacet
  facet normal -0.976409 -0.215929 -0
    outer loop
      vertex -21.0342 0.364345 1.05
      vertex -21.0681 0.517637 0
      vertex -21.0342 0.364345 0
    endloop
  endfacet
  facet normal -0.976409 -0.215929 0
    outer loop
      vertex -21.0681 0.517637 0
      vertex -21.0342 0.364345 1.05
      vertex -21.0681 0.517637 2.885
    endloop
  endfacet
  facet normal -0.976049 -0.217549 -0
    outer loop
      vertex -21.0304 0.347296 2.885
      vertex -21.0342 0.364345 1.05
      vertex -21.0304 0.347296 1.05
    endloop
  endfacet
  facet normal -0.976373 -0.216092 1.42079e-05
    outer loop
      vertex -21.0342 0.364345 1.05
      vertex -21.0304 0.347296 2.885
      vertex -21.0681 0.517637 2.885
    endloop
  endfacet
  facet normal -0.991433 -0.130619 0
    outer loop
      vertex -21.0266 0.318453 1.05
      vertex -21.0304 0.347296 2.885
      vertex -21.0304 0.347296 1.05
    endloop
  endfacet
  facet normal -0.991422 -0.130698 -0
    outer loop
      vertex -21.0114 0.203152 1.05
      vertex -21.0266 0.318453 1.05
      vertex -21.0114 0.203152 0
    endloop
  endfacet
  facet normal -0.991422 -0.130698 1.26425e-06
    outer loop
      vertex -21.0266 0.318453 1.05
      vertex -21.0114 0.203152 1.05
      vertex -21.0304 0.347296 2.885
    endloop
  endfacet
  facet normal -0.991431 -0.130628 -0
    outer loop
      vertex -21.0076 0.174311 2.885
      vertex -21.0114 0.203152 1.05
      vertex -21.0076 0.174311 1.05
    endloop
  endfacet
  facet normal -0.991425 -0.130673 -7.23984e-07
    outer loop
      vertex -21.0114 0.203152 1.05
      vertex -21.0076 0.174311 2.885
      vertex -21.0304 0.347296 2.885
    endloop
  endfacet
  facet normal -0.991422 -0.130698 0
    outer loop
      vertex -21.0266 0.318453 0
      vertex -21.0114 0.203152 0
      vertex -21.0266 0.318453 1.05
    endloop
  endfacet
  facet normal -0.99895 -0.0458129 0
    outer loop
      vertex -21.0068 0.156867 1.05
      vertex -21.0076 0.174311 2.885
      vertex -21.0076 0.174311 1.05
    endloop
  endfacet
  facet normal -0.999062 -0.0433082 -0
    outer loop
      vertex -21 0 2.885
      vertex -21.0068 0.156867 1.05
      vertex -21 0 0
    endloop
  endfacet
  facet normal -0.999051 -0.0435588 -2.14715e-05
    outer loop
      vertex -21.0068 0.156867 1.05
      vertex -21 0 2.885
      vertex -21.0076 0.174311 2.885
    endloop
  endfacet
  facet normal -0.999062 -0.0433082 0
    outer loop
      vertex -21.0068 0.156867 0
      vertex -21 0 0
      vertex -21.0068 0.156867 1.05
    endloop
  endfacet
  facet normal -0.999062 0.0433082 0
    outer loop
      vertex -21.0068 -0.156867 1.05
      vertex -21 0 0
      vertex -21.0068 -0.156867 0
    endloop
  endfacet
  facet normal -0.999062 0.0433082 0
    outer loop
      vertex -21 0 0
      vertex -21.0068 -0.156867 1.05
      vertex -21 0 2.885
    endloop
  endfacet
  facet normal -0.99895 0.0458129 0
    outer loop
      vertex -21.0076 -0.174311 2.885
      vertex -21.0068 -0.156867 1.05
      vertex -21.0076 -0.174311 1.05
    endloop
  endfacet
  facet normal -0.999051 0.0435588 -2.14715e-05
    outer loop
      vertex -21.0068 -0.156867 1.05
      vertex -21.0076 -0.174311 2.885
      vertex -21 0 2.885
    endloop
  endfacet
  facet normal 0 -1 0
    outer loop
      vertex -27.03 4.68 2.885
      vertex -18.97 4.68 7
      vertex -27.03 4.68 7
    endloop
  endfacet
  facet normal 0 -1 -0
    outer loop
      vertex -18.97 4.68 7
      vertex -27.03 4.68 2.885
      vertex -18.97 4.68 2.885
    endloop
  endfacet
  facet normal -1 0 0
    outer loop
      vertex -18.97 -4.68 2.885
      vertex -18.97 4.68 7
      vertex -18.97 4.68 2.885
    endloop
  endfacet
  facet normal -1 -0 0
    outer loop
      vertex -18.97 4.68 7
      vertex -18.97 -4.68 2.885
      vertex -18.97 -4.68 7
    endloop
  endfacet
  facet normal 0 1 -0
    outer loop
      vertex -18.97 -4.68 2.885
      vertex -27.03 -4.68 7
      vertex -18.97 -4.68 7
    endloop
  endfacet
  facet normal 0 1 0
    outer loop
      vertex -27.03 -4.68 7
      vertex -18.97 -4.68 2.885
      vertex -27.03 -4.68 2.885
    endloop
  endfacet
  facet normal 1 -0 0
    outer loop
      vertex -27.03 -4.68 7
      vertex -27.03 4.68 2.885
      vertex -27.03 4.68 7
    endloop
  endfacet
  facet normal 1 0 0
    outer loop
      vertex -27.03 4.68 2.885
      vertex -27.03 -4.68 7
      vertex -27.03 -4.68 2.885
    endloop
  endfacet
  facet normal 0 1 -0
    outer loop
      vertex 24 9 0
      vertex -24 9 7
      vertex 24 9 7
    endloop
  endfacet
  facet normal 0 1 0
    outer loop
      vertex -24 9 7
      vertex 24 9 0
      vertex -24 9 0
    endloop
  endfacet
  facet normal 0 0 1
    outer loop
      vertex 27.03 4.68 2.885
      vertex 25 0 2.885
      vertex 27.03 -4.68 2.885
    endloop
  endfacet
  facet normal 0 0 1
    outer loop
      vertex 27.03 4.68 2.885
      vertex 24.9924 0.174311 2.885
      vertex 25 0 2.885
    endloop
  endfacet
  facet normal 0 0 1
    outer loop
      vertex 27.03 4.68 2.885
      vertex 24.9696 0.347296 2.885
      vertex 24.9924 0.174311 2.885
    endloop
  endfacet
  facet normal 0 0 1
    outer loop
      vertex 27.03 4.68 2.885
      vertex 24.9319 0.517637 2.885
      vertex 24.9696 0.347296 2.885
    endloop
  endfacet
  facet normal 0 0 1
    outer loop
      vertex 27.03 4.68 2.885
      vertex 24.8794 0.68404 2.885
      vertex 24.9319 0.517637 2.885
    endloop
  endfacet
  facet normal 0 0 1
    outer loop
      vertex 27.03 4.68 2.885
      vertex 24.8126 0.845236 2.885
      vertex 24.8794 0.68404 2.885
    endloop
  endfacet
  facet normal 0 0 1
    outer loop
      vertex 27.03 4.68 2.885
      vertex 24.732 1 2.885
      vertex 24.8126 0.845236 2.885
    endloop
  endfacet
  facet normal 0 0 1
    outer loop
      vertex 27.03 4.68 2.885
      vertex 24.6383 1.14715 2.885
      vertex 24.732 1 2.885
    endloop
  endfacet
  facet normal 0 0 1
    outer loop
      vertex 27.03 4.68 2.885
      vertex 24.5321 1.28557 2.885
      vertex 24.6383 1.14715 2.885
    endloop
  endfacet
  facet normal 0 0 1
    outer loop
      vertex 27.03 4.68 2.885
      vertex 24.4142 1.41421 2.885
      vertex 24.5321 1.28557 2.885
    endloop
  endfacet
  facet normal 0 0 1
    outer loop
      vertex 27.03 4.68 2.885
      vertex 24.2856 1.53209 2.885
      vertex 24.4142 1.41421 2.885
    endloop
  endfacet
  facet normal 0 0 1
    outer loop
      vertex 27.03 4.68 2.885
      vertex 24.1472 1.6383 2.885
      vertex 24.2856 1.53209 2.885
    endloop
  endfacet
  facet normal 0 0 1
    outer loop
      vertex 27.03 4.68 2.885
      vertex 24 1.73205 2.885
      vertex 24.1472 1.6383 2.885
    endloop
  endfacet
  facet normal 0 0 1
    outer loop
      vertex 27.03 4.68 2.885
      vertex 23.8452 1.81262 2.885
      vertex 24 1.73205 2.885
    endloop
  endfacet
  facet normal 0 0 1
    outer loop
      vertex 27.03 4.68 2.885
      vertex 23.684 1.87938 2.885
      vertex 23.8452 1.81262 2.885
    endloop
  endfacet
  facet normal 0 0 1
    outer loop
      vertex 27.03 4.68 2.885
      vertex 23.5176 1.93185 2.885
      vertex 23.684 1.87938 2.885
    endloop
  endfacet
  facet normal 0 0 1
    outer loop
      vertex 27.03 4.68 2.885
      vertex 23.3473 1.96961 2.885
      vertex 23.5176 1.93185 2.885
    endloop
  endfacet
  facet normal 0 0 1
    outer loop
      vertex 27.03 4.68 2.885
      vertex 23.1743 1.99239 2.885
      vertex 23.3473 1.96961 2.885
    endloop
  endfacet
  facet normal 0 0 1
    outer loop
      vertex 27.03 4.68 2.885
      vertex 23 2 2.885
      vertex 23.1743 1.99239 2.885
    endloop
  endfacet
  facet normal -0 0 1
    outer loop
      vertex 18.97 4.68 2.885
      vertex 23 2 2.885
      vertex 27.03 4.68 2.885
    endloop
  endfacet
  facet normal 0 0 1
    outer loop
      vertex 23 2 2.885
      vertex 18.97 4.68 2.885
      vertex 22.8257 1.99239 2.885
    endloop
  endfacet
  facet normal 0 0 1
    outer loop
      vertex 22.8257 1.99239 2.885
      vertex 18.97 4.68 2.885
      vertex 22.6527 1.96961 2.885
    endloop
  endfacet
  facet normal 0 0 1
    outer loop
      vertex 22.6527 1.96961 2.885
      vertex 18.97 4.68 2.885
      vertex 22.4824 1.93185 2.885
    endloop
  endfacet
  facet normal 0 0 1
    outer loop
      vertex 22.4824 1.93185 2.885
      vertex 18.97 4.68 2.885
      vertex 22.316 1.87938 2.885
    endloop
  endfacet
  facet normal 0 0 1
    outer loop
      vertex 22.316 1.87938 2.885
      vertex 18.97 4.68 2.885
      vertex 22.1548 1.81262 2.885
    endloop
  endfacet
  facet normal 0 0 1
    outer loop
      vertex 21.0076 0.174311 2.885
      vertex 18.97 4.68 2.885
      vertex 21 0 2.885
    endloop
  endfacet
  facet normal 0 0 1
    outer loop
      vertex 21.0304 0.347296 2.885
      vertex 18.97 4.68 2.885
      vertex 21.0076 0.174311 2.885
    endloop
  endfacet
  facet normal 0 0 1
    outer loop
      vertex 21.0681 0.517637 2.885
      vertex 18.97 4.68 2.885
      vertex 21.0304 0.347296 2.885
    endloop
  endfacet
  facet normal 0 0 1
    outer loop
      vertex 21.1206 0.68404 2.885
      vertex 18.97 4.68 2.885
      vertex 21.0681 0.517637 2.885
    endloop
  endfacet
  facet normal 0 0 1
    outer loop
      vertex 21.1874 0.845236 2.885
      vertex 18.97 4.68 2.885
      vertex 21.1206 0.68404 2.885
    endloop
  endfacet
  facet normal 0 0 1
    outer loop
      vertex 21.2679 1 2.885
      vertex 18.97 4.68 2.885
      vertex 21.1874 0.845236 2.885
    endloop
  endfacet
  facet normal 0 0 1
    outer loop
      vertex 21.3617 1.14715 2.885
      vertex 18.97 4.68 2.885
      vertex 21.2679 1 2.885
    endloop
  endfacet
  facet normal 0 0 1
    outer loop
      vertex 21.4679 1.28557 2.885
      vertex 18.97 4.68 2.885
      vertex 21.3617 1.14715 2.885
    endloop
  endfacet
  facet normal 0 0 1
    outer loop
      vertex 21.5858 1.41421 2.885
      vertex 18.97 4.68 2.885
      vertex 21.4679 1.28557 2.885
    endloop
  endfacet
  facet normal 0 0 1
    outer loop
      vertex 21.7144 1.53209 2.885
      vertex 18.97 4.68 2.885
      vertex 21.5858 1.41421 2.885
    endloop
  endfacet
  facet normal 0 0 1
    outer loop
      vertex 21.8528 1.6383 2.885
      vertex 18.97 4.68 2.885
      vertex 21.7144 1.53209 2.885
    endloop
  endfacet
  facet normal 0 0 1
    outer loop
      vertex 22 1.73205 2.885
      vertex 18.97 4.68 2.885
      vertex 21.8528 1.6383 2.885
    endloop
  endfacet
  facet normal 0 0 1
    outer loop
      vertex 22.1548 1.81262 2.885
      vertex 18.97 4.68 2.885
      vertex 22 1.73205 2.885
    endloop
  endfacet
  facet normal -0 0 1
    outer loop
      vertex 24.9924 -0.174311 2.885
      vertex 27.03 -4.68 2.885
      vertex 25 0 2.885
    endloop
  endfacet
  facet normal -0 0 1
    outer loop
      vertex 24.9696 -0.347296 2.885
      vertex 27.03 -4.68 2.885
      vertex 24.9924 -0.174311 2.885
    endloop
  endfacet
  facet normal -0 0 1
    outer loop
      vertex 24.9319 -0.517637 2.885
      vertex 27.03 -4.68 2.885
      vertex 24.9696 -0.347296 2.885
    endloop
  endfacet
  facet normal -0 0 1
    outer loop
      vertex 24.8794 -0.68404 2.885
      vertex 27.03 -4.68 2.885
      vertex 24.9319 -0.517637 2.885
    endloop
  endfacet
  facet normal -0 0 1
    outer loop
      vertex 24.8126 -0.845236 2.885
      vertex 27.03 -4.68 2.885
      vertex 24.8794 -0.68404 2.885
    endloop
  endfacet
  facet normal -0 0 1
    outer loop
      vertex 24.732 -1 2.885
      vertex 27.03 -4.68 2.885
      vertex 24.8126 -0.845236 2.885
    endloop
  endfacet
  facet normal -0 0 1
    outer loop
      vertex 24.6383 -1.14715 2.885
      vertex 27.03 -4.68 2.885
      vertex 24.732 -1 2.885
    endloop
  endfacet
  facet normal -0 0 1
    outer loop
      vertex 24.5321 -1.28557 2.885
      vertex 27.03 -4.68 2.885
      vertex 24.6383 -1.14715 2.885
    endloop
  endfacet
  facet normal -0 0 1
    outer loop
      vertex 24.4142 -1.41421 2.885
      vertex 27.03 -4.68 2.885
      vertex 24.5321 -1.28557 2.885
    endloop
  endfacet
  facet normal -0 0 1
    outer loop
      vertex 24.2856 -1.53209 2.885
      vertex 27.03 -4.68 2.885
      vertex 24.4142 -1.41421 2.885
    endloop
  endfacet
  facet normal -0 0 1
    outer loop
      vertex 24.1472 -1.6383 2.885
      vertex 27.03 -4.68 2.885
      vertex 24.2856 -1.53209 2.885
    endloop
  endfacet
  facet normal -0 0 1
    outer loop
      vertex 24 -1.73205 2.885
      vertex 27.03 -4.68 2.885
      vertex 24.1472 -1.6383 2.885
    endloop
  endfacet
  facet normal -0 0 1
    outer loop
      vertex 23.8452 -1.81262 2.885
      vertex 27.03 -4.68 2.885
      vertex 24 -1.73205 2.885
    endloop
  endfacet
  facet normal -0 0 1
    outer loop
      vertex 23.684 -1.87938 2.885
      vertex 27.03 -4.68 2.885
      vertex 23.8452 -1.81262 2.885
    endloop
  endfacet
  facet normal -0 0 1
    outer loop
      vertex 23.5176 -1.93185 2.885
      vertex 27.03 -4.68 2.885
      vertex 23.684 -1.87938 2.885
    endloop
  endfacet
  facet normal -0 0 1
    outer loop
      vertex 23.3473 -1.96961 2.885
      vertex 27.03 -4.68 2.885
      vertex 23.5176 -1.93185 2.885
    endloop
  endfacet
  facet normal -0 0 1
    outer loop
      vertex 23.1743 -1.99239 2.885
      vertex 27.03 -4.68 2.885
      vertex 23.3473 -1.96961 2.885
    endloop
  endfacet
  facet normal -0 0 1
    outer loop
      vertex 23 -2 2.885
      vertex 27.03 -4.68 2.885
      vertex 23.1743 -1.99239 2.885
    endloop
  endfacet
  facet normal 0 0 1
    outer loop
      vertex 18.97 -4.68 2.885
      vertex 23 -2 2.885
      vertex 22.8257 -1.99239 2.885
    endloop
  endfacet
  facet normal 0 0 1
    outer loop
      vertex 18.97 -4.68 2.885
      vertex 22.8257 -1.99239 2.885
      vertex 22.6527 -1.96961 2.885
    endloop
  endfacet
  facet normal 0 0 1
    outer loop
      vertex 18.97 -4.68 2.885
      vertex 22.6527 -1.96961 2.885
      vertex 22.4824 -1.93185 2.885
    endloop
  endfacet
  facet normal 0 0 1
    outer loop
      vertex 18.97 -4.68 2.885
      vertex 22.4824 -1.93185 2.885
      vertex 22.316 -1.87938 2.885
    endloop
  endfacet
  facet normal 0 0 1
    outer loop
      vertex 18.97 -4.68 2.885
      vertex 22.316 -1.87938 2.885
      vertex 22.1548 -1.81262 2.885
    endloop
  endfacet
  facet normal 0 0 1
    outer loop
      vertex 18.97 -4.68 2.885
      vertex 22.1548 -1.81262 2.885
      vertex 22 -1.73205 2.885
    endloop
  endfacet
  facet normal 0 0 1
    outer loop
      vertex 18.97 -4.68 2.885
      vertex 21 0 2.885
      vertex 18.97 4.68 2.885
    endloop
  endfacet
  facet normal 0 0 1
    outer loop
      vertex 21 0 2.885
      vertex 18.97 -4.68 2.885
      vertex 21.0076 -0.174311 2.885
    endloop
  endfacet
  facet normal 0 0 1
    outer loop
      vertex 21.0076 -0.174311 2.885
      vertex 18.97 -4.68 2.885
      vertex 21.0304 -0.347296 2.885
    endloop
  endfacet
  facet normal 0 0 1
    outer loop
      vertex 21.0304 -0.347296 2.885
      vertex 18.97 -4.68 2.885
      vertex 21.0681 -0.517637 2.885
    endloop
  endfacet
  facet normal 0 0 1
    outer loop
      vertex 23 -2 2.885
      vertex 18.97 -4.68 2.885
      vertex 27.03 -4.68 2.885
    endloop
  endfacet
  facet normal 0 0 1
    outer loop
      vertex 21.8528 -1.6383 2.885
      vertex 18.97 -4.68 2.885
      vertex 22 -1.73205 2.885
    endloop
  endfacet
  facet normal 0 0 1
    outer loop
      vertex 21.7144 -1.53209 2.885
      vertex 18.97 -4.68 2.885
      vertex 21.8528 -1.6383 2.885
    endloop
  endfacet
  facet normal 0 0 1
    outer loop
      vertex 21.5858 -1.41421 2.885
      vertex 18.97 -4.68 2.885
      vertex 21.7144 -1.53209 2.885
    endloop
  endfacet
  facet normal 0 0 1
    outer loop
      vertex 21.4679 -1.28557 2.885
      vertex 18.97 -4.68 2.885
      vertex 21.5858 -1.41421 2.885
    endloop
  endfacet
  facet normal 0 0 1
    outer loop
      vertex 21.3617 -1.14715 2.885
      vertex 18.97 -4.68 2.885
      vertex 21.4679 -1.28557 2.885
    endloop
  endfacet
  facet normal 0 0 1
    outer loop
      vertex 21.2679 -1 2.885
      vertex 18.97 -4.68 2.885
      vertex 21.3617 -1.14715 2.885
    endloop
  endfacet
  facet normal 0 0 1
    outer loop
      vertex 21.1874 -0.845236 2.885
      vertex 18.97 -4.68 2.885
      vertex 21.2679 -1 2.885
    endloop
  endfacet
  facet normal 0 0 1
    outer loop
      vertex 21.1206 -0.68404 2.885
      vertex 18.97 -4.68 2.885
      vertex 21.1874 -0.845236 2.885
    endloop
  endfacet
  facet normal 0 0 1
    outer loop
      vertex 21.0681 -0.517637 2.885
      vertex 18.97 -4.68 2.885
      vertex 21.1206 -0.68404 2.885
    endloop
  endfacet
  facet normal 0.0436238 -0.999048 0
    outer loop
      vertex 24 -9 1.05
      vertex 24.753 -8.96712 7
      vertex 24 -9 7
    endloop
  endfacet
  facet normal 0.0436238 -0.999048 0
    outer loop
      vertex 24.753 -8.96712 7
      vertex 24 -9 1.05
      vertex 24.753 -8.96712 1.05
    endloop
  endfacet
  facet normal 0.130521 -0.991446 0
    outer loop
      vertex 24.8155 -8.96165 1.05
      vertex 25.5628 -8.86327 7
      vertex 24.8155 -8.96165 7
    endloop
  endfacet
  facet normal 0.130521 -0.991446 0
    outer loop
      vertex 25.5628 -8.86327 7
      vertex 24.8155 -8.96165 1.05
      vertex 25.5628 -8.86327 1.05
    endloop
  endfacet
  facet normal 0.216433 -0.976297 0
    outer loop
      vertex 25.5628 -8.86327 1.05
      vertex 26.2987 -8.70013 7
      vertex 25.5628 -8.86327 7
    endloop
  endfacet
  facet normal 0.216433 -0.976297 0
    outer loop
      vertex 26.2987 -8.70013 7
      vertex 25.5628 -8.86327 1.05
      vertex 26.2987 -8.70013 1.05
    endloop
  endfacet
  facet normal 0.300684 -0.953724 0
    outer loop
      vertex 26.3593 -8.68388 1.05
      vertex 27.0782 -8.45723 7
      vertex 26.3593 -8.68388 7
    endloop
  endfacet
  facet normal 0.300684 -0.953724 0
    outer loop
      vertex 27.0782 -8.45723 7
      vertex 26.3593 -8.68388 1.05
      vertex 27.0782 -8.45723 1.05
    endloop
  endfacet
  facet normal 0.382698 -0.923873 0
    outer loop
      vertex 27.0782 -8.45723 1.05
      vertex 27.7745 -8.1688 7
      vertex 27.0782 -8.45723 7
    endloop
  endfacet
  facet normal 0.382698 -0.923873 0
    outer loop
      vertex 27.7745 -8.1688 7
      vertex 27.0782 -8.45723 1.05
      vertex 27.7745 -8.1688 1.05
    endloop
  endfacet
  facet normal 0.461727 -0.887022 0
    outer loop
      vertex 27.8314 -8.14226 1.05
      vertex 28.5 -7.79423 7
      vertex 27.8314 -8.14226 7
    endloop
  endfacet
  facet normal 0.461727 -0.887022 0
    outer loop
      vertex 28.5 -7.79423 7
      vertex 27.8314 -8.14226 1.05
      vertex 28.5 -7.79423 1.05
    endloop
  endfacet
  facet normal 0.537294 -0.843395 0
    outer loop
      vertex 28.5 -7.79423 1.05
      vertex 29.1357 -7.38925 7
      vertex 28.5 -7.79423 7
    endloop
  endfacet
  facet normal 0.537294 -0.843395 0
    outer loop
      vertex 29.1357 -7.38925 7
      vertex 28.5 -7.79423 1.05
      vertex 29.1357 -7.38925 1.05
    endloop
  endfacet
  facet normal 0.608743 -0.793367 0
    outer loop
      vertex 29.1871 -7.35324 1.05
      vertex 29.7851 -6.8944 7
      vertex 29.1871 -7.35324 7
    endloop
  endfacet
  facet normal 0.608743 -0.793367 0
    outer loop
      vertex 29.7851 -6.8944 7
      vertex 29.1871 -7.35324 1.05
      vertex 29.7851 -6.8944 1.05
    endloop
  endfacet
  facet normal 0.675601 -0.737268 0
    outer loop
      vertex 29.7851 -6.8944 1.05
      vertex 30.3408 -6.38518 7
      vertex 29.7851 -6.8944 7
    endloop
  endfacet
  facet normal 0.675601 -0.737268 0
    outer loop
      vertex 30.3408 -6.38518 7
      vertex 29.7851 -6.8944 1.05
      vertex 30.3408 -6.38518 1.05
    endloop
  endfacet
  facet normal 0.737287 -0.67558 0
    outer loop
      vertex 30.3852 -6.3408 7
      vertex 30.8944 -5.78509 1.05
      vertex 30.8944 -5.78509 7
    endloop
  endfacet
  facet normal 0.737287 -0.67558 0
    outer loop
      vertex 30.8944 -5.78509 1.05
      vertex 30.3852 -6.3408 7
      vertex 30.3852 -6.3408 1.05
    endloop
  endfacet
  facet normal 0.793383 -0.608723 0
    outer loop
      vertex 30.8944 -5.78509 7
      vertex 31.3532 -5.18711 1.05
      vertex 31.3532 -5.18711 7
    endloop
  endfacet
  facet normal 0.793383 -0.608723 0
    outer loop
      vertex 31.3532 -5.18711 1.05
      vertex 30.8944 -5.78509 7
      vertex 30.8944 -5.78509 1.05
    endloop
  endfacet
  facet normal 0.843379 -0.537319 0
    outer loop
      vertex 31.3892 -5.13569 7
      vertex 31.7942 -4.5 1.05
      vertex 31.7942 -4.5 7
    endloop
  endfacet
  facet normal 0.843379 -0.537319 0
    outer loop
      vertex 31.7942 -4.5 1.05
      vertex 31.3892 -5.13569 7
      vertex 31.3892 -5.13569 1.05
    endloop
  endfacet
  facet normal 0.88697 -0.461827 0
    outer loop
      vertex 31.7942 -4.5 7
      vertex 32.1423 -3.83145 1.05
      vertex 32.1423 -3.83145 7
    endloop
  endfacet
  facet normal 0.88697 -0.461827 0
    outer loop
      vertex 32.1423 -3.83145 1.05
      vertex 31.7942 -4.5 7
      vertex 31.7942 -4.5 1.05
    endloop
  endfacet
  facet normal 0.923895 -0.382646 0
    outer loop
      vertex 32.1688 -3.77452 7
      vertex 32.4572 -3.07818 1.05
      vertex 32.4572 -3.07818 7
    endloop
  endfacet
  facet normal 0.923895 -0.382646 0
    outer loop
      vertex 32.4572 -3.07818 1.05
      vertex 32.1688 -3.77452 7
      vertex 32.1688 -3.77452 1.05
    endloop
  endfacet
  facet normal 0.953699 -0.300763 0
    outer loop
      vertex 32.4572 -3.07818 7
      vertex 32.6839 -2.35933 1.05
      vertex 32.6839 -2.35933 7
    endloop
  endfacet
  facet normal 0.953699 -0.300763 0
    outer loop
      vertex 32.6839 -2.35933 1.05
      vertex 32.4572 -3.07818 7
      vertex 32.4572 -3.07818 1.05
    endloop
  endfacet
  facet normal 0.976279 -0.216517 0
    outer loop
      vertex 32.7001 -2.2987 7
      vertex 32.8633 -1.56283 1.05
      vertex 32.8633 -1.56283 7
    endloop
  endfacet
  facet normal 0.976279 -0.216517 0
    outer loop
      vertex 32.8633 -1.56283 1.05
      vertex 32.7001 -2.2987 7
      vertex 32.7001 -2.2987 1.05
    endloop
  endfacet
  facet normal 0.991442 -0.13055 0
    outer loop
      vertex 32.8633 -1.56283 7
      vertex 32.9617 -0.815548 1.05
      vertex 32.9617 -0.815548 7
    endloop
  endfacet
  facet normal 0.991442 -0.13055 0
    outer loop
      vertex 32.9617 -0.815548 1.05
      vertex 32.8633 -1.56283 7
      vertex 32.8633 -1.56283 1.05
    endloop
  endfacet
  facet normal 0.999047 -0.0436495 0
    outer loop
      vertex 32.9671 -0.753013 7
      vertex 33 0 1.05
      vertex 33 0 7
    endloop
  endfacet
  facet normal 0.999047 -0.0436495 0
    outer loop
      vertex 33 0 1.05
      vertex 32.9671 -0.753013 7
      vertex 32.9671 -0.753013 1.05
    endloop
  endfacet
  facet normal 0.999047 0.0436495 0
    outer loop
      vertex 33 0 7
      vertex 32.9671 0.753013 1.05
      vertex 32.9671 0.753013 7
    endloop
  endfacet
  facet normal 0.999047 0.0436495 0
    outer loop
      vertex 32.9671 0.753013 1.05
      vertex 33 0 7
      vertex 33 0 1.05
    endloop
  endfacet
  facet normal 0.991442 0.13055 0
    outer loop
      vertex 32.9617 0.815548 7
      vertex 32.8633 1.56283 1.05
      vertex 32.8633 1.56283 7
    endloop
  endfacet
  facet normal 0.991442 0.13055 0
    outer loop
      vertex 32.8633 1.56283 1.05
      vertex 32.9617 0.815548 7
      vertex 32.9617 0.815548 1.05
    endloop
  endfacet
  facet normal 0.976279 0.216517 0
    outer loop
      vertex 32.8633 1.56283 7
      vertex 32.7001 2.2987 1.05
      vertex 32.7001 2.2987 7
    endloop
  endfacet
  facet normal 0.976279 0.216517 0
    outer loop
      vertex 32.7001 2.2987 1.05
      vertex 32.8633 1.56283 7
      vertex 32.8633 1.56283 1.05
    endloop
  endfacet
  facet normal 0.953699 0.300763 0
    outer loop
      vertex 32.6839 2.35933 7
      vertex 32.4572 3.07818 1.05
      vertex 32.4572 3.07818 7
    endloop
  endfacet
  facet normal 0.953699 0.300763 0
    outer loop
      vertex 32.4572 3.07818 1.05
      vertex 32.6839 2.35933 7
      vertex 32.6839 2.35933 1.05
    endloop
  endfacet
  facet normal 0.923895 0.382646 0
    outer loop
      vertex 32.4572 3.07818 7
      vertex 32.1688 3.77452 1.05
      vertex 32.1688 3.77452 7
    endloop
  endfacet
  facet normal 0.923895 0.382646 0
    outer loop
      vertex 32.1688 3.77452 1.05
      vertex 32.4572 3.07818 7
      vertex 32.4572 3.07818 1.05
    endloop
  endfacet
  facet normal 0.88697 0.461827 0
    outer loop
      vertex 32.1423 3.83145 7
      vertex 31.7942 4.5 1.05
      vertex 31.7942 4.5 7
    endloop
  endfacet
  facet normal 0.88697 0.461827 0
    outer loop
      vertex 31.7942 4.5 1.05
      vertex 32.1423 3.83145 7
      vertex 32.1423 3.83145 1.05
    endloop
  endfacet
  facet normal 0.843379 0.537319 0
    outer loop
      vertex 31.7942 4.5 7
      vertex 31.3892 5.13569 1.05
      vertex 31.3892 5.13569 7
    endloop
  endfacet
  facet normal 0.843379 0.537319 0
    outer loop
      vertex 31.3892 5.13569 1.05
      vertex 31.7942 4.5 7
      vertex 31.7942 4.5 1.05
    endloop
  endfacet
  facet normal 0.793383 0.608723 0
    outer loop
      vertex 31.3532 5.18711 7
      vertex 30.8944 5.78509 1.05
      vertex 30.8944 5.78509 7
    endloop
  endfacet
  facet normal 0.793383 0.608723 0
    outer loop
      vertex 30.8944 5.78509 1.05
      vertex 31.3532 5.18711 7
      vertex 31.3532 5.18711 1.05
    endloop
  endfacet
  facet normal 0.737287 0.67558 0
    outer loop
      vertex 30.8944 5.78509 7
      vertex 30.3852 6.3408 1.05
      vertex 30.3852 6.3408 7
    endloop
  endfacet
  facet normal 0.737287 0.67558 0
    outer loop
      vertex 30.3852 6.3408 1.05
      vertex 30.8944 5.78509 7
      vertex 30.8944 5.78509 1.05
    endloop
  endfacet
  facet normal 0.67557 0.737296 -0
    outer loop
      vertex 30.3408 6.38519 1.05
      vertex 30.2155 6.5 7
      vertex 30.3408 6.38519 7
    endloop
  endfacet
  facet normal 0.67557 0.737296 0
    outer loop
      vertex 30.2155 6.5 7
      vertex 30.3408 6.38519 1.05
      vertex 30.2155 6.5 1.05
    endloop
  endfacet
  facet normal 0.962206 -0.272322 0
    outer loop
      vertex 30.2155 6.5 7
      vertex 30.2173 6.50636 1.05
      vertex 30.2173 6.50636 7
    endloop
  endfacet
  facet normal 0.962206 -0.272322 0
    outer loop
      vertex 30.2173 6.50636 1.05
      vertex 30.2155 6.5 7
      vertex 30.2155 6.5 1.05
    endloop
  endfacet
  facet normal -0.991422 0.130698 0
    outer loop
      vertex 24.9886 -0.203152 0
      vertex 24.9734 -0.318453 0
      vertex 24.9886 -0.203152 1.05
    endloop
  endfacet
  facet normal -0.991431 0.130628 0
    outer loop
      vertex 24.9886 -0.203152 1.05
      vertex 24.9924 -0.174311 2.885
      vertex 24.9924 -0.174311 1.05
    endloop
  endfacet
  facet normal -0.991422 0.130698 0
    outer loop
      vertex 24.9734 -0.318453 1.05
      vertex 24.9886 -0.203152 1.05
      vertex 24.9734 -0.318453 0
    endloop
  endfacet
  facet normal -0.991422 0.130698 -1.1218e-06
    outer loop
      vertex 24.9886 -0.203152 1.05
      vertex 24.9734 -0.318453 1.05
      vertex 24.9924 -0.174311 2.885
    endloop
  endfacet
  facet normal -0.991433 0.130619 0
    outer loop
      vertex 24.9696 -0.347296 2.885
      vertex 24.9734 -0.318453 1.05
      vertex 24.9696 -0.347296 1.05
    endloop
  endfacet
  facet normal -0.991425 0.130673 8.66407e-07
    outer loop
      vertex 24.9734 -0.318453 1.05
      vertex 24.9696 -0.347296 2.885
      vertex 24.9924 -0.174311 2.885
    endloop
  endfacet
  facet normal -0.976409 0.215929 0
    outer loop
      vertex 24.9658 -0.364345 0
      vertex 24.9319 -0.517637 0
      vertex 24.9658 -0.364345 1.05
    endloop
  endfacet
  facet normal -0.976049 0.217549 0
    outer loop
      vertex 24.9658 -0.364345 1.05
      vertex 24.9696 -0.347296 2.885
      vertex 24.9696 -0.347296 1.05
    endloop
  endfacet
  facet normal -0.976409 0.215929 0
    outer loop
      vertex 24.9319 -0.517637 2.885
      vertex 24.9658 -0.364345 1.05
      vertex 24.9319 -0.517637 0
    endloop
  endfacet
  facet normal -0.976373 0.216092 1.42079e-05
    outer loop
      vertex 24.9658 -0.364345 1.05
      vertex 24.9319 -0.517637 2.885
      vertex 24.9696 -0.347296 2.885
    endloop
  endfacet
  facet normal -0.953562 0.301198 0
    outer loop
      vertex 24.8846 -0.667384 1.05
      vertex 24.9319 -0.517637 0
      vertex 24.8846 -0.667384 0
    endloop
  endfacet
  facet normal -0.953562 0.301198 0
    outer loop
      vertex 24.9319 -0.517637 0
      vertex 24.8846 -0.667384 1.05
      vertex 24.9319 -0.517637 2.885
    endloop
  endfacet
  facet normal -0.954562 0.298014 0
    outer loop
      vertex 24.8794 -0.68404 2.885
      vertex 24.8846 -0.667384 1.05
      vertex 24.8794 -0.68404 1.05
    endloop
  endfacet
  facet normal -0.953662 0.30088 2.85596e-05
    outer loop
      vertex 24.8846 -0.667384 1.05
      vertex 24.8794 -0.68404 2.885
      vertex 24.9319 -0.517637 2.885
    endloop
  endfacet
  facet normal -0.924171 0.381978 0
    outer loop
      vertex 24.8682 -0.710927 0
      vertex 24.8238 -0.81835 0
      vertex 24.8682 -0.710927 1.05
    endloop
  endfacet
  facet normal -0.923112 0.38453 0
    outer loop
      vertex 24.8682 -0.710927 1.05
      vertex 24.8794 -0.68404 2.885
      vertex 24.8794 -0.68404 1.05
    endloop
  endfacet
  facet normal -0.924171 0.381978 0
    outer loop
      vertex 24.8238 -0.81835 1.05
      vertex 24.8682 -0.710927 1.05
      vertex 24.8238 -0.81835 0
    endloop
  endfacet
  facet normal -0.924171 0.381978 4.38585e-05
    outer loop
      vertex 24.8682 -0.710927 1.05
      vertex 24.8238 -0.81835 1.05
      vertex 24.8794 -0.68404 2.885
    endloop
  endfacet
  facet normal -0.923107 0.384542 0
    outer loop
      vertex 24.8126 -0.845236 2.885
      vertex 24.8238 -0.81835 1.05
      vertex 24.8126 -0.845236 1.05
    endloop
  endfacet
  facet normal -0.923818 0.382832 -2.93903e-05
    outer loop
      vertex 24.8238 -0.81835 1.05
      vertex 24.8126 -0.845236 2.885
      vertex 24.8794 -0.68404 2.885
    endloop
  endfacet
  facet normal -0.886754 0.462242 0
    outer loop
      vertex 24.8046 -0.860726 0
      vertex 24.732 -1 0
      vertex 24.8046 -0.860726 1.05
    endloop
  endfacet
  facet normal -0.8885 0.458877 0
    outer loop
      vertex 24.8046 -0.860726 1.05
      vertex 24.8126 -0.845236 2.885
      vertex 24.8126 -0.845236 1.05
    endloop
  endfacet
  facet normal -0.886754 0.462242 0
    outer loop
      vertex 24.732 -1 2.885
      vertex 24.8046 -0.860726 1.05
      vertex 24.732 -1 0
    endloop
  endfacet
  facet normal -0.886929 0.461906 -3.24238e-05
    outer loop
      vertex 24.8046 -0.860726 1.05
      vertex 24.732 -1 2.885
      vertex 24.8126 -0.845236 2.885
    endloop
  endfacet
  facet normal -0.843585 0.536995 0
    outer loop
      vertex 24.6477 -1.13243 1.05
      vertex 24.732 -1 0
      vertex 24.6477 -1.13243 0
    endloop
  endfacet
  facet normal -0.843585 0.536995 0
    outer loop
      vertex 24.732 -1 0
      vertex 24.6477 -1.13243 1.05
      vertex 24.732 -1 2.885
    endloop
  endfacet
  facet normal -0.842812 0.538209 0
    outer loop
      vertex 24.6383 -1.14715 2.885
      vertex 24.6477 -1.13243 1.05
      vertex 24.6383 -1.14715 1.05
    endloop
  endfacet
  facet normal -0.843508 0.537117 -1.23268e-05
    outer loop
      vertex 24.6477 -1.13243 1.05
      vertex 24.6383 -1.14715 2.885
      vertex 24.732 -1 2.885
    endloop
  endfacet
  facet normal -0.79339 0.608713 0
    outer loop
      vertex 24.6206 -1.17022 0
      vertex 24.5498 -1.2625 0
      vertex 24.6206 -1.17022 1.05
    endloop
  endfacet
  facet normal -0.79339 0.608713 0
    outer loop
      vertex 24.6206 -1.17022 1.05
      vertex 24.6383 -1.14715 2.885
      vertex 24.6383 -1.14715 1.05
    endloop
  endfacet
  facet normal -0.79339 0.608713 0
    outer loop
      vertex 24.5498 -1.2625 1.05
      vertex 24.6206 -1.17022 1.05
      vertex 24.5498 -1.2625 0
    endloop
  endfacet
  facet normal -0.79339 0.608713 7.13215e-16
    outer loop
      vertex 24.6206 -1.17022 1.05
      vertex 24.5498 -1.2625 1.05
      vertex 24.6383 -1.14715 2.885
    endloop
  endfacet
  facet normal -0.79339 0.608713 0
    outer loop
      vertex 24.5321 -1.28557 2.885
      vertex 24.5498 -1.2625 1.05
      vertex 24.5321 -1.28557 1.05
    endloop
  endfacet
  facet normal -0.79339 0.608713 -4.75477e-16
    outer loop
      vertex 24.5498 -1.2625 1.05
      vertex 24.5321 -1.28557 2.885
      vertex 24.6383 -1.14715 2.885
    endloop
  endfacet
  facet normal -0.737196 0.675678 0
    outer loop
      vertex 24.5203 -1.29845 0
      vertex 24.4142 -1.41421 0
      vertex 24.5203 -1.29845 1.05
    endloop
  endfacet
  facet normal -0.737344 0.675517 0
    outer loop
      vertex 24.5203 -1.29845 1.05
      vertex 24.5321 -1.28557 2.885
      vertex 24.5321 -1.28557 1.05
    endloop
  endfacet
  facet normal -0.737196 0.675678 0
    outer loop
      vertex 24.4142 -1.41421 2.885
      vertex 24.5203 -1.29845 1.05
      vertex 24.4142 -1.41421 0
    endloop
  endfacet
  facet normal -0.737211 0.675662 -1.87383e-06
    outer loop
      vertex 24.5203 -1.29845 1.05
      vertex 24.4142 -1.41421 2.885
      vertex 24.5321 -1.28557 2.885
    endloop
  endfacet
  facet normal -0.675714 0.737164 2.69149e-05
    outer loop
      vertex 24.4142 -1.41421 2.885
      vertex 24.2984 -1.52029 1.05
      vertex 24.2856 -1.53209 2.885
    endloop
  endfacet
  facet normal -0.675482 0.737376 0
    outer loop
      vertex 24.4142 -1.41421 0
      vertex 24.2984 -1.52029 1.05
      vertex 24.4142 -1.41421 2.885
    endloop
  endfacet
  facet normal -0.675482 0.737376 0
    outer loop
      vertex 24.2984 -1.52029 1.05
      vertex 24.4142 -1.41421 0
      vertex 24.2984 -1.52029 0
    endloop
  endfacet
  facet normal -0.677803 0.735244 0
    outer loop
      vertex 24.2856 -1.53209 2.885
      vertex 24.2984 -1.52029 1.05
      vertex 24.2856 -1.53209 1.05
    endloop
  endfacet
  facet normal -0.608684 0.793413 0
    outer loop
      vertex 24.2625 -1.54979 0
      vertex 24.1702 -1.6206 1.05
      vertex 24.2625 -1.54979 1.05
    endloop
  endfacet
  facet normal -0.608684 0.793413 0
    outer loop
      vertex 24.1702 -1.6206 1.05
      vertex 24.2625 -1.54979 0
      vertex 24.1702 -1.6206 0
    endloop
  endfacet
  facet normal -0.608215 0.793772 0
    outer loop
      vertex 24.2625 -1.54979 1.05
      vertex 24.2856 -1.53209 2.885
      vertex 24.2856 -1.53209 1.05
    endloop
  endfacet
  facet normal -0.608805 0.79332 1.17797e-05
    outer loop
      vertex 24.2856 -1.53209 2.885
      vertex 24.2625 -1.54979 1.05
      vertex 24.1472 -1.6383 2.885
    endloop
  endfacet
  facet normal -0.608684 0.793413 2.37972e-05
    outer loop
      vertex 24.1702 -1.6206 1.05
      vertex 24.1472 -1.6383 2.885
      vertex 24.2625 -1.54979 1.05
    endloop
  endfacet
  facet normal -0.609877 0.792496 0
    outer loop
      vertex 24.1472 -1.6383 2.885
      vertex 24.1702 -1.6206 1.05
      vertex 24.1472 -1.6383 1.05
    endloop
  endfacet
  facet normal -0.535324 0.844647 0
    outer loop
      vertex 24.1324 -1.64768 1.05
      vertex 24.1472 -1.6383 2.885
      vertex 24.1472 -1.6383 1.05
    endloop
  endfacet
  facet normal -0.537191 0.843461 2.11215e-05
    outer loop
      vertex 24.1472 -1.6383 2.885
      vertex 24.1324 -1.64768 1.05
      vertex 24 -1.73205 2.885
    endloop
  endfacet
  facet normal -0.537399 0.843328 0
    outer loop
      vertex 24 -1.73205 0
      vertex 24.1324 -1.64768 1.05
      vertex 24.1324 -1.64768 0
    endloop
  endfacet
  facet normal -0.537399 0.843328 0
    outer loop
      vertex 24.1324 -1.64768 1.05
      vertex 24 -1.73205 0
      vertex 24 -1.73205 2.885
    endloop
  endfacet
  facet normal -0.461686 0.887043 1.25222e-06
    outer loop
      vertex 24 -1.73205 2.885
      vertex 23.8607 -1.80455 1.05
      vertex 23.8452 -1.81262 2.885
    endloop
  endfacet
  facet normal -0.461674 0.88705 0
    outer loop
      vertex 24 -1.73205 0
      vertex 23.8607 -1.80455 1.05
      vertex 24 -1.73205 2.885
    endloop
  endfacet
  facet normal -0.461674 0.88705 0
    outer loop
      vertex 23.8607 -1.80455 1.05
      vertex 24 -1.73205 0
      vertex 23.8607 -1.80455 0
    endloop
  endfacet
  facet normal -0.461803 0.886982 0
    outer loop
      vertex 23.8452 -1.81262 2.885
      vertex 23.8607 -1.80455 1.05
      vertex 23.8452 -1.81262 1.05
    endloop
  endfacet
  facet normal -0.382782 0.923839 0
    outer loop
      vertex 23.8183 -1.82375 0
      vertex 23.7109 -1.86825 1.05
      vertex 23.8183 -1.82375 1.05
    endloop
  endfacet
  facet normal -0.382782 0.923839 0
    outer loop
      vertex 23.7109 -1.86825 1.05
      vertex 23.8183 -1.82375 0
      vertex 23.7109 -1.86825 0
    endloop
  endfacet
  facet normal -0.382321 0.924029 0
    outer loop
      vertex 23.8183 -1.82375 1.05
      vertex 23.8452 -1.81262 2.885
      vertex 23.8452 -1.81262 1.05
    endloop
  endfacet
  facet normal -0.382629 0.923902 5.27227e-06
    outer loop
      vertex 23.8452 -1.81262 2.885
      vertex 23.8183 -1.82375 1.05
      vertex 23.684 -1.87938 2.885
    endloop
  endfacet
  facet normal -0.382782 0.923839 -7.91276e-06
    outer loop
      vertex 23.7109 -1.86825 1.05
      vertex 23.684 -1.87938 2.885
      vertex 23.8183 -1.82375 1.05
    endloop
  endfacet
  facet normal -0.382321 0.924029 0
    outer loop
      vertex 23.684 -1.87938 2.885
      vertex 23.7109 -1.86825 1.05
      vertex 23.684 -1.87938 1.05
    endloop
  endfacet
  facet normal -0.302066 0.953287 0
    outer loop
      vertex 23.6674 -1.88464 1.05
      vertex 23.684 -1.87938 2.885
      vertex 23.684 -1.87938 1.05
    endloop
  endfacet
  facet normal -0.300728 0.95371 -1.33119e-05
    outer loop
      vertex 23.684 -1.87938 2.885
      vertex 23.6674 -1.88464 1.05
      vertex 23.5176 -1.93185 2.885
    endloop
  endfacet
  facet normal -0.30058 0.953757 0
    outer loop
      vertex 23.5176 -1.93185 0
      vertex 23.6674 -1.88464 1.05
      vertex 23.6674 -1.88464 0
    endloop
  endfacet
  facet normal -0.30058 0.953757 0
    outer loop
      vertex 23.6674 -1.88464 1.05
      vertex 23.5176 -1.93185 0
      vertex 23.5176 -1.93185 2.885
    endloop
  endfacet
  facet normal -0.216469 0.976289 3.46777e-07
    outer loop
      vertex 23.5176 -1.93185 2.885
      vertex 23.3643 -1.96584 1.05
      vertex 23.3473 -1.96961 2.885
    endloop
  endfacet
  facet normal -0.216465 0.97629 0
    outer loop
      vertex 23.5176 -1.93185 0
      vertex 23.3643 -1.96584 1.05
      vertex 23.5176 -1.93185 2.885
    endloop
  endfacet
  facet normal -0.216465 0.97629 0
    outer loop
      vertex 23.3643 -1.96584 1.05
      vertex 23.5176 -1.93185 0
      vertex 23.3643 -1.96584 0
    endloop
  endfacet
  facet normal -0.216505 0.976282 0
    outer loop
      vertex 23.3473 -1.96961 2.885
      vertex 23.3643 -1.96584 1.05
      vertex 23.3473 -1.96961 1.05
    endloop
  endfacet
  facet normal -0.13053 0.991444 0
    outer loop
      vertex 23.3185 -1.97341 0
      vertex 23.2032 -1.98859 1.05
      vertex 23.3185 -1.97341 1.05
    endloop
  endfacet
  facet normal -0.13053 0.991444 0
    outer loop
      vertex 23.2032 -1.98859 1.05
      vertex 23.3185 -1.97341 0
      vertex 23.2032 -1.98859 0
    endloop
  endfacet
  facet normal -0.130811 0.991407 0
    outer loop
      vertex 23.3185 -1.97341 1.05
      vertex 23.3473 -1.96961 2.885
      vertex 23.3473 -1.96961 1.05
    endloop
  endfacet
  facet normal -0.130549 0.991442 -4.17245e-06
    outer loop
      vertex 23.3473 -1.96961 2.885
      vertex 23.3185 -1.97341 1.05
      vertex 23.1743 -1.99239 2.885
    endloop
  endfacet
  facet normal -0.13053 0.991444 -2.63354e-06
    outer loop
      vertex 23.2032 -1.98859 1.05
      vertex 23.1743 -1.99239 2.885
      vertex 23.3185 -1.97341 1.05
    endloop
  endfacet
  facet normal -0.130366 0.991466 0
    outer loop
      vertex 23.1743 -1.99239 2.885
      vertex 23.2032 -1.98859 1.05
      vertex 23.1743 -1.99239 1.05
    endloop
  endfacet
  facet normal -0.0436366 0.999047 0
    outer loop
      vertex 23.1569 -1.99315 1.05
      vertex 23.1743 -1.99239 2.885
      vertex 23.1743 -1.99239 1.05
    endloop
  endfacet
  facet normal -0.0436188 0.999048 -1.68673e-07
    outer loop
      vertex 23.1743 -1.99239 2.885
      vertex 23.1569 -1.99315 1.05
      vertex 23 -2 2.885
    endloop
  endfacet
  facet normal -0.0436168 0.999048 0
    outer loop
      vertex 23 -2 0
      vertex 23.1569 -1.99315 1.05
      vertex 23.1569 -1.99315 0
    endloop
  endfacet
  facet normal -0.0436168 0.999048 0
    outer loop
      vertex 23.1569 -1.99315 1.05
      vertex 23 -2 0
      vertex 23 -2 2.885
    endloop
  endfacet
  facet normal 0.0436188 0.999048 -1.68673e-07
    outer loop
      vertex 23 -2 2.885
      vertex 22.8431 -1.99315 1.05
      vertex 22.8257 -1.99239 2.885
    endloop
  endfacet
  facet normal 0.0436168 0.999048 -0
    outer loop
      vertex 23 -2 0
      vertex 22.8431 -1.99315 1.05
      vertex 23 -2 2.885
    endloop
  endfacet
  facet normal 0.0436168 0.999048 0
    outer loop
      vertex 22.8431 -1.99315 1.05
      vertex 23 -2 0
      vertex 22.8431 -1.99315 0
    endloop
  endfacet
  facet normal 0.0436366 0.999047 0
    outer loop
      vertex 22.8257 -1.99239 2.885
      vertex 22.8431 -1.99315 1.05
      vertex 22.8257 -1.99239 1.05
    endloop
  endfacet
  facet normal 0.13053 0.991444 -0
    outer loop
      vertex 22.7968 -1.98859 0
      vertex 22.6815 -1.97341 1.05
      vertex 22.7968 -1.98859 1.05
    endloop
  endfacet
  facet normal 0.13053 0.991444 0
    outer loop
      vertex 22.6815 -1.97341 1.05
      vertex 22.7968 -1.98859 0
      vertex 22.6815 -1.97341 0
    endloop
  endfacet
  facet normal 0.130366 0.991466 0
    outer loop
      vertex 22.7968 -1.98859 1.05
      vertex 22.8257 -1.99239 2.885
      vertex 22.8257 -1.99239 1.05
    endloop
  endfacet
  facet normal 0.130549 0.991442 -2.94195e-06
    outer loop
      vertex 22.8257 -1.99239 2.885
      vertex 22.7968 -1.98859 1.05
      vertex 22.6527 -1.96961 2.885
    endloop
  endfacet
  facet normal 0.13053 0.991444 -4.47982e-06
    outer loop
      vertex 22.6815 -1.97341 1.05
      vertex 22.6527 -1.96961 2.885
      vertex 22.7968 -1.98859 1.05
    endloop
  endfacet
  facet normal 0.130811 0.991407 0
    outer loop
      vertex 22.6527 -1.96961 2.885
      vertex 22.6815 -1.97341 1.05
      vertex 22.6527 -1.96961 1.05
    endloop
  endfacet
  facet normal 0.216505 0.976282 0
    outer loop
      vertex 22.6357 -1.96584 1.05
      vertex 22.6527 -1.96961 2.885
      vertex 22.6527 -1.96961 1.05
    endloop
  endfacet
  facet normal 0.216469 0.976289 3.46777e-07
    outer loop
      vertex 22.6527 -1.96961 2.885
      vertex 22.6357 -1.96584 1.05
      vertex 22.4824 -1.93185 2.885
    endloop
  endfacet
  facet normal 0.216465 0.97629 0
    outer loop
      vertex 22.4824 -1.93185 0
      vertex 22.6357 -1.96584 1.05
      vertex 22.6357 -1.96584 0
    endloop
  endfacet
  facet normal 0.216465 0.97629 0
    outer loop
      vertex 22.6357 -1.96584 1.05
      vertex 22.4824 -1.93185 0
      vertex 22.4824 -1.93185 2.885
    endloop
  endfacet
  facet normal 0.300728 0.95371 -1.33119e-05
    outer loop
      vertex 22.4824 -1.93185 2.885
      vertex 22.3326 -1.88464 1.05
      vertex 22.316 -1.87938 2.885
    endloop
  endfacet
  facet normal 0.30058 0.953757 -0
    outer loop
      vertex 22.4824 -1.93185 0
      vertex 22.3326 -1.88464 1.05
      vertex 22.4824 -1.93185 2.885
    endloop
  endfacet
  facet normal 0.30058 0.953757 0
    outer loop
      vertex 22.3326 -1.88464 1.05
      vertex 22.4824 -1.93185 0
      vertex 22.3326 -1.88464 0
    endloop
  endfacet
  facet normal 0.302066 0.953287 0
    outer loop
      vertex 22.316 -1.87938 2.885
      vertex 22.3326 -1.88464 1.05
      vertex 22.316 -1.87938 1.05
    endloop
  endfacet
  facet normal 0.382478 0.923964 -0
    outer loop
      vertex 22.2891 -1.86825 0
      vertex 22.1816 -1.82375 1.05
      vertex 22.2891 -1.86825 1.05
    endloop
  endfacet
  facet normal 0.382478 0.923964 0
    outer loop
      vertex 22.1816 -1.82375 1.05
      vertex 22.2891 -1.86825 0
      vertex 22.1816 -1.82375 0
    endloop
  endfacet
  facet normal 0.382321 0.924029 0
    outer loop
      vertex 22.2891 -1.86825 1.05
      vertex 22.316 -1.87938 2.885
      vertex 22.316 -1.87938 1.05
    endloop
  endfacet
  facet normal 0.382629 0.923902 -5.27227e-06
    outer loop
      vertex 22.316 -1.87938 2.885
      vertex 22.2891 -1.86825 1.05
      vertex 22.1548 -1.81262 2.885
    endloop
  endfacet
  facet normal 0.382478 0.923964 -1.81502e-05
    outer loop
      vertex 22.1816 -1.82375 1.05
      vertex 22.1548 -1.81262 2.885
      vertex 22.2891 -1.86825 1.05
    endloop
  endfacet
  facet normal 0.383539 0.923525 0
    outer loop
      vertex 22.1548 -1.81262 2.885
      vertex 22.1816 -1.82375 1.05
      vertex 22.1548 -1.81262 1.05
    endloop
  endfacet
  facet normal 0.461803 0.886982 0
    outer loop
      vertex 22.1393 -1.80455 1.05
      vertex 22.1548 -1.81262 2.885
      vertex 22.1548 -1.81262 1.05
    endloop
  endfacet
  facet normal 0.461686 0.887043 1.25222e-06
    outer loop
      vertex 22.1548 -1.81262 2.885
      vertex 22.1393 -1.80455 1.05
      vertex 22 -1.73205 2.885
    endloop
  endfacet
  facet normal 0.461674 0.88705 0
    outer loop
      vertex 22 -1.73205 0
      vertex 22.1393 -1.80455 1.05
      vertex 22.1393 -1.80455 0
    endloop
  endfacet
  facet normal 0.461674 0.88705 0
    outer loop
      vertex 22.1393 -1.80455 1.05
      vertex 22 -1.73205 0
      vertex 22 -1.73205 2.885
    endloop
  endfacet
  facet normal 0.537191 0.843461 2.11215e-05
    outer loop
      vertex 22 -1.73205 2.885
      vertex 21.8676 -1.64768 1.05
      vertex 21.8528 -1.6383 2.885
    endloop
  endfacet
  facet normal 0.537399 0.843328 -0
    outer loop
      vertex 22 -1.73205 0
      vertex 21.8676 -1.64768 1.05
      vertex 22 -1.73205 2.885
    endloop
  endfacet
  facet normal 0.537399 0.843328 0
    outer loop
      vertex 21.8676 -1.64768 1.05
      vertex 22 -1.73205 0
      vertex 21.8676 -1.64768 0
    endloop
  endfacet
  facet normal 0.535324 0.844647 0
    outer loop
      vertex 21.8528 -1.6383 2.885
      vertex 21.8676 -1.64768 1.05
      vertex 21.8528 -1.6383 1.05
    endloop
  endfacet
  facet normal 0.608684 0.793413 -0
    outer loop
      vertex 21.8298 -1.6206 0
      vertex 21.7375 -1.54979 1.05
      vertex 21.8298 -1.6206 1.05
    endloop
  endfacet
  facet normal 0.608684 0.793413 0
    outer loop
      vertex 21.7375 -1.54979 1.05
      vertex 21.8298 -1.6206 0
      vertex 21.7375 -1.54979 0
    endloop
  endfacet
  facet normal 0.609877 0.792496 0
    outer loop
      vertex 21.8298 -1.6206 1.05
      vertex 21.8528 -1.6383 2.885
      vertex 21.8528 -1.6383 1.05
    endloop
  endfacet
  facet normal 0.608805 0.79332 2.13977e-05
    outer loop
      vertex 21.8528 -1.6383 2.885
      vertex 21.8298 -1.6206 1.05
      vertex 21.7144 -1.53209 2.885
    endloop
  endfacet
  facet normal 0.608684 0.793413 9.37364e-06
    outer loop
      vertex 21.7375 -1.54979 1.05
      vertex 21.7144 -1.53209 2.885
      vertex 21.8298 -1.6206 1.05
    endloop
  endfacet
  facet normal 0.608215 0.793772 0
    outer loop
      vertex 21.7144 -1.53209 2.885
      vertex 21.7375 -1.54979 1.05
      vertex 21.7144 -1.53209 1.05
    endloop
  endfacet
  facet normal 0.677803 0.735244 0
    outer loop
      vertex 21.7016 -1.52029 1.05
      vertex 21.7144 -1.53209 2.885
      vertex 21.7144 -1.53209 1.05
    endloop
  endfacet
  facet normal 0.675714 0.737164 2.69149e-05
    outer loop
      vertex 21.7144 -1.53209 2.885
      vertex 21.7016 -1.52029 1.05
      vertex 21.5858 -1.41421 2.885
    endloop
  endfacet
  facet normal 0.675482 0.737376 0
    outer loop
      vertex 21.5858 -1.41421 0
      vertex 21.7016 -1.52029 1.05
      vertex 21.7016 -1.52029 0
    endloop
  endfacet
  facet normal 0.675482 0.737376 0
    outer loop
      vertex 21.7016 -1.52029 1.05
      vertex 21.5858 -1.41421 0
      vertex 21.5858 -1.41421 2.885
    endloop
  endfacet
  facet normal 0.737344 0.675517 0
    outer loop
      vertex 21.4679 -1.28557 2.885
      vertex 21.4797 -1.29845 1.05
      vertex 21.4679 -1.28557 1.05
    endloop
  endfacet
  facet normal 0.737211 0.675662 -1.87383e-06
    outer loop
      vertex 21.5858 -1.41421 2.885
      vertex 21.4797 -1.29845 1.05
      vertex 21.4679 -1.28557 2.885
    endloop
  endfacet
  facet normal 0.737196 0.675678 -0
    outer loop
      vertex 21.5858 -1.41421 0
      vertex 21.4797 -1.29845 1.05
      vertex 21.5858 -1.41421 2.885
    endloop
  endfacet
  facet normal 0.737196 0.675678 0
    outer loop
      vertex 21.4797 -1.29845 1.05
      vertex 21.5858 -1.41421 0
      vertex 21.4797 -1.29845 0
    endloop
  endfacet
  facet normal 0.79339 0.608713 0
    outer loop
      vertex 21.3617 -1.14715 2.885
      vertex 21.3794 -1.17022 1.05
      vertex 21.3617 -1.14715 1.05
    endloop
  endfacet
  facet normal 0.79339 0.608713 0
    outer loop
      vertex 21.3794 -1.17022 1.05
      vertex 21.4502 -1.2625 1.05
      vertex 21.3794 -1.17022 0
    endloop
  endfacet
  facet normal 0.79339 0.608713 7.13215e-16
    outer loop
      vertex 21.3617 -1.14715 2.885
      vertex 21.4502 -1.2625 1.05
      vertex 21.3794 -1.17022 1.05
    endloop
  endfacet
  facet normal 0.79339 0.608713 -4.75477e-16
    outer loop
      vertex 21.4679 -1.28557 2.885
      vertex 21.4502 -1.2625 1.05
      vertex 21.3617 -1.14715 2.885
    endloop
  endfacet
  facet normal 0.79339 0.608713 0
    outer loop
      vertex 21.4502 -1.2625 1.05
      vertex 21.4679 -1.28557 2.885
      vertex 21.4679 -1.28557 1.05
    endloop
  endfacet
  facet normal 0.79339 0.608713 0
    outer loop
      vertex 21.3794 -1.17022 0
      vertex 21.4502 -1.2625 1.05
      vertex 21.4502 -1.2625 0
    endloop
  endfacet
  facet normal 0.843297 0.537448 0
    outer loop
      vertex 21.2679 -1 2.885
      vertex 21.3523 -1.13243 1.05
      vertex 21.2679 -1 0
    endloop
  endfacet
  facet normal 0.843248 0.537524 -7.72607e-06
    outer loop
      vertex 21.3617 -1.14715 2.885
      vertex 21.3523 -1.13243 1.05
      vertex 21.2679 -1 2.885
    endloop
  endfacet
  facet normal 0.842812 0.538209 0
    outer loop
      vertex 21.3523 -1.13243 1.05
      vertex 21.3617 -1.14715 2.885
      vertex 21.3617 -1.14715 1.05
    endloop
  endfacet
  facet normal 0.843297 0.537448 0
    outer loop
      vertex 21.2679 -1 0
      vertex 21.3523 -1.13243 1.05
      vertex 21.3523 -1.13243 0
    endloop
  endfacet
  facet normal 0.8885 0.458877 0
    outer loop
      vertex 21.1874 -0.845236 2.885
      vertex 21.1954 -0.860726 1.05
      vertex 21.1874 -0.845236 1.05
    endloop
  endfacet
  facet normal 0.887163 0.461455 -2.75934e-05
    outer loop
      vertex 21.2679 -1 2.885
      vertex 21.1954 -0.860726 1.05
      vertex 21.1874 -0.845236 2.885
    endloop
  endfacet
  facet normal 0.887015 0.461741 -0
    outer loop
      vertex 21.2679 -1 0
      vertex 21.1954 -0.860726 1.05
      vertex 21.2679 -1 2.885
    endloop
  endfacet
  facet normal 0.887015 0.461741 0
    outer loop
      vertex 21.1954 -0.860726 1.05
      vertex 21.2679 -1 0
      vertex 21.1954 -0.860726 0
    endloop
  endfacet
  facet normal 0.923112 0.38453 0
    outer loop
      vertex 21.1206 -0.68404 2.885
      vertex 21.1318 -0.710927 1.05
      vertex 21.1206 -0.68404 1.05
    endloop
  endfacet
  facet normal 0.924171 0.381978 0
    outer loop
      vertex 21.1318 -0.710927 1.05
      vertex 21.1762 -0.81835 1.05
      vertex 21.1318 -0.710927 0
    endloop
  endfacet
  facet normal 0.924171 0.381978 4.38585e-05
    outer loop
      vertex 21.1206 -0.68404 2.885
      vertex 21.1762 -0.81835 1.05
      vertex 21.1318 -0.710927 1.05
    endloop
  endfacet
  facet normal 0.923818 0.382832 -2.93903e-05
    outer loop
      vertex 21.1874 -0.845236 2.885
      vertex 21.1762 -0.81835 1.05
      vertex 21.1206 -0.68404 2.885
    endloop
  endfacet
  facet normal 0.923107 0.384542 0
    outer loop
      vertex 21.1762 -0.81835 1.05
      vertex 21.1874 -0.845236 2.885
      vertex 21.1874 -0.845236 1.05
    endloop
  endfacet
  facet normal 0.924171 0.381978 0
    outer loop
      vertex 21.1318 -0.710927 0
      vertex 21.1762 -0.81835 1.05
      vertex 21.1762 -0.81835 0
    endloop
  endfacet
  facet normal 0.953562 0.301198 0
    outer loop
      vertex 21.0681 -0.517637 2.885
      vertex 21.1154 -0.667384 1.05
      vertex 21.0681 -0.517637 0
    endloop
  endfacet
  facet normal 0.953662 0.30088 2.85596e-05
    outer loop
      vertex 21.1206 -0.68404 2.885
      vertex 21.1154 -0.667384 1.05
      vertex 21.0681 -0.517637 2.885
    endloop
  endfacet
  facet normal 0.954562 0.298014 0
    outer loop
      vertex 21.1154 -0.667384 1.05
      vertex 21.1206 -0.68404 2.885
      vertex 21.1206 -0.68404 1.05
    endloop
  endfacet
  facet normal 0.953562 0.301198 0
    outer loop
      vertex 21.0681 -0.517637 0
      vertex 21.1154 -0.667384 1.05
      vertex 21.1154 -0.667384 0
    endloop
  endfacet
  facet normal 0.976049 0.217549 0
    outer loop
      vertex 21.0304 -0.347296 2.885
      vertex 21.0342 -0.364345 1.05
      vertex 21.0304 -0.347296 1.05
    endloop
  endfacet
  facet normal 0.976373 0.216092 1.42079e-05
    outer loop
      vertex 21.0681 -0.517637 2.885
      vertex 21.0342 -0.364345 1.05
      vertex 21.0304 -0.347296 2.885
    endloop
  endfacet
  facet normal 0.976409 0.215929 -0
    outer loop
      vertex 21.0681 -0.517637 0
      vertex 21.0342 -0.364345 1.05
      vertex 21.0681 -0.517637 2.885
    endloop
  endfacet
  facet normal 0.976409 0.215929 0
    outer loop
      vertex 21.0342 -0.364345 1.05
      vertex 21.0681 -0.517637 0
      vertex 21.0342 -0.364345 0
    endloop
  endfacet
  facet normal 0.991431 0.130628 0
    outer loop
      vertex 21.0076 -0.174311 2.885
      vertex 21.0114 -0.203152 1.05
      vertex 21.0076 -0.174311 1.05
    endloop
  endfacet
  facet normal 0.991422 0.130698 0
    outer loop
      vertex 21.0114 -0.203152 1.05
      vertex 21.0266 -0.318453 1.05
      vertex 21.0114 -0.203152 0
    endloop
  endfacet
  facet normal 0.991422 0.130698 -1.1218e-06
    outer loop
      vertex 21.0076 -0.174311 2.885
      vertex 21.0266 -0.318453 1.05
      vertex 21.0114 -0.203152 1.05
    endloop
  endfacet
  facet normal 0.991425 0.130673 8.66407e-07
    outer loop
      vertex 21.0304 -0.347296 2.885
      vertex 21.0266 -0.318453 1.05
      vertex 21.0076 -0.174311 2.885
    endloop
  endfacet
  facet normal 0.991433 0.130619 0
    outer loop
      vertex 21.0266 -0.318453 1.05
      vertex 21.0304 -0.347296 2.885
      vertex 21.0304 -0.347296 1.05
    endloop
  endfacet
  facet normal 0.991422 0.130698 0
    outer loop
      vertex 21.0114 -0.203152 0
      vertex 21.0266 -0.318453 1.05
      vertex 21.0266 -0.318453 0
    endloop
  endfacet
  facet normal 0.999062 0.0433082 0
    outer loop
      vertex 21 0 2.885
      vertex 21.0068 -0.156867 1.05
      vertex 21 0 0
    endloop
  endfacet
  facet normal 0.999051 0.0435588 -2.14715e-05
    outer loop
      vertex 21.0076 -0.174311 2.885
      vertex 21.0068 -0.156867 1.05
      vertex 21 0 2.885
    endloop
  endfacet
  facet normal 0.99895 0.0458129 0
    outer loop
      vertex 21.0068 -0.156867 1.05
      vertex 21.0076 -0.174311 2.885
      vertex 21.0076 -0.174311 1.05
    endloop
  endfacet
  facet normal 0.999062 0.0433082 0
    outer loop
      vertex 21 0 0
      vertex 21.0068 -0.156867 1.05
      vertex 21.0068 -0.156867 0
    endloop
  endfacet
  facet normal 0.99895 -0.0458129 0
    outer loop
      vertex 21.0076 0.174311 2.885
      vertex 21.0068 0.156867 1.05
      vertex 21.0076 0.174311 1.05
    endloop
  endfacet
  facet normal 0.999051 -0.0435588 -2.14715e-05
    outer loop
      vertex 21 0 2.885
      vertex 21.0068 0.156867 1.05
      vertex 21.0076 0.174311 2.885
    endloop
  endfacet
  facet normal 0.999062 -0.0433082 0
    outer loop
      vertex 21 0 0
      vertex 21.0068 0.156867 1.05
      vertex 21 0 2.885
    endloop
  endfacet
  facet normal 0.999062 -0.0433082 0
    outer loop
      vertex 21.0068 0.156867 1.05
      vertex 21 0 0
      vertex 21.0068 0.156867 0
    endloop
  endfacet
  facet normal 0.991433 -0.130619 0
    outer loop
      vertex 21.0304 0.347296 2.885
      vertex 21.0266 0.318453 1.05
      vertex 21.0304 0.347296 1.05
    endloop
  endfacet
  facet normal 0.991422 -0.130698 0
    outer loop
      vertex 21.0266 0.318453 1.05
      vertex 21.0114 0.203152 1.05
      vertex 21.0266 0.318453 0
    endloop
  endfacet
  facet normal 0.991422 -0.130698 1.26425e-06
    outer loop
      vertex 21.0304 0.347296 2.885
      vertex 21.0114 0.203152 1.05
      vertex 21.0266 0.318453 1.05
    endloop
  endfacet
  facet normal 0.991425 -0.130673 -7.23984e-07
    outer loop
      vertex 21.0076 0.174311 2.885
      vertex 21.0114 0.203152 1.05
      vertex 21.0304 0.347296 2.885
    endloop
  endfacet
  facet normal 0.991431 -0.130628 0
    outer loop
      vertex 21.0114 0.203152 1.05
      vertex 21.0076 0.174311 2.885
      vertex 21.0076 0.174311 1.05
    endloop
  endfacet
  facet normal 0.991422 -0.130698 0
    outer loop
      vertex 21.0266 0.318453 0
      vertex 21.0114 0.203152 1.05
      vertex 21.0114 0.203152 0
    endloop
  endfacet
  facet normal 0.976409 -0.215929 0
    outer loop
      vertex 21.0681 0.517637 2.885
      vertex 21.0342 0.364345 1.05
      vertex 21.0681 0.517637 0
    endloop
  endfacet
  facet normal 0.976373 -0.216092 1.42079e-05
    outer loop
      vertex 21.0304 0.347296 2.885
      vertex 21.0342 0.364345 1.05
      vertex 21.0681 0.517637 2.885
    endloop
  endfacet
  facet normal 0.976049 -0.217549 0
    outer loop
      vertex 21.0342 0.364345 1.05
      vertex 21.0304 0.347296 2.885
      vertex 21.0304 0.347296 1.05
    endloop
  endfacet
  facet normal 0.976409 -0.215929 0
    outer loop
      vertex 21.0681 0.517637 0
      vertex 21.0342 0.364345 1.05
      vertex 21.0342 0.364345 0
    endloop
  endfacet
  facet normal 0.954562 -0.298014 0
    outer loop
      vertex 21.1206 0.68404 2.885
      vertex 21.1154 0.667384 1.05
      vertex 21.1206 0.68404 1.05
    endloop
  endfacet
  facet normal 0.953662 -0.30088 2.85596e-05
    outer loop
      vertex 21.0681 0.517637 2.885
      vertex 21.1154 0.667384 1.05
      vertex 21.1206 0.68404 2.885
    endloop
  endfacet
  facet normal 0.953562 -0.301198 0
    outer loop
      vertex 21.0681 0.517637 0
      vertex 21.1154 0.667384 1.05
      vertex 21.0681 0.517637 2.885
    endloop
  endfacet
  facet normal 0.953562 -0.301198 0
    outer loop
      vertex 21.1154 0.667384 1.05
      vertex 21.0681 0.517637 0
      vertex 21.1154 0.667384 0
    endloop
  endfacet
  facet normal 0.923107 -0.384542 0
    outer loop
      vertex 21.1874 0.845236 2.885
      vertex 21.1762 0.81835 1.05
      vertex 21.1874 0.845236 1.05
    endloop
  endfacet
  facet normal 0.924171 -0.381978 0
    outer loop
      vertex 21.1762 0.81835 1.05
      vertex 21.1318 0.710927 1.05
      vertex 21.1762 0.81835 0
    endloop
  endfacet
  facet normal 0.924171 -0.381978 -4.40667e-05
    outer loop
      vertex 21.1874 0.845236 2.885
      vertex 21.1318 0.710927 1.05
      vertex 21.1762 0.81835 1.05
    endloop
  endfacet
  facet normal 0.923818 -0.382832 2.91817e-05
    outer loop
      vertex 21.1206 0.68404 2.885
      vertex 21.1318 0.710927 1.05
      vertex 21.1874 0.845236 2.885
    endloop
  endfacet
  facet normal 0.923112 -0.38453 0
    outer loop
      vertex 21.1318 0.710927 1.05
      vertex 21.1206 0.68404 2.885
      vertex 21.1206 0.68404 1.05
    endloop
  endfacet
  facet normal 0.924171 -0.381978 0
    outer loop
      vertex 21.1762 0.81835 0
      vertex 21.1318 0.710927 1.05
      vertex 21.1318 0.710927 0
    endloop
  endfacet
  facet normal 0.887015 -0.461741 0
    outer loop
      vertex 21.2679 1 2.885
      vertex 21.1954 0.860726 1.05
      vertex 21.2679 1 0
    endloop
  endfacet
  facet normal 0.887163 -0.461455 -2.75934e-05
    outer loop
      vertex 21.1874 0.845236 2.885
      vertex 21.1954 0.860726 1.05
      vertex 21.2679 1 2.885
    endloop
  endfacet
  facet normal 0.8885 -0.458877 0
    outer loop
      vertex 21.1954 0.860726 1.05
      vertex 21.1874 0.845236 2.885
      vertex 21.1874 0.845236 1.05
    endloop
  endfacet
  facet normal 0.887015 -0.461741 0
    outer loop
      vertex 21.2679 1 0
      vertex 21.1954 0.860726 1.05
      vertex 21.1954 0.860726 0
    endloop
  endfacet
  facet normal 0.842812 -0.538209 0
    outer loop
      vertex 21.3617 1.14715 2.885
      vertex 21.3523 1.13243 1.05
      vertex 21.3617 1.14715 1.05
    endloop
  endfacet
  facet normal 0.843248 -0.537524 -7.72607e-06
    outer loop
      vertex 21.2679 1 2.885
      vertex 21.3523 1.13243 1.05
      vertex 21.3617 1.14715 2.885
    endloop
  endfacet
  facet normal 0.843297 -0.537448 0
    outer loop
      vertex 21.2679 1 0
      vertex 21.3523 1.13243 1.05
      vertex 21.2679 1 2.885
    endloop
  endfacet
  facet normal 0.843297 -0.537448 0
    outer loop
      vertex 21.3523 1.13243 1.05
      vertex 21.2679 1 0
      vertex 21.3523 1.13243 0
    endloop
  endfacet
  facet normal 0.79339 -0.608713 0
    outer loop
      vertex 21.4679 1.28557 2.885
      vertex 21.4502 1.2625 1.05
      vertex 21.4679 1.28557 1.05
    endloop
  endfacet
  facet normal 0.79339 -0.608713 0
    outer loop
      vertex 21.4502 1.2625 1.05
      vertex 21.3794 1.17022 1.05
      vertex 21.4502 1.2625 0
    endloop
  endfacet
  facet normal 0.79339 -0.608713 -7.13215e-16
    outer loop
      vertex 21.4679 1.28557 2.885
      vertex 21.3794 1.17022 1.05
      vertex 21.4502 1.2625 1.05
    endloop
  endfacet
  facet normal 0.79339 -0.608713 4.75477e-16
    outer loop
      vertex 21.3617 1.14715 2.885
      vertex 21.3794 1.17022 1.05
      vertex 21.4679 1.28557 2.885
    endloop
  endfacet
  facet normal 0.79339 -0.608713 0
    outer loop
      vertex 21.3794 1.17022 1.05
      vertex 21.3617 1.14715 2.885
      vertex 21.3617 1.14715 1.05
    endloop
  endfacet
  facet normal 0.79339 -0.608713 0
    outer loop
      vertex 21.4502 1.2625 0
      vertex 21.3794 1.17022 1.05
      vertex 21.3794 1.17022 0
    endloop
  endfacet
  facet normal 0.737196 -0.675678 0
    outer loop
      vertex 21.5858 1.41421 2.885
      vertex 21.4797 1.29845 1.05
      vertex 21.5858 1.41421 0
    endloop
  endfacet
  facet normal 0.737211 -0.675662 -1.87383e-06
    outer loop
      vertex 21.4679 1.28557 2.885
      vertex 21.4797 1.29845 1.05
      vertex 21.5858 1.41421 2.885
    endloop
  endfacet
  facet normal 0.737344 -0.675517 0
    outer loop
      vertex 21.4797 1.29845 1.05
      vertex 21.4679 1.28557 2.885
      vertex 21.4679 1.28557 1.05
    endloop
  endfacet
  facet normal 0.737196 -0.675678 0
    outer loop
      vertex 21.5858 1.41421 0
      vertex 21.4797 1.29845 1.05
      vertex 21.4797 1.29845 0
    endloop
  endfacet
  facet normal 0.675714 -0.737164 2.69149e-05
    outer loop
      vertex 21.5858 1.41421 2.885
      vertex 21.7016 1.52029 1.05
      vertex 21.7144 1.53209 2.885
    endloop
  endfacet
  facet normal 0.675482 -0.737376 0
    outer loop
      vertex 21.5858 1.41421 0
      vertex 21.7016 1.52029 1.05
      vertex 21.5858 1.41421 2.885
    endloop
  endfacet
  facet normal 0.675482 -0.737376 0
    outer loop
      vertex 21.7016 1.52029 1.05
      vertex 21.5858 1.41421 0
      vertex 21.7016 1.52029 0
    endloop
  endfacet
  facet normal 0.677803 -0.735244 0
    outer loop
      vertex 21.7144 1.53209 2.885
      vertex 21.7016 1.52029 1.05
      vertex 21.7144 1.53209 1.05
    endloop
  endfacet
  facet normal 0.608684 -0.793413 0
    outer loop
      vertex 21.7375 1.54979 0
      vertex 21.8298 1.6206 1.05
      vertex 21.7375 1.54979 1.05
    endloop
  endfacet
  facet normal 0.608684 -0.793413 0
    outer loop
      vertex 21.8298 1.6206 1.05
      vertex 21.7375 1.54979 0
      vertex 21.8298 1.6206 0
    endloop
  endfacet
  facet normal 0.608215 -0.793772 0
    outer loop
      vertex 21.7375 1.54979 1.05
      vertex 21.7144 1.53209 2.885
      vertex 21.7144 1.53209 1.05
    endloop
  endfacet
  facet normal 0.608805 -0.79332 1.17797e-05
    outer loop
      vertex 21.7144 1.53209 2.885
      vertex 21.7375 1.54979 1.05
      vertex 21.8528 1.6383 2.885
    endloop
  endfacet
  facet normal 0.608684 -0.793413 2.37972e-05
    outer loop
      vertex 21.8298 1.6206 1.05
      vertex 21.8528 1.6383 2.885
      vertex 21.7375 1.54979 1.05
    endloop
  endfacet
  facet normal 0.609877 -0.792496 0
    outer loop
      vertex 21.8528 1.6383 2.885
      vertex 21.8298 1.6206 1.05
      vertex 21.8528 1.6383 1.05
    endloop
  endfacet
  facet normal 0.535324 -0.844647 0
    outer loop
      vertex 21.8676 1.64768 1.05
      vertex 21.8528 1.6383 2.885
      vertex 21.8528 1.6383 1.05
    endloop
  endfacet
  facet normal 0.537191 -0.843461 2.11215e-05
    outer loop
      vertex 21.8528 1.6383 2.885
      vertex 21.8676 1.64768 1.05
      vertex 22 1.73205 2.885
    endloop
  endfacet
  facet normal 0.537399 -0.843328 0
    outer loop
      vertex 22 1.73205 0
      vertex 21.8676 1.64768 1.05
      vertex 21.8676 1.64768 0
    endloop
  endfacet
  facet normal 0.537399 -0.843328 0
    outer loop
      vertex 21.8676 1.64768 1.05
      vertex 22 1.73205 0
      vertex 22 1.73205 2.885
    endloop
  endfacet
  facet normal 0.461686 -0.887043 1.25222e-06
    outer loop
      vertex 22 1.73205 2.885
      vertex 22.1393 1.80455 1.05
      vertex 22.1548 1.81262 2.885
    endloop
  endfacet
  facet normal 0.461674 -0.88705 0
    outer loop
      vertex 22 1.73205 0
      vertex 22.1393 1.80455 1.05
      vertex 22 1.73205 2.885
    endloop
  endfacet
  facet normal 0.461674 -0.88705 0
    outer loop
      vertex 22.1393 1.80455 1.05
      vertex 22 1.73205 0
      vertex 22.1393 1.80455 0
    endloop
  endfacet
  facet normal 0.461803 -0.886982 0
    outer loop
      vertex 22.1548 1.81262 2.885
      vertex 22.1393 1.80455 1.05
      vertex 22.1548 1.81262 1.05
    endloop
  endfacet
  facet normal 0.382478 -0.923964 0
    outer loop
      vertex 22.1816 1.82375 0
      vertex 22.2891 1.86825 1.05
      vertex 22.1816 1.82375 1.05
    endloop
  endfacet
  facet normal 0.382478 -0.923964 0
    outer loop
      vertex 22.2891 1.86825 1.05
      vertex 22.1816 1.82375 0
      vertex 22.2891 1.86825 0
    endloop
  endfacet
  facet normal 0.383539 -0.923525 0
    outer loop
      vertex 22.1816 1.82375 1.05
      vertex 22.1548 1.81262 2.885
      vertex 22.1548 1.81262 1.05
    endloop
  endfacet
  facet normal 0.382629 -0.923902 -1.55794e-05
    outer loop
      vertex 22.1548 1.81262 2.885
      vertex 22.1816 1.82375 1.05
      vertex 22.316 1.87938 2.885
    endloop
  endfacet
  facet normal 0.382478 -0.923964 -2.69326e-06
    outer loop
      vertex 22.2891 1.86825 1.05
      vertex 22.316 1.87938 2.885
      vertex 22.1816 1.82375 1.05
    endloop
  endfacet
  facet normal 0.382321 -0.924029 0
    outer loop
      vertex 22.316 1.87938 2.885
      vertex 22.2891 1.86825 1.05
      vertex 22.316 1.87938 1.05
    endloop
  endfacet
  facet normal 0.302066 -0.953287 0
    outer loop
      vertex 22.3326 1.88464 1.05
      vertex 22.316 1.87938 2.885
      vertex 22.316 1.87938 1.05
    endloop
  endfacet
  facet normal 0.300728 -0.95371 -1.33119e-05
    outer loop
      vertex 22.316 1.87938 2.885
      vertex 22.3326 1.88464 1.05
      vertex 22.4824 1.93185 2.885
    endloop
  endfacet
  facet normal 0.30058 -0.953757 0
    outer loop
      vertex 22.4824 1.93185 0
      vertex 22.3326 1.88464 1.05
      vertex 22.3326 1.88464 0
    endloop
  endfacet
  facet normal 0.30058 -0.953757 0
    outer loop
      vertex 22.3326 1.88464 1.05
      vertex 22.4824 1.93185 0
      vertex 22.4824 1.93185 2.885
    endloop
  endfacet
  facet normal 0.216469 -0.976289 3.46777e-07
    outer loop
      vertex 22.4824 1.93185 2.885
      vertex 22.6357 1.96584 1.05
      vertex 22.6527 1.96961 2.885
    endloop
  endfacet
  facet normal 0.216465 -0.97629 0
    outer loop
      vertex 22.4824 1.93185 0
      vertex 22.6357 1.96584 1.05
      vertex 22.4824 1.93185 2.885
    endloop
  endfacet
  facet normal 0.216465 -0.97629 0
    outer loop
      vertex 22.6357 1.96584 1.05
      vertex 22.4824 1.93185 0
      vertex 22.6357 1.96584 0
    endloop
  endfacet
  facet normal 0.216505 -0.976282 0
    outer loop
      vertex 22.6527 1.96961 2.885
      vertex 22.6357 1.96584 1.05
      vertex 22.6527 1.96961 1.05
    endloop
  endfacet
  facet normal 0.13053 -0.991444 0
    outer loop
      vertex 22.6815 1.97341 0
      vertex 22.7968 1.98859 1.05
      vertex 22.6815 1.97341 1.05
    endloop
  endfacet
  facet normal 0.13053 -0.991444 0
    outer loop
      vertex 22.7968 1.98859 1.05
      vertex 22.6815 1.97341 0
      vertex 22.7968 1.98859 0
    endloop
  endfacet
  facet normal 0.130811 -0.991407 0
    outer loop
      vertex 22.6815 1.97341 1.05
      vertex 22.6527 1.96961 2.885
      vertex 22.6527 1.96961 1.05
    endloop
  endfacet
  facet normal 0.130549 -0.991442 -4.17245e-06
    outer loop
      vertex 22.6527 1.96961 2.885
      vertex 22.6815 1.97341 1.05
      vertex 22.8257 1.99239 2.885
    endloop
  endfacet
  facet normal 0.13053 -0.991444 -2.63354e-06
    outer loop
      vertex 22.7968 1.98859 1.05
      vertex 22.8257 1.99239 2.885
      vertex 22.6815 1.97341 1.05
    endloop
  endfacet
  facet normal 0.130366 -0.991466 0
    outer loop
      vertex 22.8257 1.99239 2.885
      vertex 22.7968 1.98859 1.05
      vertex 22.8257 1.99239 1.05
    endloop
  endfacet
  facet normal 0.0436366 -0.999047 0
    outer loop
      vertex 22.8431 1.99315 1.05
      vertex 22.8257 1.99239 2.885
      vertex 22.8257 1.99239 1.05
    endloop
  endfacet
  facet normal 0.0436188 -0.999048 -1.68673e-07
    outer loop
      vertex 22.8257 1.99239 2.885
      vertex 22.8431 1.99315 1.05
      vertex 23 2 2.885
    endloop
  endfacet
  facet normal 0.0436168 -0.999048 0
    outer loop
      vertex 23 2 0
      vertex 22.8431 1.99315 1.05
      vertex 22.8431 1.99315 0
    endloop
  endfacet
  facet normal 0.0436168 -0.999048 0
    outer loop
      vertex 22.8431 1.99315 1.05
      vertex 23 2 0
      vertex 23 2 2.885
    endloop
  endfacet
  facet normal -0.0436188 -0.999048 -1.68673e-07
    outer loop
      vertex 23 2 2.885
      vertex 23.1569 1.99315 1.05
      vertex 23.1743 1.99239 2.885
    endloop
  endfacet
  facet normal -0.0436168 -0.999048 0
    outer loop
      vertex 23 2 0
      vertex 23.1569 1.99315 1.05
      vertex 23 2 2.885
    endloop
  endfacet
  facet normal -0.0436168 -0.999048 -0
    outer loop
      vertex 23.1569 1.99315 1.05
      vertex 23 2 0
      vertex 23.1569 1.99315 0
    endloop
  endfacet
  facet normal -0.0436366 -0.999047 -0
    outer loop
      vertex 23.1743 1.99239 2.885
      vertex 23.1569 1.99315 1.05
      vertex 23.1743 1.99239 1.05
    endloop
  endfacet
  facet normal -0.13053 -0.991444 0
    outer loop
      vertex 23.2032 1.98859 0
      vertex 23.3185 1.97341 1.05
      vertex 23.2032 1.98859 1.05
    endloop
  endfacet
  facet normal -0.13053 -0.991444 -0
    outer loop
      vertex 23.3185 1.97341 1.05
      vertex 23.2032 1.98859 0
      vertex 23.3185 1.97341 0
    endloop
  endfacet
  facet normal -0.130366 -0.991466 0
    outer loop
      vertex 23.2032 1.98859 1.05
      vertex 23.1743 1.99239 2.885
      vertex 23.1743 1.99239 1.05
    endloop
  endfacet
  facet normal -0.130549 -0.991442 -2.94195e-06
    outer loop
      vertex 23.1743 1.99239 2.885
      vertex 23.2032 1.98859 1.05
      vertex 23.3473 1.96961 2.885
    endloop
  endfacet
  facet normal -0.13053 -0.991444 -4.47982e-06
    outer loop
      vertex 23.3185 1.97341 1.05
      vertex 23.3473 1.96961 2.885
      vertex 23.2032 1.98859 1.05
    endloop
  endfacet
  facet normal -0.130811 -0.991407 -0
    outer loop
      vertex 23.3473 1.96961 2.885
      vertex 23.3185 1.97341 1.05
      vertex 23.3473 1.96961 1.05
    endloop
  endfacet
  facet normal -0.216505 -0.976282 0
    outer loop
      vertex 23.3643 1.96584 1.05
      vertex 23.3473 1.96961 2.885
      vertex 23.3473 1.96961 1.05
    endloop
  endfacet
  facet normal -0.216469 -0.976289 3.46777e-07
    outer loop
      vertex 23.3473 1.96961 2.885
      vertex 23.3643 1.96584 1.05
      vertex 23.5176 1.93185 2.885
    endloop
  endfacet
  facet normal -0.216465 -0.97629 0
    outer loop
      vertex 23.5176 1.93185 0
      vertex 23.3643 1.96584 1.05
      vertex 23.3643 1.96584 0
    endloop
  endfacet
  facet normal -0.216465 -0.97629 0
    outer loop
      vertex 23.3643 1.96584 1.05
      vertex 23.5176 1.93185 0
      vertex 23.5176 1.93185 2.885
    endloop
  endfacet
  facet normal -0.300728 -0.95371 -1.33119e-05
    outer loop
      vertex 23.5176 1.93185 2.885
      vertex 23.6674 1.88464 1.05
      vertex 23.684 1.87938 2.885
    endloop
  endfacet
  facet normal -0.30058 -0.953757 0
    outer loop
      vertex 23.5176 1.93185 0
      vertex 23.6674 1.88464 1.05
      vertex 23.5176 1.93185 2.885
    endloop
  endfacet
  facet normal -0.30058 -0.953757 -0
    outer loop
      vertex 23.6674 1.88464 1.05
      vertex 23.5176 1.93185 0
      vertex 23.6674 1.88464 0
    endloop
  endfacet
  facet normal -0.302066 -0.953287 -0
    outer loop
      vertex 23.684 1.87938 2.885
      vertex 23.6674 1.88464 1.05
      vertex 23.684 1.87938 1.05
    endloop
  endfacet
  facet normal -0.382782 -0.923839 0
    outer loop
      vertex 23.7109 1.86825 0
      vertex 23.8183 1.82375 1.05
      vertex 23.7109 1.86825 1.05
    endloop
  endfacet
  facet normal -0.382782 -0.923839 -0
    outer loop
      vertex 23.8183 1.82375 1.05
      vertex 23.7109 1.86825 0
      vertex 23.8183 1.82375 0
    endloop
  endfacet
  facet normal -0.382321 -0.924029 0
    outer loop
      vertex 23.7109 1.86825 1.05
      vertex 23.684 1.87938 2.885
      vertex 23.684 1.87938 1.05
    endloop
  endfacet
  facet normal -0.382629 -0.923902 -5.27227e-06
    outer loop
      vertex 23.684 1.87938 2.885
      vertex 23.7109 1.86825 1.05
      vertex 23.8452 1.81262 2.885
    endloop
  endfacet
  facet normal -0.382782 -0.923839 7.91276e-06
    outer loop
      vertex 23.8183 1.82375 1.05
      vertex 23.8452 1.81262 2.885
      vertex 23.7109 1.86825 1.05
    endloop
  endfacet
  facet normal -0.382321 -0.924029 -0
    outer loop
      vertex 23.8452 1.81262 2.885
      vertex 23.8183 1.82375 1.05
      vertex 23.8452 1.81262 1.05
    endloop
  endfacet
  facet normal -0.461803 -0.886982 0
    outer loop
      vertex 23.8607 1.80455 1.05
      vertex 23.8452 1.81262 2.885
      vertex 23.8452 1.81262 1.05
    endloop
  endfacet
  facet normal -0.461686 -0.887043 1.25222e-06
    outer loop
      vertex 23.8452 1.81262 2.885
      vertex 23.8607 1.80455 1.05
      vertex 24 1.73205 2.885
    endloop
  endfacet
  facet normal -0.461674 -0.88705 0
    outer loop
      vertex 24 1.73205 0
      vertex 23.8607 1.80455 1.05
      vertex 23.8607 1.80455 0
    endloop
  endfacet
  facet normal -0.461674 -0.88705 0
    outer loop
      vertex 23.8607 1.80455 1.05
      vertex 24 1.73205 0
      vertex 24 1.73205 2.885
    endloop
  endfacet
  facet normal -0.537191 -0.843461 2.11215e-05
    outer loop
      vertex 24 1.73205 2.885
      vertex 24.1324 1.64768 1.05
      vertex 24.1472 1.6383 2.885
    endloop
  endfacet
  facet normal -0.537399 -0.843328 0
    outer loop
      vertex 24 1.73205 0
      vertex 24.1324 1.64768 1.05
      vertex 24 1.73205 2.885
    endloop
  endfacet
  facet normal -0.537399 -0.843328 -0
    outer loop
      vertex 24.1324 1.64768 1.05
      vertex 24 1.73205 0
      vertex 24.1324 1.64768 0
    endloop
  endfacet
  facet normal -0.535324 -0.844647 -0
    outer loop
      vertex 24.1472 1.6383 2.885
      vertex 24.1324 1.64768 1.05
      vertex 24.1472 1.6383 1.05
    endloop
  endfacet
  facet normal -0.608684 -0.793413 0
    outer loop
      vertex 24.1702 1.6206 0
      vertex 24.2625 1.54979 1.05
      vertex 24.1702 1.6206 1.05
    endloop
  endfacet
  facet normal -0.608684 -0.793413 -0
    outer loop
      vertex 24.2625 1.54979 1.05
      vertex 24.1702 1.6206 0
      vertex 24.2625 1.54979 0
    endloop
  endfacet
  facet normal -0.609877 -0.792496 0
    outer loop
      vertex 24.1702 1.6206 1.05
      vertex 24.1472 1.6383 2.885
      vertex 24.1472 1.6383 1.05
    endloop
  endfacet
  facet normal -0.608805 -0.79332 2.13977e-05
    outer loop
      vertex 24.1472 1.6383 2.885
      vertex 24.1702 1.6206 1.05
      vertex 24.2856 1.53209 2.885
    endloop
  endfacet
  facet normal -0.608684 -0.793413 9.37364e-06
    outer loop
      vertex 24.2625 1.54979 1.05
      vertex 24.2856 1.53209 2.885
      vertex 24.1702 1.6206 1.05
    endloop
  endfacet
  facet normal -0.608215 -0.793772 -0
    outer loop
      vertex 24.2856 1.53209 2.885
      vertex 24.2625 1.54979 1.05
      vertex 24.2856 1.53209 1.05
    endloop
  endfacet
  facet normal -0.677803 -0.735244 0
    outer loop
      vertex 24.2984 1.52029 1.05
      vertex 24.2856 1.53209 2.885
      vertex 24.2856 1.53209 1.05
    endloop
  endfacet
  facet normal -0.675714 -0.737164 2.69149e-05
    outer loop
      vertex 24.2856 1.53209 2.885
      vertex 24.2984 1.52029 1.05
      vertex 24.4142 1.41421 2.885
    endloop
  endfacet
  facet normal -0.675482 -0.737376 0
    outer loop
      vertex 24.4142 1.41421 0
      vertex 24.2984 1.52029 1.05
      vertex 24.2984 1.52029 0
    endloop
  endfacet
  facet normal -0.675482 -0.737376 0
    outer loop
      vertex 24.2984 1.52029 1.05
      vertex 24.4142 1.41421 0
      vertex 24.4142 1.41421 2.885
    endloop
  endfacet
  facet normal -0.737196 -0.675678 -0
    outer loop
      vertex 24.5203 1.29845 1.05
      vertex 24.4142 1.41421 0
      vertex 24.5203 1.29845 0
    endloop
  endfacet
  facet normal -0.737196 -0.675678 0
    outer loop
      vertex 24.4142 1.41421 0
      vertex 24.5203 1.29845 1.05
      vertex 24.4142 1.41421 2.885
    endloop
  endfacet
  facet normal -0.737344 -0.675517 -0
    outer loop
      vertex 24.5321 1.28557 2.885
      vertex 24.5203 1.29845 1.05
      vertex 24.5321 1.28557 1.05
    endloop
  endfacet
  facet normal -0.737211 -0.675662 -1.87383e-06
    outer loop
      vertex 24.5203 1.29845 1.05
      vertex 24.5321 1.28557 2.885
      vertex 24.4142 1.41421 2.885
    endloop
  endfacet
  facet normal -0.79339 -0.608713 0
    outer loop
      vertex 24.5498 1.2625 1.05
      vertex 24.5321 1.28557 2.885
      vertex 24.5321 1.28557 1.05
    endloop
  endfacet
  facet normal -0.79339 -0.608713 -0
    outer loop
      vertex 24.6206 1.17022 1.05
      vertex 24.5498 1.2625 1.05
      vertex 24.6206 1.17022 0
    endloop
  endfacet
  facet normal -0.79339 -0.608713 -7.13215e-16
    outer loop
      vertex 24.5498 1.2625 1.05
      vertex 24.6206 1.17022 1.05
      vertex 24.5321 1.28557 2.885
    endloop
  endfacet
  facet normal -0.79339 -0.608713 -0
    outer loop
      vertex 24.6383 1.14715 2.885
      vertex 24.6206 1.17022 1.05
      vertex 24.6383 1.14715 1.05
    endloop
  endfacet
  facet normal -0.79339 -0.608713 4.75477e-16
    outer loop
      vertex 24.6206 1.17022 1.05
      vertex 24.6383 1.14715 2.885
      vertex 24.5321 1.28557 2.885
    endloop
  endfacet
  facet normal -0.79339 -0.608713 0
    outer loop
      vertex 24.5498 1.2625 0
      vertex 24.6206 1.17022 0
      vertex 24.5498 1.2625 1.05
    endloop
  endfacet
  facet normal -0.842812 -0.538209 0
    outer loop
      vertex 24.6477 1.13243 1.05
      vertex 24.6383 1.14715 2.885
      vertex 24.6383 1.14715 1.05
    endloop
  endfacet
  facet normal -0.843585 -0.536995 -0
    outer loop
      vertex 24.732 1 2.885
      vertex 24.6477 1.13243 1.05
      vertex 24.732 1 0
    endloop
  endfacet
  facet normal -0.843508 -0.537117 -1.23268e-05
    outer loop
      vertex 24.6477 1.13243 1.05
      vertex 24.732 1 2.885
      vertex 24.6383 1.14715 2.885
    endloop
  endfacet
  facet normal -0.843585 -0.536995 0
    outer loop
      vertex 24.6477 1.13243 0
      vertex 24.732 1 0
      vertex 24.6477 1.13243 1.05
    endloop
  endfacet
  facet normal -0.886754 -0.462242 -0
    outer loop
      vertex 24.8046 0.860726 1.05
      vertex 24.732 1 0
      vertex 24.8046 0.860726 0
    endloop
  endfacet
  facet normal -0.886754 -0.462242 0
    outer loop
      vertex 24.732 1 0
      vertex 24.8046 0.860726 1.05
      vertex 24.732 1 2.885
    endloop
  endfacet
  facet normal -0.8885 -0.458877 -0
    outer loop
      vertex 24.8126 0.845236 2.885
      vertex 24.8046 0.860726 1.05
      vertex 24.8126 0.845236 1.05
    endloop
  endfacet
  facet normal -0.886929 -0.461906 -3.24238e-05
    outer loop
      vertex 24.8046 0.860726 1.05
      vertex 24.8126 0.845236 2.885
      vertex 24.732 1 2.885
    endloop
  endfacet
  facet normal -0.923107 -0.384542 0
    outer loop
      vertex 24.8238 0.81835 1.05
      vertex 24.8126 0.845236 2.885
      vertex 24.8126 0.845236 1.05
    endloop
  endfacet
  facet normal -0.924171 -0.381978 -0
    outer loop
      vertex 24.8682 0.710927 1.05
      vertex 24.8238 0.81835 1.05
      vertex 24.8682 0.710927 0
    endloop
  endfacet
  facet normal -0.924171 -0.381978 -4.40667e-05
    outer loop
      vertex 24.8238 0.81835 1.05
      vertex 24.8682 0.710927 1.05
      vertex 24.8126 0.845236 2.885
    endloop
  endfacet
  facet normal -0.923112 -0.38453 -0
    outer loop
      vertex 24.8794 0.68404 2.885
      vertex 24.8682 0.710927 1.05
      vertex 24.8794 0.68404 1.05
    endloop
  endfacet
  facet normal -0.923818 -0.382832 2.91817e-05
    outer loop
      vertex 24.8682 0.710927 1.05
      vertex 24.8794 0.68404 2.885
      vertex 24.8126 0.845236 2.885
    endloop
  endfacet
  facet normal -0.924171 -0.381978 0
    outer loop
      vertex 24.8238 0.81835 0
      vertex 24.8682 0.710927 0
      vertex 24.8238 0.81835 1.05
    endloop
  endfacet
  facet normal -0.954562 -0.298014 0
    outer loop
      vertex 24.8846 0.667384 1.05
      vertex 24.8794 0.68404 2.885
      vertex 24.8794 0.68404 1.05
    endloop
  endfacet
  facet normal -0.953562 -0.301198 -0
    outer loop
      vertex 24.9319 0.517637 2.885
      vertex 24.8846 0.667384 1.05
      vertex 24.9319 0.517637 0
    endloop
  endfacet
  facet normal -0.953662 -0.30088 2.85596e-05
    outer loop
      vertex 24.8846 0.667384 1.05
      vertex 24.9319 0.517637 2.885
      vertex 24.8794 0.68404 2.885
    endloop
  endfacet
  facet normal -0.953562 -0.301198 0
    outer loop
      vertex 24.8846 0.667384 0
      vertex 24.9319 0.517637 0
      vertex 24.8846 0.667384 1.05
    endloop
  endfacet
  facet normal -0.976409 -0.215929 -0
    outer loop
      vertex 24.9658 0.364345 1.05
      vertex 24.9319 0.517637 0
      vertex 24.9658 0.364345 0
    endloop
  endfacet
  facet normal -0.976409 -0.215929 0
    outer loop
      vertex 24.9319 0.517637 0
      vertex 24.9658 0.364345 1.05
      vertex 24.9319 0.517637 2.885
    endloop
  endfacet
  facet normal -0.976049 -0.217549 -0
    outer loop
      vertex 24.9696 0.347296 2.885
      vertex 24.9658 0.364345 1.05
      vertex 24.9696 0.347296 1.05
    endloop
  endfacet
  facet normal -0.976373 -0.216092 1.42079e-05
    outer loop
      vertex 24.9658 0.364345 1.05
      vertex 24.9696 0.347296 2.885
      vertex 24.9319 0.517637 2.885
    endloop
  endfacet
  facet normal -0.991433 -0.130619 0
    outer loop
      vertex 24.9734 0.318453 1.05
      vertex 24.9696 0.347296 2.885
      vertex 24.9696 0.347296 1.05
    endloop
  endfacet
  facet normal -0.991422 -0.130698 -0
    outer loop
      vertex 24.9886 0.203152 1.05
      vertex 24.9734 0.318453 1.05
      vertex 24.9886 0.203152 0
    endloop
  endfacet
  facet normal -0.991422 -0.130698 1.26425e-06
    outer loop
      vertex 24.9734 0.318453 1.05
      vertex 24.9886 0.203152 1.05
      vertex 24.9696 0.347296 2.885
    endloop
  endfacet
  facet normal -0.991431 -0.130628 -0
    outer loop
      vertex 24.9924 0.174311 2.885
      vertex 24.9886 0.203152 1.05
      vertex 24.9924 0.174311 1.05
    endloop
  endfacet
  facet normal -0.991425 -0.130673 -7.23984e-07
    outer loop
      vertex 24.9886 0.203152 1.05
      vertex 24.9924 0.174311 2.885
      vertex 24.9696 0.347296 2.885
    endloop
  endfacet
  facet normal -0.991422 -0.130698 0
    outer loop
      vertex 24.9734 0.318453 0
      vertex 24.9886 0.203152 0
      vertex 24.9734 0.318453 1.05
    endloop
  endfacet
  facet normal -0.99895 -0.0458076 0
    outer loop
      vertex 24.9932 0.156865 1.05
      vertex 24.9924 0.174311 2.885
      vertex 24.9924 0.174311 1.05
    endloop
  endfacet
  facet normal -0.999062 -0.0433087 -0
    outer loop
      vertex 25 0 2.885
      vertex 24.9932 0.156865 1.05
      vertex 25 0 0
    endloop
  endfacet
  facet normal -0.999051 -0.0435588 -2.1424e-05
    outer loop
      vertex 24.9932 0.156865 1.05
      vertex 25 0 2.885
      vertex 24.9924 0.174311 2.885
    endloop
  endfacet
  facet normal -0.999062 -0.0433087 0
    outer loop
      vertex 24.9932 0.156865 0
      vertex 25 0 0
      vertex 24.9932 0.156865 1.05
    endloop
  endfacet
  facet normal -0.999062 0.0433087 0
    outer loop
      vertex 24.9932 -0.156865 1.05
      vertex 25 0 0
      vertex 24.9932 -0.156865 0
    endloop
  endfacet
  facet normal -0.999062 0.0433087 0
    outer loop
      vertex 25 0 0
      vertex 24.9932 -0.156865 1.05
      vertex 25 0 2.885
    endloop
  endfacet
  facet normal -0.99895 0.0458076 0
    outer loop
      vertex 24.9924 -0.174311 2.885
      vertex 24.9932 -0.156865 1.05
      vertex 24.9924 -0.174311 1.05
    endloop
  endfacet
  facet normal -0.999051 0.0435588 -2.1424e-05
    outer loop
      vertex 24.9932 -0.156865 1.05
      vertex 24.9924 -0.174311 2.885
      vertex 25 0 2.885
    endloop
  endfacet
  facet normal 0 -1 0
    outer loop
      vertex 18.97 4.68 2.885
      vertex 27.03 4.68 7
      vertex 18.97 4.68 7
    endloop
  endfacet
  facet normal 0 -1 -0
    outer loop
      vertex 27.03 4.68 7
      vertex 18.97 4.68 2.885
      vertex 27.03 4.68 2.885
    endloop
  endfacet
  facet normal -1 0 0
    outer loop
      vertex 27.03 -4.68 2.885
      vertex 27.03 4.68 7
      vertex 27.03 4.68 2.885
    endloop
  endfacet
  facet normal -1 -0 0
    outer loop
      vertex 27.03 4.68 7
      vertex 27.03 -4.68 2.885
      vertex 27.03 -4.68 7
    endloop
  endfacet
  facet normal 0 1 -0
    outer loop
      vertex 27.03 -4.68 2.885
      vertex 18.97 -4.68 7
      vertex 27.03 -4.68 7
    endloop
  endfacet
  facet normal 0 1 0
    outer loop
      vertex 18.97 -4.68 7
      vertex 27.03 -4.68 2.885
      vertex 18.97 -4.68 2.885
    endloop
  endfacet
  facet normal 1 -0 0
    outer loop
      vertex 18.97 -4.68 7
      vertex 18.97 4.68 2.885
      vertex 18.97 4.68 7
    endloop
  endfacet
  facet normal 1 0 0
    outer loop
      vertex 18.97 4.68 2.885
      vertex 18.97 -4.68 7
      vertex 18.97 -4.68 2.885
    endloop
  endfacet
  facet normal -0.54472 0.838618 0
    outer loop
      vertex -28.7693 7.63243 0
      vertex -29.0327 7.46134 7
      vertex -28.7693 7.63243 7
    endloop
  endfacet
  facet normal -0.54472 0.838618 0
    outer loop
      vertex -29.0327 7.46134 7
      vertex -28.7693 7.63243 0
      vertex -29.0327 7.46134 0
    endloop
  endfacet
  facet normal -0.358348 0.933588 0
    outer loop
      vertex -27.0782 8.45723 0
      vertex -27.3715 8.34465 7
      vertex -27.0782 8.45723 7
    endloop
  endfacet
  facet normal -0.358348 0.933588 0
    outer loop
      vertex -27.3715 8.34465 7
      vertex -27.0782 8.45723 0
      vertex -27.3715 8.34465 0
    endloop
  endfacet
  facet normal -0.224955 0.974369 0
    outer loop
      vertex -25.8712 8.80333 0
      vertex -26.1773 8.73266 7
      vertex -25.8712 8.80333 7
    endloop
  endfacet
  facet normal -0.224955 0.974369 0
    outer loop
      vertex -26.1773 8.73266 7
      vertex -25.8712 8.80333 0
      vertex -26.1773 8.73266 0
    endloop
  endfacet
  facet normal 0.573409 -0.819269 0
    outer loop
      vertex 29.0327 -7.46134 0
      vertex 29.1357 -7.38925 1.05
      vertex 29.0327 -7.46134 1.05
    endloop
  endfacet
  facet normal 0.573783 -0.819007 -5.46915e-05
    outer loop
      vertex 29.1357 -7.38925 1.05
      vertex 29.0327 -7.46134 0
      vertex 29.1871 -7.35324 1.05
    endloop
  endfacet
  facet normal 0.573484 -0.819217 1.09241e-05
    outer loop
      vertex 29.2901 -7.28115 0
      vertex 29.1871 -7.35324 1.05
      vertex 29.0327 -7.46134 0
    endloop
  endfacet
  facet normal 0.573409 -0.819269 0
    outer loop
      vertex 29.1871 -7.35324 1.05
      vertex 29.2901 -7.28115 0
      vertex 29.2901 -7.28115 1.05
    endloop
  endfacet
  facet normal 0.573783 -0.819007 0
    outer loop
      vertex 29.1357 -7.38925 1.05
      vertex 29.1871 -7.35324 7
      vertex 29.1357 -7.38925 7
    endloop
  endfacet
  facet normal 0.573783 -0.819007 0
    outer loop
      vertex 29.1871 -7.35324 7
      vertex 29.1357 -7.38925 1.05
      vertex 29.1871 -7.35324 1.05
    endloop
  endfacet
  facet normal 0.601781 0.798661 -0
    outer loop
      vertex 29.541 7.0921 0
      vertex 29.2901 7.28115 7
      vertex 29.541 7.0921 7
    endloop
  endfacet
  facet normal 0.601781 0.798661 0
    outer loop
      vertex 29.2901 7.28115 7
      vertex 29.541 7.0921 0
      vertex 29.2901 7.28115 0
    endloop
  endfacet
  facet normal 0.32561 0.945504 -0
    outer loop
      vertex 27.0782 8.45723 0
      vertex 26.7812 8.55951 7
      vertex 27.0782 8.45723 7
    endloop
  endfacet
  facet normal 0.32561 0.945504 0
    outer loop
      vertex 26.7812 8.55951 7
      vertex 27.0782 8.45723 0
      vertex 26.7812 8.55951 0
    endloop
  endfacet
  facet normal 0.819187 -0.573526 0
    outer loop
      vertex 31.3892 -5.13569 7
      vertex 31.3532 -5.18711 7
      vertex 31.3892 -5.13569 1.05
    endloop
  endfacet
  facet normal 0.819101 -0.573649 0
    outer loop
      vertex 31.3892 -5.13569 1.05
      vertex 31.4613 -5.03274 0
      vertex 31.4613 -5.03274 1.05
    endloop
  endfacet
  facet normal 0.819187 -0.573526 0
    outer loop
      vertex 31.3532 -5.18711 1.05
      vertex 31.3892 -5.13569 1.05
      vertex 31.3532 -5.18711 7
    endloop
  endfacet
  facet normal 0.819187 -0.573526 1.79341e-05
    outer loop
      vertex 31.3532 -5.18711 1.05
      vertex 31.4613 -5.03274 0
      vertex 31.3892 -5.13569 1.05
    endloop
  endfacet
  facet normal 0.819501 -0.573078 0
    outer loop
      vertex 31.2812 -5.29007 0
      vertex 31.3532 -5.18711 1.05
      vertex 31.2812 -5.29007 1.05
    endloop
  endfacet
  facet normal 0.819278 -0.573396 4.65012e-05
    outer loop
      vertex 31.3532 -5.18711 1.05
      vertex 31.2812 -5.29007 0
      vertex 31.4613 -5.03274 0
    endloop
  endfacet
  facet normal 0.707027 0.707186 0
    outer loop
      vertex 30.3408 6.38519 7
      vertex 30.3852 6.3408 7
      vertex 30.3408 6.38519 1.05
    endloop
  endfacet
  facet normal 0.706987 0.707226 0
    outer loop
      vertex 30.3408 6.38519 1.05
      vertex 30.2519 6.47406 0
      vertex 30.2519 6.47406 1.05
    endloop
  endfacet
  facet normal 0.707027 0.707186 -0
    outer loop
      vertex 30.3852 6.3408 1.05
      vertex 30.3408 6.38519 1.05
      vertex 30.3852 6.3408 7
    endloop
  endfacet
  facet normal 0.707027 0.707186 -6.71994e-06
    outer loop
      vertex 30.3852 6.3408 1.05
      vertex 30.2519 6.47406 0
      vertex 30.3408 6.38519 1.05
    endloop
  endfacet
  facet normal 0.707027 0.707186 -0
    outer loop
      vertex 30.4741 6.25192 0
      vertex 30.3852 6.3408 1.05
      vertex 30.4741 6.25192 1.05
    endloop
  endfacet
  facet normal 0.707011 0.707202 -2.69774e-06
    outer loop
      vertex 30.3852 6.3408 1.05
      vertex 30.4741 6.25192 0
      vertex 30.2519 6.47406 0
    endloop
  endfacet
  facet normal -0.32561 0.945504 0
    outer loop
      vertex -26.7812 8.55951 0
      vertex -27.0782 8.45723 7
      vertex -26.7812 8.55951 7
    endloop
  endfacet
  facet normal -0.32561 0.945504 0
    outer loop
      vertex -27.0782 8.45723 7
      vertex -26.7812 8.55951 0
      vertex -27.0782 8.45723 0
    endloop
  endfacet
  facet normal -0.0871433 0.996196 0
    outer loop
      vertex -24.6278 8.97808 0
      vertex -24.9408 8.9507 7
      vertex -24.6278 8.97808 7
    endloop
  endfacet
  facet normal -0.0871433 0.996196 0
    outer loop
      vertex -24.9408 8.9507 7
      vertex -24.6278 8.97808 0
      vertex -24.9408 8.9507 0
    endloop
  endfacet
  facet normal 0.358348 0.933588 -0
    outer loop
      vertex 27.3715 8.34465 0
      vertex 27.0782 8.45723 7
      vertex 27.3715 8.34465 7
    endloop
  endfacet
  facet normal 0.358348 0.933588 0
    outer loop
      vertex 27.0782 8.45723 7
      vertex 27.3715 8.34465 0
      vertex 27.0782 8.45723 0
    endloop
  endfacet
  facet normal 0.190788 0.981631 -0
    outer loop
      vertex 25.8712 8.80333 0
      vertex 25.5628 8.86327 7
      vertex 25.8712 8.80333 7
    endloop
  endfacet
  facet normal 0.190788 0.981631 0
    outer loop
      vertex 25.5628 8.86327 7
      vertex 25.8712 8.80333 0
      vertex 25.5628 8.86327 0
    endloop
  endfacet
  facet normal 0.258826 -0.965924 0
    outer loop
      vertex 26.1773 -8.73266 0
      vertex 26.2987 -8.70013 1.05
      vertex 26.1773 -8.73266 1.05
    endloop
  endfacet
  facet normal 0.259002 -0.965877 -2.17372e-05
    outer loop
      vertex 26.2987 -8.70013 1.05
      vertex 26.1773 -8.73266 0
      vertex 26.3593 -8.68388 1.05
    endloop
  endfacet
  facet normal 0.258861 -0.965915 4.34187e-06
    outer loop
      vertex 26.4807 -8.65135 0
      vertex 26.3593 -8.68388 1.05
      vertex 26.1773 -8.73266 0
    endloop
  endfacet
  facet normal 0.258826 -0.965924 0
    outer loop
      vertex 26.3593 -8.68388 1.05
      vertex 26.4807 -8.65135 0
      vertex 26.4807 -8.65135 1.05
    endloop
  endfacet
  facet normal 0.259002 -0.965877 0
    outer loop
      vertex 26.2987 -8.70013 1.05
      vertex 26.3593 -8.68388 7
      vertex 26.2987 -8.70013 7
    endloop
  endfacet
  facet normal 0.259002 -0.965877 0
    outer loop
      vertex 26.3593 -8.68388 7
      vertex 26.2987 -8.70013 1.05
      vertex 26.3593 -8.68388 1.05
    endloop
  endfacet
  facet normal 0.966108 0.258139 0
    outer loop
      vertex 32.6839 2.35933 7
      vertex 32.7001 2.2987 7
      vertex 32.6839 2.35933 1.05
    endloop
  endfacet
  facet normal 0.965989 0.258584 0
    outer loop
      vertex 32.6839 2.35933 1.05
      vertex 32.6514 2.48074 0
      vertex 32.6514 2.48074 1.05
    endloop
  endfacet
  facet normal 0.966108 0.258139 -0
    outer loop
      vertex 32.7001 2.2987 1.05
      vertex 32.6839 2.35933 1.05
      vertex 32.7001 2.2987 7
    endloop
  endfacet
  facet normal 0.966108 0.258139 -5.51333e-05
    outer loop
      vertex 32.7001 2.2987 1.05
      vertex 32.6514 2.48074 0
      vertex 32.6839 2.35933 1.05
    endloop
  endfacet
  facet normal 0.965785 0.259346 -0
    outer loop
      vertex 32.7327 2.1773 0
      vertex 32.7001 2.2987 1.05
      vertex 32.7327 2.1773 1.05
    endloop
  endfacet
  facet normal 0.965931 0.2588 6.76793e-05
    outer loop
      vertex 32.7001 2.2987 1.05
      vertex 32.7327 2.1773 0
      vertex 32.6514 2.48074 0
    endloop
  endfacet
  facet normal -0.819101 -0.573649 0
    outer loop
      vertex -31.4613 -5.03274 0
      vertex -31.3892 -5.13569 1.05
      vertex -31.4613 -5.03274 1.05
    endloop
  endfacet
  facet normal -0.819187 -0.573526 0
    outer loop
      vertex -31.3892 -5.13569 1.05
      vertex -31.3532 -5.18711 1.05
      vertex -31.3892 -5.13569 7
    endloop
  endfacet
  facet normal -0.819187 -0.573526 1.79341e-05
    outer loop
      vertex -31.4613 -5.03274 0
      vertex -31.3532 -5.18711 1.05
      vertex -31.3892 -5.13569 1.05
    endloop
  endfacet
  facet normal -0.819278 -0.573396 4.65012e-05
    outer loop
      vertex -31.2812 -5.29007 0
      vertex -31.3532 -5.18711 1.05
      vertex -31.4613 -5.03274 0
    endloop
  endfacet
  facet normal -0.819501 -0.573078 0
    outer loop
      vertex -31.3532 -5.18711 1.05
      vertex -31.2812 -5.29007 0
      vertex -31.2812 -5.29007 1.05
    endloop
  endfacet
  facet normal -0.819187 -0.573526 0
    outer loop
      vertex -31.3892 -5.13569 7
      vertex -31.3532 -5.18711 1.05
      vertex -31.3532 -5.18711 7
    endloop
  endfacet
  facet normal -0.906027 0.423221 0
    outer loop
      vertex -32.0891 3.94534 0
      vertex -32.1423 3.83145 1.05
      vertex -32.0891 3.94534 1.05
    endloop
  endfacet
  facet normal -0.906594 0.422005 0
    outer loop
      vertex -32.1423 3.83145 1.05
      vertex -32.1688 3.77452 1.05
      vertex -32.1423 3.83145 7
    endloop
  endfacet
  facet normal -0.906594 0.422005 -0.000160627
    outer loop
      vertex -32.0891 3.94534 0
      vertex -32.1688 3.77452 1.05
      vertex -32.1423 3.83145 1.05
    endloop
  endfacet
  facet normal -0.906262 0.422716 -1.96777e-05
    outer loop
      vertex -32.2219 3.66063 0
      vertex -32.1688 3.77452 1.05
      vertex -32.0891 3.94534 0
    endloop
  endfacet
  facet normal -0.906331 0.422567 0
    outer loop
      vertex -32.1688 3.77452 1.05
      vertex -32.2219 3.66063 0
      vertex -32.2219 3.66063 1.05
    endloop
  endfacet
  facet normal -0.906594 0.422005 0
    outer loop
      vertex -32.1423 3.83145 7
      vertex -32.1688 3.77452 1.05
      vertex -32.1688 3.77452 7
    endloop
  endfacet
  facet normal -0.422624 0.906305 0
    outer loop
      vertex -27.6606 8.22191 0
      vertex -27.9453 8.08915 7
      vertex -27.6606 8.22191 7
    endloop
  endfacet
  facet normal -0.422624 0.906305 0
    outer loop
      vertex -27.9453 8.08915 7
      vertex -27.6606 8.22191 0
      vertex -27.9453 8.08915 0
    endloop
  endfacet
  facet normal 0.996292 0.0860315 0
    outer loop
      vertex 32.9617 0.815548 7
      vertex 32.9671 0.753013 7
      vertex 32.9617 0.815548 1.05
    endloop
  endfacet
  facet normal 0.996163 0.0875167 0
    outer loop
      vertex 32.9617 0.815548 1.05
      vertex 32.9507 0.940756 0
      vertex 32.9507 0.940756 1.05
    endloop
  endfacet
  facet normal 0.996292 0.0860315 -0
    outer loop
      vertex 32.9671 0.753013 1.05
      vertex 32.9617 0.815548 1.05
      vertex 32.9671 0.753013 7
    endloop
  endfacet
  facet normal 0.996292 0.0860315 -0.000178463
    outer loop
      vertex 32.9671 0.753013 1.05
      vertex 32.9507 0.940756 0
      vertex 32.9617 0.815548 1.05
    endloop
  endfacet
  facet normal 0.996163 0.0875188 -0
    outer loop
      vertex 32.9781 0.627808 0
      vertex 32.9671 0.753013 1.05
      vertex 32.9781 0.627808 1.05
    endloop
  endfacet
  facet normal 0.996189 0.0872208 3.58069e-05
    outer loop
      vertex 32.9671 0.753013 1.05
      vertex 32.9781 0.627808 0
      vertex 32.9507 0.940756 0
    endloop
  endfacet
  facet normal 0.017444 0.999848 -0
    outer loop
      vertex 24.3141 8.99452 0
      vertex 24 9 7
      vertex 24.3141 8.99452 7
    endloop
  endfacet
  facet normal 0.017444 0.999848 0
    outer loop
      vertex 24 9 7
      vertex 24.3141 8.99452 0
      vertex 24 9 0
    endloop
  endfacet
  facet normal 0.682394 0.730985 0
    outer loop
      vertex 30.2519 6.47406 1.05
      vertex 30.2519 6.47406 0
      vertex 30.2173 6.50636 1.05
    endloop
  endfacet
  facet normal 0.682011 0.731342 -0
    outer loop
      vertex 30.2173 6.50636 1.05
      vertex 30.0222 6.6883 7
      vertex 30.2173 6.50636 7
    endloop
  endfacet
  facet normal 0.682011 0.731342 0
    outer loop
      vertex 30.2173 6.50636 1.05
      vertex 30.0222 6.6883 0
      vertex 30.0222 6.6883 7
    endloop
  endfacet
  facet normal 0.682069 0.731288 -2.00298e-05
    outer loop
      vertex 30.0222 6.6883 0
      vertex 30.2173 6.50636 1.05
      vertex 30.2519 6.47406 0
    endloop
  endfacet
  facet normal -0.017444 0.999848 0
    outer loop
      vertex -24 9 0
      vertex -24.3141 8.99452 7
      vertex -24 9 7
    endloop
  endfacet
  facet normal -0.017444 0.999848 0
    outer loop
      vertex -24.3141 8.99452 7
      vertex -24 9 0
      vertex -24.3141 8.99452 0
    endloop
  endfacet
  facet normal -0.0523349 0.99863 0
    outer loop
      vertex -24.3141 8.99452 0
      vertex -24.6278 8.97808 7
      vertex -24.3141 8.99452 7
    endloop
  endfacet
  facet normal -0.0523349 0.99863 0
    outer loop
      vertex -24.6278 8.97808 7
      vertex -24.3141 8.99452 0
      vertex -24.6278 8.97808 0
    endloop
  endfacet
  facet normal -0.190788 0.981631 0
    outer loop
      vertex -25.5628 8.86327 0
      vertex -25.8712 8.80333 7
      vertex -25.5628 8.86327 7
    endloop
  endfacet
  facet normal -0.190788 0.981631 0
    outer loop
      vertex -25.8712 8.80333 7
      vertex -25.5628 8.86327 0
      vertex -25.8712 8.80333 0
    endloop
  endfacet
  facet normal 0.484751 0.874652 -0
    outer loop
      vertex 28.5 7.79423 0
      vertex 28.2252 7.94653 7
      vertex 28.5 7.79423 7
    endloop
  endfacet
  facet normal 0.484751 0.874652 0
    outer loop
      vertex 28.2252 7.94653 7
      vertex 28.5 7.79423 0
      vertex 28.2252 7.94653 0
    endloop
  endfacet
  facet normal 0.996292 -0.0860315 0
    outer loop
      vertex 32.9671 -0.753013 7
      vertex 32.9617 -0.815548 7
      vertex 32.9671 -0.753013 1.05
    endloop
  endfacet
  facet normal 0.996163 -0.0875188 0
    outer loop
      vertex 32.9671 -0.753013 1.05
      vertex 32.9781 -0.627808 0
      vertex 32.9781 -0.627808 1.05
    endloop
  endfacet
  facet normal 0.996292 -0.0860315 0
    outer loop
      vertex 32.9617 -0.815548 1.05
      vertex 32.9671 -0.753013 1.05
      vertex 32.9617 -0.815548 7
    endloop
  endfacet
  facet normal 0.996292 -0.0860315 0.000178709
    outer loop
      vertex 32.9617 -0.815548 1.05
      vertex 32.9781 -0.627808 0
      vertex 32.9671 -0.753013 1.05
    endloop
  endfacet
  facet normal 0.996163 -0.0875167 0
    outer loop
      vertex 32.9507 -0.940756 0
      vertex 32.9617 -0.815548 1.05
      vertex 32.9507 -0.940756 1.05
    endloop
  endfacet
  facet normal 0.996189 -0.0872208 -3.55577e-05
    outer loop
      vertex 32.9617 -0.815548 1.05
      vertex 32.9507 -0.940756 0
      vertex 32.9781 -0.627808 0
    endloop
  endfacet
  facet normal -0.996163 0.0875167 0
    outer loop
      vertex -32.9507 0.940756 0
      vertex -32.9617 0.815548 1.05
      vertex -32.9507 0.940756 1.05
    endloop
  endfacet
  facet normal -0.996292 0.0860315 0
    outer loop
      vertex -32.9617 0.815548 1.05
      vertex -32.9671 0.753013 1.05
      vertex -32.9617 0.815548 7
    endloop
  endfacet
  facet normal -0.996292 0.0860315 -0.000178463
    outer loop
      vertex -32.9507 0.940756 0
      vertex -32.9671 0.753013 1.05
      vertex -32.9617 0.815548 1.05
    endloop
  endfacet
  facet normal -0.996189 0.0872208 3.58069e-05
    outer loop
      vertex -32.9781 0.627808 0
      vertex -32.9671 0.753013 1.05
      vertex -32.9507 0.940756 0
    endloop
  endfacet
  facet normal -0.996163 0.0875188 0
    outer loop
      vertex -32.9671 0.753013 1.05
      vertex -32.9781 0.627808 0
      vertex -32.9781 0.627808 1.05
    endloop
  endfacet
  facet normal -0.996292 0.0860315 0
    outer loop
      vertex -32.9617 0.815548 7
      vertex -32.9671 0.753013 1.05
      vertex -32.9671 0.753013 7
    endloop
  endfacet
  facet normal 0.0871433 0.996196 -0
    outer loop
      vertex 24.9408 8.9507 0
      vertex 24.6278 8.97808 7
      vertex 24.9408 8.9507 7
    endloop
  endfacet
  facet normal 0.0871433 0.996196 0
    outer loop
      vertex 24.6278 8.97808 7
      vertex 24.9408 8.9507 0
      vertex 24.6278 8.97808 0
    endloop
  endfacet
  facet normal -0.422602 -0.906315 0
    outer loop
      vertex -27.9453 -8.08915 0
      vertex -27.8314 -8.14226 1.05
      vertex -27.9453 -8.08915 1.05
    endloop
  endfacet
  facet normal -0.422711 -0.906265 1.43649e-05
    outer loop
      vertex -27.8314 -8.14226 1.05
      vertex -27.9453 -8.08915 0
      vertex -27.7745 -8.1688 1.05
    endloop
  endfacet
  facet normal -0.422624 -0.906305 -2.8711e-06
    outer loop
      vertex -27.6606 -8.22191 0
      vertex -27.7745 -8.1688 1.05
      vertex -27.9453 -8.08915 0
    endloop
  endfacet
  facet normal -0.422602 -0.906315 0
    outer loop
      vertex -27.7745 -8.1688 1.05
      vertex -27.6606 -8.22191 0
      vertex -27.6606 -8.22191 1.05
    endloop
  endfacet
  facet normal -0.422711 -0.906265 0
    outer loop
      vertex -27.8314 -8.14226 1.05
      vertex -27.7745 -8.1688 7
      vertex -27.8314 -8.14226 7
    endloop
  endfacet
  facet normal -0.422711 -0.906265 -0
    outer loop
      vertex -27.7745 -8.1688 7
      vertex -27.8314 -8.14226 1.05
      vertex -27.7745 -8.1688 1.05
    endloop
  endfacet
  facet normal 0.906594 0.422005 0
    outer loop
      vertex 32.1423 3.83145 7
      vertex 32.1688 3.77452 7
      vertex 32.1423 3.83145 1.05
    endloop
  endfacet
  facet normal 0.906027 0.423221 0
    outer loop
      vertex 32.1423 3.83145 1.05
      vertex 32.0891 3.94534 0
      vertex 32.0891 3.94534 1.05
    endloop
  endfacet
  facet normal 0.906594 0.422005 -0
    outer loop
      vertex 32.1688 3.77452 1.05
      vertex 32.1423 3.83145 1.05
      vertex 32.1688 3.77452 7
    endloop
  endfacet
  facet normal 0.906594 0.422005 -0.000160627
    outer loop
      vertex 32.1688 3.77452 1.05
      vertex 32.0891 3.94534 0
      vertex 32.1423 3.83145 1.05
    endloop
  endfacet
  facet normal 0.906331 0.422567 -0
    outer loop
      vertex 32.2219 3.66063 0
      vertex 32.1688 3.77452 1.05
      vertex 32.2219 3.66063 1.05
    endloop
  endfacet
  facet normal 0.906262 0.422716 -1.96777e-05
    outer loop
      vertex 32.1688 3.77452 1.05
      vertex 32.2219 3.66063 0
      vertex 32.0891 3.94534 0
    endloop
  endfacet
  facet normal -0.573484 0.819217 0
    outer loop
      vertex -29.0327 7.46134 0
      vertex -29.2901 7.28115 7
      vertex -29.0327 7.46134 7
    endloop
  endfacet
  facet normal -0.573484 0.819217 0
    outer loop
      vertex -29.2901 7.28115 7
      vertex -29.0327 7.46134 0
      vertex -29.2901 7.28115 0
    endloop
  endfacet
  facet normal 0.906594 -0.422005 0
    outer loop
      vertex 32.1688 -3.77452 7
      vertex 32.1423 -3.83145 7
      vertex 32.1688 -3.77452 1.05
    endloop
  endfacet
  facet normal 0.906331 -0.422567 0
    outer loop
      vertex 32.1688 -3.77452 1.05
      vertex 32.2219 -3.66063 0
      vertex 32.2219 -3.66063 1.05
    endloop
  endfacet
  facet normal 0.906594 -0.422005 0
    outer loop
      vertex 32.1423 -3.83145 1.05
      vertex 32.1688 -3.77452 1.05
      vertex 32.1423 -3.83145 7
    endloop
  endfacet
  facet normal 0.906594 -0.422005 7.4285e-05
    outer loop
      vertex 32.1423 -3.83145 1.05
      vertex 32.2219 -3.66063 0
      vertex 32.1688 -3.77452 1.05
    endloop
  endfacet
  facet normal 0.906027 -0.423221 0
    outer loop
      vertex 32.0891 -3.94534 0
      vertex 32.1423 -3.83145 1.05
      vertex 32.0891 -3.94534 1.05
    endloop
  endfacet
  facet normal 0.906262 -0.422716 -6.6633e-05
    outer loop
      vertex 32.1423 -3.83145 1.05
      vertex 32.0891 -3.94534 0
      vertex 32.2219 -3.66063 0
    endloop
  endfacet
  facet normal 0.422602 -0.906315 0
    outer loop
      vertex 27.6606 -8.22191 0
      vertex 27.7745 -8.1688 1.05
      vertex 27.6606 -8.22191 1.05
    endloop
  endfacet
  facet normal 0.422711 -0.906265 -1.43649e-05
    outer loop
      vertex 27.7745 -8.1688 1.05
      vertex 27.6606 -8.22191 0
      vertex 27.8314 -8.14226 1.05
    endloop
  endfacet
  facet normal 0.422624 -0.906305 2.8711e-06
    outer loop
      vertex 27.9453 -8.08915 0
      vertex 27.8314 -8.14226 1.05
      vertex 27.6606 -8.22191 0
    endloop
  endfacet
  facet normal 0.422602 -0.906315 0
    outer loop
      vertex 27.8314 -8.14226 1.05
      vertex 27.9453 -8.08915 0
      vertex 27.9453 -8.08915 1.05
    endloop
  endfacet
  facet normal 0.422711 -0.906265 0
    outer loop
      vertex 27.7745 -8.1688 1.05
      vertex 27.8314 -8.14226 7
      vertex 27.7745 -8.1688 7
    endloop
  endfacet
  facet normal 0.422711 -0.906265 0
    outer loop
      vertex 27.8314 -8.14226 7
      vertex 27.7745 -8.1688 1.05
      vertex 27.8314 -8.14226 1.05
    endloop
  endfacet
  facet normal -0.601781 0.798661 0
    outer loop
      vertex -29.2901 7.28115 0
      vertex -29.541 7.0921 7
      vertex -29.2901 7.28115 7
    endloop
  endfacet
  facet normal -0.601781 0.798661 0
    outer loop
      vertex -29.541 7.0921 7
      vertex -29.2901 7.28115 0
      vertex -29.541 7.0921 0
    endloop
  endfacet
  facet normal -0.965989 0.258584 0
    outer loop
      vertex -32.6514 2.48074 0
      vertex -32.6839 2.35933 1.05
      vertex -32.6514 2.48074 1.05
    endloop
  endfacet
  facet normal -0.966108 0.258139 0
    outer loop
      vertex -32.6839 2.35933 1.05
      vertex -32.7001 2.2987 1.05
      vertex -32.6839 2.35933 7
    endloop
  endfacet
  facet normal -0.966108 0.258139 -5.51333e-05
    outer loop
      vertex -32.6514 2.48074 0
      vertex -32.7001 2.2987 1.05
      vertex -32.6839 2.35933 1.05
    endloop
  endfacet
  facet normal -0.965931 0.2588 6.76793e-05
    outer loop
      vertex -32.7327 2.1773 0
      vertex -32.7001 2.2987 1.05
      vertex -32.6514 2.48074 0
    endloop
  endfacet
  facet normal -0.965785 0.259346 0
    outer loop
      vertex -32.7001 2.2987 1.05
      vertex -32.7327 2.1773 0
      vertex -32.7327 2.1773 1.05
    endloop
  endfacet
  facet normal -0.966108 0.258139 0
    outer loop
      vertex -32.6839 2.35933 7
      vertex -32.7001 2.2987 1.05
      vertex -32.7001 2.2987 7
    endloop
  endfacet
  facet normal -0.515011 0.857184 0
    outer loop
      vertex -28.5 7.79423 0
      vertex -28.7693 7.63243 7
      vertex -28.5 7.79423 7
    endloop
  endfacet
  facet normal -0.515011 0.857184 0
    outer loop
      vertex -28.7693 7.63243 7
      vertex -28.5 7.79423 0
      vertex -28.7693 7.63243 0
    endloop
  endfacet
  facet normal 0.706947 -0.707266 0
    outer loop
      vertex 30.3852 -6.3408 7
      vertex 30.3408 -6.38518 7
      vertex 30.3852 -6.3408 1.05
    endloop
  endfacet
  facet normal 0.707027 -0.707186 0
    outer loop
      vertex 30.3852 -6.3408 1.05
      vertex 30.4741 -6.25192 0
      vertex 30.4741 -6.25192 1.05
    endloop
  endfacet
  facet normal 0.706947 -0.707266 0
    outer loop
      vertex 30.3408 -6.38518 1.05
      vertex 30.3852 -6.3408 1.05
      vertex 30.3408 -6.38518 7
    endloop
  endfacet
  facet normal 0.706947 -0.707266 -1.35021e-05
    outer loop
      vertex 30.3408 -6.38518 1.05
      vertex 30.4741 -6.25192 0
      vertex 30.3852 -6.3408 1.05
    endloop
  endfacet
  facet normal 0.707027 -0.707186 0
    outer loop
      vertex 30.2519 -6.47406 0
      vertex 30.3408 -6.38518 1.05
      vertex 30.2519 -6.47406 1.05
    endloop
  endfacet
  facet normal 0.707011 -0.707202 2.69774e-06
    outer loop
      vertex 30.3408 -6.38518 1.05
      vertex 30.2519 -6.47406 0
      vertex 30.4741 -6.25192 0
    endloop
  endfacet
  facet normal 0.258861 0.965915 -0
    outer loop
      vertex 26.4807 8.65135 0
      vertex 26.1773 8.73266 7
      vertex 26.4807 8.65135 7
    endloop
  endfacet
  facet normal 0.258861 0.965915 0
    outer loop
      vertex 26.1773 8.73266 7
      vertex 26.4807 8.65135 0
      vertex 26.1773 8.73266 0
    endloop
  endfacet
  facet normal 0.656045 0.754722 -0
    outer loop
      vertex 30.0222 6.6883 0
      vertex 29.7851 6.8944 7
      vertex 30.0222 6.6883 7
    endloop
  endfacet
  facet normal 0.656045 0.754722 0
    outer loop
      vertex 29.7851 6.8944 7
      vertex 30.0222 6.6883 0
      vertex 29.7851 6.8944 0
    endloop
  endfacet
  facet normal -0.0870585 -0.996203 0
    outer loop
      vertex -24.9408 -8.9507 0
      vertex -24.8155 -8.96165 1.05
      vertex -24.9408 -8.9507 1.05
    endloop
  endfacet
  facet normal -0.0871867 -0.996192 1.54229e-05
    outer loop
      vertex -24.8155 -8.96165 1.05
      vertex -24.9408 -8.9507 0
      vertex -24.753 -8.96712 1.05
    endloop
  endfacet
  facet normal -0.0871433 -0.996196 7.59006e-06
    outer loop
      vertex -24.6278 -8.97808 0
      vertex -24.753 -8.96712 1.05
      vertex -24.9408 -8.9507 0
    endloop
  endfacet
  facet normal -0.0872064 -0.99619 0
    outer loop
      vertex -24.753 -8.96712 1.05
      vertex -24.6278 -8.97808 0
      vertex -24.6278 -8.97808 1.05
    endloop
  endfacet
  facet normal -0.0871867 -0.996192 0
    outer loop
      vertex -24.8155 -8.96165 1.05
      vertex -24.753 -8.96712 7
      vertex -24.8155 -8.96165 7
    endloop
  endfacet
  facet normal -0.0871867 -0.996192 -0
    outer loop
      vertex -24.753 -8.96712 7
      vertex -24.8155 -8.96165 1.05
      vertex -24.753 -8.96712 1.05
    endloop
  endfacet
  facet normal -0.682011 0.731342 0
    outer loop
      vertex -30.0222 6.6883 7
      vertex -30.2173 6.50636 1.05
      vertex -30.2173 6.50636 7
    endloop
  endfacet
  facet normal -0.682011 0.731342 0
    outer loop
      vertex -30.0222 6.6883 0
      vertex -30.2173 6.50636 1.05
      vertex -30.0222 6.6883 7
    endloop
  endfacet
  facet normal -0.682069 0.731288 -2.00298e-05
    outer loop
      vertex -30.2519 6.47406 0
      vertex -30.2173 6.50636 1.05
      vertex -30.0222 6.6883 0
    endloop
  endfacet
  facet normal -0.682394 0.730985 0
    outer loop
      vertex -30.2173 6.50636 1.05
      vertex -30.2519 6.47406 0
      vertex -30.2519 6.47406 1.05
    endloop
  endfacet
  facet normal -0.121887 0.992544 0
    outer loop
      vertex -24.9408 8.9507 0
      vertex -25.2526 8.91241 7
      vertex -24.9408 8.9507 7
    endloop
  endfacet
  facet normal -0.121887 0.992544 0
    outer loop
      vertex -25.2526 8.91241 7
      vertex -24.9408 8.9507 0
      vertex -25.2526 8.91241 0
    endloop
  endfacet
  facet normal 0.454 0.891002 -0
    outer loop
      vertex 28.2252 7.94653 0
      vertex 27.9453 8.08915 7
      vertex 28.2252 7.94653 7
    endloop
  endfacet
  facet normal 0.454 0.891002 0
    outer loop
      vertex 27.9453 8.08915 7
      vertex 28.2252 7.94653 0
      vertex 27.9453 8.08915 0
    endloop
  endfacet
  facet normal 0.0523349 0.99863 -0
    outer loop
      vertex 24.6278 8.97808 0
      vertex 24.3141 8.99452 7
      vertex 24.6278 8.97808 7
    endloop
  endfacet
  facet normal 0.0523349 0.99863 0
    outer loop
      vertex 24.3141 8.99452 7
      vertex 24.6278 8.97808 0
      vertex 24.3141 8.99452 0
    endloop
  endfacet
  facet normal 0.0872064 -0.99619 0
    outer loop
      vertex 24.6278 -8.97808 0
      vertex 24.753 -8.96712 1.05
      vertex 24.6278 -8.97808 1.05
    endloop
  endfacet
  facet normal 0.0871867 -0.996192 2.36809e-06
    outer loop
      vertex 24.753 -8.96712 1.05
      vertex 24.6278 -8.97808 0
      vertex 24.8155 -8.96165 1.05
    endloop
  endfacet
  facet normal 0.0871433 -0.996196 1.01969e-05
    outer loop
      vertex 24.9408 -8.9507 0
      vertex 24.8155 -8.96165 1.05
      vertex 24.6278 -8.97808 0
    endloop
  endfacet
  facet normal 0.0870585 -0.996203 0
    outer loop
      vertex 24.8155 -8.96165 1.05
      vertex 24.9408 -8.9507 0
      vertex 24.9408 -8.9507 1.05
    endloop
  endfacet
  facet normal 0.0871867 -0.996192 0
    outer loop
      vertex 24.753 -8.96712 1.05
      vertex 24.8155 -8.96165 7
      vertex 24.753 -8.96712 7
    endloop
  endfacet
  facet normal 0.0871867 -0.996192 0
    outer loop
      vertex 24.8155 -8.96165 7
      vertex 24.753 -8.96712 1.05
      vertex 24.8155 -8.96165 1.05
    endloop
  endfacet
  facet normal -0.629381 0.777097 0
    outer loop
      vertex -29.541 7.0921 0
      vertex -29.7851 6.8944 7
      vertex -29.541 7.0921 7
    endloop
  endfacet
  facet normal -0.629381 0.777097 0
    outer loop
      vertex -29.7851 6.8944 7
      vertex -29.541 7.0921 0
      vertex -29.7851 6.8944 0
    endloop
  endfacet
  facet normal -0.573409 -0.819269 0
    outer loop
      vertex -29.2901 -7.28115 0
      vertex -29.1871 -7.35324 1.05
      vertex -29.2901 -7.28115 1.05
    endloop
  endfacet
  facet normal -0.573783 -0.819007 5.46915e-05
    outer loop
      vertex -29.1871 -7.35324 1.05
      vertex -29.2901 -7.28115 0
      vertex -29.1357 -7.38925 1.05
    endloop
  endfacet
  facet normal -0.573484 -0.819217 -1.09241e-05
    outer loop
      vertex -29.0327 -7.46134 0
      vertex -29.1357 -7.38925 1.05
      vertex -29.2901 -7.28115 0
    endloop
  endfacet
  facet normal -0.573409 -0.819269 0
    outer loop
      vertex -29.1357 -7.38925 1.05
      vertex -29.0327 -7.46134 0
      vertex -29.0327 -7.46134 1.05
    endloop
  endfacet
  facet normal -0.573783 -0.819007 0
    outer loop
      vertex -29.1871 -7.35324 1.05
      vertex -29.1357 -7.38925 7
      vertex -29.1871 -7.35324 7
    endloop
  endfacet
  facet normal -0.573783 -0.819007 -0
    outer loop
      vertex -29.1357 -7.38925 7
      vertex -29.1871 -7.35324 1.05
      vertex -29.1357 -7.38925 1.05
    endloop
  endfacet
  facet normal -0.454 0.891002 0
    outer loop
      vertex -27.9453 8.08915 0
      vertex -28.2252 7.94653 7
      vertex -27.9453 8.08915 7
    endloop
  endfacet
  facet normal -0.454 0.891002 0
    outer loop
      vertex -28.2252 7.94653 7
      vertex -27.9453 8.08915 0
      vertex -28.2252 7.94653 0
    endloop
  endfacet
  facet normal -0.484751 0.874652 0
    outer loop
      vertex -28.2252 7.94653 0
      vertex -28.5 7.79423 7
      vertex -28.2252 7.94653 7
    endloop
  endfacet
  facet normal -0.484751 0.874652 0
    outer loop
      vertex -28.5 7.79423 7
      vertex -28.2252 7.94653 0
      vertex -28.5 7.79423 0
    endloop
  endfacet
  facet normal 0.422624 0.906305 -0
    outer loop
      vertex 27.9453 8.08915 0
      vertex 27.6606 8.22191 7
      vertex 27.9453 8.08915 7
    endloop
  endfacet
  facet normal 0.422624 0.906305 0
    outer loop
      vertex 27.6606 8.22191 7
      vertex 27.9453 8.08915 0
      vertex 27.6606 8.22191 0
    endloop
  endfacet
  facet normal 0.966108 -0.258139 0
    outer loop
      vertex 32.7001 -2.2987 7
      vertex 32.6839 -2.35933 7
      vertex 32.7001 -2.2987 1.05
    endloop
  endfacet
  facet normal 0.965785 -0.259346 0
    outer loop
      vertex 32.7001 -2.2987 1.05
      vertex 32.7327 -2.1773 0
      vertex 32.7327 -2.1773 1.05
    endloop
  endfacet
  facet normal 0.966108 -0.258139 0
    outer loop
      vertex 32.6839 -2.35933 1.05
      vertex 32.7001 -2.2987 1.05
      vertex 32.6839 -2.35933 7
    endloop
  endfacet
  facet normal 0.966108 -0.258139 0.000149602
    outer loop
      vertex 32.6839 -2.35933 1.05
      vertex 32.7327 -2.1773 0
      vertex 32.7001 -2.2987 1.05
    endloop
  endfacet
  facet normal 0.965989 -0.258584 0
    outer loop
      vertex 32.6514 -2.48074 0
      vertex 32.6839 -2.35933 1.05
      vertex 32.6514 -2.48074 1.05
    endloop
  endfacet
  facet normal 0.965931 -0.2588 2.67789e-05
    outer loop
      vertex 32.6839 -2.35933 1.05
      vertex 32.6514 -2.48074 0
      vertex 32.7327 -2.1773 0
    endloop
  endfacet
  facet normal 0.573484 0.819217 -0
    outer loop
      vertex 29.2901 7.28115 0
      vertex 29.0327 7.46134 7
      vertex 29.2901 7.28115 7
    endloop
  endfacet
  facet normal 0.573484 0.819217 0
    outer loop
      vertex 29.0327 7.46134 7
      vertex 29.2901 7.28115 0
      vertex 29.0327 7.46134 0
    endloop
  endfacet
  facet normal -0.390797 0.920477 0
    outer loop
      vertex -27.3715 8.34465 0
      vertex -27.6606 8.22191 7
      vertex -27.3715 8.34465 7
    endloop
  endfacet
  facet normal -0.390797 0.920477 0
    outer loop
      vertex -27.6606 8.22191 7
      vertex -27.3715 8.34465 0
      vertex -27.6606 8.22191 0
    endloop
  endfacet
  facet normal 0.819187 0.573526 0
    outer loop
      vertex 31.3532 5.18711 7
      vertex 31.3892 5.13569 7
      vertex 31.3532 5.18711 1.05
    endloop
  endfacet
  facet normal 0.819501 0.573078 0
    outer loop
      vertex 31.3532 5.18711 1.05
      vertex 31.2812 5.29007 0
      vertex 31.2812 5.29007 1.05
    endloop
  endfacet
  facet normal 0.819187 0.573526 -0
    outer loop
      vertex 31.3892 5.13569 1.05
      vertex 31.3532 5.18711 1.05
      vertex 31.3892 5.13569 7
    endloop
  endfacet
  facet normal 0.819187 0.573526 6.55459e-05
    outer loop
      vertex 31.3892 5.13569 1.05
      vertex 31.2812 5.29007 0
      vertex 31.3532 5.18711 1.05
    endloop
  endfacet
  facet normal 0.819101 0.573649 -0
    outer loop
      vertex 31.4613 5.03274 0
      vertex 31.3892 5.13569 1.05
      vertex 31.4613 5.03274 1.05
    endloop
  endfacet
  facet normal 0.819278 0.573396 3.69863e-05
    outer loop
      vertex 31.3892 5.13569 1.05
      vertex 31.4613 5.03274 0
      vertex 31.2812 5.29007 0
    endloop
  endfacet
  facet normal -0.819501 0.573078 0
    outer loop
      vertex -31.2812 5.29007 0
      vertex -31.3532 5.18711 1.05
      vertex -31.2812 5.29007 1.05
    endloop
  endfacet
  facet normal -0.819187 0.573526 0
    outer loop
      vertex -31.3532 5.18711 1.05
      vertex -31.3892 5.13569 1.05
      vertex -31.3532 5.18711 7
    endloop
  endfacet
  facet normal -0.819187 0.573526 6.55459e-05
    outer loop
      vertex -31.2812 5.29007 0
      vertex -31.3892 5.13569 1.05
      vertex -31.3532 5.18711 1.05
    endloop
  endfacet
  facet normal -0.819278 0.573396 3.69863e-05
    outer loop
      vertex -31.4613 5.03274 0
      vertex -31.3892 5.13569 1.05
      vertex -31.2812 5.29007 0
    endloop
  endfacet
  facet normal -0.819101 0.573649 0
    outer loop
      vertex -31.3892 5.13569 1.05
      vertex -31.4613 5.03274 0
      vertex -31.4613 5.03274 1.05
    endloop
  endfacet
  facet normal -0.819187 0.573526 0
    outer loop
      vertex -31.3532 5.18711 7
      vertex -31.3892 5.13569 1.05
      vertex -31.3892 5.13569 7
    endloop
  endfacet
  facet normal -0.156463 0.987684 0
    outer loop
      vertex -25.2526 8.91241 0
      vertex -25.5628 8.86327 7
      vertex -25.2526 8.91241 7
    endloop
  endfacet
  facet normal -0.156463 0.987684 0
    outer loop
      vertex -25.5628 8.86327 7
      vertex -25.2526 8.91241 0
      vertex -25.5628 8.86327 0
    endloop
  endfacet
  facet normal 0.292278 0.956333 -0
    outer loop
      vertex 26.7812 8.55951 0
      vertex 26.4807 8.65135 7
      vertex 26.7812 8.55951 7
    endloop
  endfacet
  facet normal 0.292278 0.956333 0
    outer loop
      vertex 26.4807 8.65135 7
      vertex 26.7812 8.55951 0
      vertex 26.4807 8.65135 0
    endloop
  endfacet
  facet normal -0.656045 0.754722 0
    outer loop
      vertex -29.7851 6.8944 0
      vertex -30.0222 6.6883 7
      vertex -29.7851 6.8944 7
    endloop
  endfacet
  facet normal -0.656045 0.754722 0
    outer loop
      vertex -30.0222 6.6883 7
      vertex -29.7851 6.8944 0
      vertex -30.0222 6.6883 0
    endloop
  endfacet
  facet normal -0.706987 0.707226 0
    outer loop
      vertex -30.2519 6.47406 0
      vertex -30.3408 6.38519 1.05
      vertex -30.2519 6.47406 1.05
    endloop
  endfacet
  facet normal -0.707027 0.707186 0
    outer loop
      vertex -30.3408 6.38519 1.05
      vertex -30.3852 6.3408 1.05
      vertex -30.3408 6.38519 7
    endloop
  endfacet
  facet normal -0.707027 0.707186 -6.71994e-06
    outer loop
      vertex -30.2519 6.47406 0
      vertex -30.3852 6.3408 1.05
      vertex -30.3408 6.38519 1.05
    endloop
  endfacet
  facet normal -0.707011 0.707202 -2.69774e-06
    outer loop
      vertex -30.4741 6.25192 0
      vertex -30.3852 6.3408 1.05
      vertex -30.2519 6.47406 0
    endloop
  endfacet
  facet normal -0.707027 0.707186 0
    outer loop
      vertex -30.3852 6.3408 1.05
      vertex -30.4741 6.25192 0
      vertex -30.4741 6.25192 1.05
    endloop
  endfacet
  facet normal -0.707027 0.707186 0
    outer loop
      vertex -30.3408 6.38519 7
      vertex -30.3852 6.3408 1.05
      vertex -30.3852 6.3408 7
    endloop
  endfacet
  facet normal 0.390797 0.920477 -0
    outer loop
      vertex 27.6606 8.22191 0
      vertex 27.3715 8.34465 7
      vertex 27.6606 8.22191 7
    endloop
  endfacet
  facet normal 0.390797 0.920477 0
    outer loop
      vertex 27.3715 8.34465 7
      vertex 27.6606 8.22191 0
      vertex 27.3715 8.34465 0
    endloop
  endfacet
  facet normal -0.965785 -0.259346 0
    outer loop
      vertex -32.7327 -2.1773 0
      vertex -32.7001 -2.2987 1.05
      vertex -32.7327 -2.1773 1.05
    endloop
  endfacet
  facet normal -0.966108 -0.258139 0
    outer loop
      vertex -32.7001 -2.2987 1.05
      vertex -32.6839 -2.35933 1.05
      vertex -32.7001 -2.2987 7
    endloop
  endfacet
  facet normal -0.966108 -0.258139 0.000149602
    outer loop
      vertex -32.7327 -2.1773 0
      vertex -32.6839 -2.35933 1.05
      vertex -32.7001 -2.2987 1.05
    endloop
  endfacet
  facet normal -0.965931 -0.2588 2.67789e-05
    outer loop
      vertex -32.6514 -2.48074 0
      vertex -32.6839 -2.35933 1.05
      vertex -32.7327 -2.1773 0
    endloop
  endfacet
  facet normal -0.965989 -0.258584 0
    outer loop
      vertex -32.6839 -2.35933 1.05
      vertex -32.6514 -2.48074 0
      vertex -32.6514 -2.48074 1.05
    endloop
  endfacet
  facet normal -0.966108 -0.258139 0
    outer loop
      vertex -32.7001 -2.2987 7
      vertex -32.6839 -2.35933 1.05
      vertex -32.6839 -2.35933 7
    endloop
  endfacet
  facet normal -0.292278 0.956333 0
    outer loop
      vertex -26.4807 8.65135 0
      vertex -26.7812 8.55951 7
      vertex -26.4807 8.65135 7
    endloop
  endfacet
  facet normal -0.292278 0.956333 0
    outer loop
      vertex -26.7812 8.55951 7
      vertex -26.4807 8.65135 0
      vertex -26.7812 8.55951 0
    endloop
  endfacet
  facet normal -0.707027 -0.707186 0
    outer loop
      vertex -30.4741 -6.25192 0
      vertex -30.3852 -6.3408 1.05
      vertex -30.4741 -6.25192 1.05
    endloop
  endfacet
  facet normal -0.706947 -0.707266 0
    outer loop
      vertex -30.3852 -6.3408 1.05
      vertex -30.3408 -6.38518 1.05
      vertex -30.3852 -6.3408 7
    endloop
  endfacet
  facet normal -0.706947 -0.707266 -1.35021e-05
    outer loop
      vertex -30.4741 -6.25192 0
      vertex -30.3408 -6.38518 1.05
      vertex -30.3852 -6.3408 1.05
    endloop
  endfacet
  facet normal -0.707011 -0.707202 2.69774e-06
    outer loop
      vertex -30.2519 -6.47406 0
      vertex -30.3408 -6.38518 1.05
      vertex -30.4741 -6.25192 0
    endloop
  endfacet
  facet normal -0.707027 -0.707186 0
    outer loop
      vertex -30.3408 -6.38518 1.05
      vertex -30.2519 -6.47406 0
      vertex -30.2519 -6.47406 1.05
    endloop
  endfacet
  facet normal -0.706947 -0.707266 0
    outer loop
      vertex -30.3852 -6.3408 7
      vertex -30.3408 -6.38518 1.05
      vertex -30.3408 -6.38518 7
    endloop
  endfacet
  facet normal 0.629381 0.777097 -0
    outer loop
      vertex 29.7851 6.8944 0
      vertex 29.541 7.0921 7
      vertex 29.7851 6.8944 7
    endloop
  endfacet
  facet normal 0.629381 0.777097 0
    outer loop
      vertex 29.541 7.0921 7
      vertex 29.7851 6.8944 0
      vertex 29.541 7.0921 0
    endloop
  endfacet
  facet normal 0.515011 0.857184 -0
    outer loop
      vertex 28.7693 7.63243 0
      vertex 28.5 7.79423 7
      vertex 28.7693 7.63243 7
    endloop
  endfacet
  facet normal 0.515011 0.857184 0
    outer loop
      vertex 28.5 7.79423 7
      vertex 28.7693 7.63243 0
      vertex 28.5 7.79423 0
    endloop
  endfacet
  facet normal 0.54472 0.838618 -0
    outer loop
      vertex 29.0327 7.46134 0
      vertex 28.7693 7.63243 7
      vertex 29.0327 7.46134 7
    endloop
  endfacet
  facet normal 0.54472 0.838618 0
    outer loop
      vertex 28.7693 7.63243 7
      vertex 29.0327 7.46134 0
      vertex 28.7693 7.63243 0
    endloop
  endfacet
  facet normal 0.224955 0.974369 -0
    outer loop
      vertex 26.1773 8.73266 0
      vertex 25.8712 8.80333 7
      vertex 26.1773 8.73266 7
    endloop
  endfacet
  facet normal 0.224955 0.974369 0
    outer loop
      vertex 25.8712 8.80333 7
      vertex 26.1773 8.73266 0
      vertex 25.8712 8.80333 0
    endloop
  endfacet
  facet normal 0.156463 0.987684 -0
    outer loop
      vertex 25.5628 8.86327 0
      vertex 25.2526 8.91241 7
      vertex 25.5628 8.86327 7
    endloop
  endfacet
  facet normal 0.156463 0.987684 0
    outer loop
      vertex 25.2526 8.91241 7
      vertex 25.5628 8.86327 0
      vertex 25.2526 8.91241 0
    endloop
  endfacet
  facet normal 0.121887 0.992544 -0
    outer loop
      vertex 25.2526 8.91241 0
      vertex 24.9408 8.9507 7
      vertex 25.2526 8.91241 7
    endloop
  endfacet
  facet normal 0.121887 0.992544 0
    outer loop
      vertex 24.9408 8.9507 7
      vertex 25.2526 8.91241 0
      vertex 24.9408 8.9507 0
    endloop
  endfacet
  facet normal -0.258861 0.965915 0
    outer loop
      vertex -26.1773 8.73266 0
      vertex -26.4807 8.65135 7
      vertex -26.1773 8.73266 7
    endloop
  endfacet
  facet normal -0.258861 0.965915 0
    outer loop
      vertex -26.4807 8.65135 7
      vertex -26.1773 8.73266 0
      vertex -26.4807 8.65135 0
    endloop
  endfacet
  facet normal -0.996163 -0.0875188 0
    outer loop
      vertex -32.9781 -0.627808 0
      vertex -32.9671 -0.753013 1.05
      vertex -32.9781 -0.627808 1.05
    endloop
  endfacet
  facet normal -0.996292 -0.0860315 0
    outer loop
      vertex -32.9671 -0.753013 1.05
      vertex -32.9617 -0.815548 1.05
      vertex -32.9671 -0.753013 7
    endloop
  endfacet
  facet normal -0.996292 -0.0860315 0.000178709
    outer loop
      vertex -32.9781 -0.627808 0
      vertex -32.9617 -0.815548 1.05
      vertex -32.9671 -0.753013 1.05
    endloop
  endfacet
  facet normal -0.996189 -0.0872208 -3.55577e-05
    outer loop
      vertex -32.9507 -0.940756 0
      vertex -32.9617 -0.815548 1.05
      vertex -32.9781 -0.627808 0
    endloop
  endfacet
  facet normal -0.996163 -0.0875167 0
    outer loop
      vertex -32.9617 -0.815548 1.05
      vertex -32.9507 -0.940756 0
      vertex -32.9507 -0.940756 1.05
    endloop
  endfacet
  facet normal -0.996292 -0.0860315 0
    outer loop
      vertex -32.9671 -0.753013 7
      vertex -32.9617 -0.815548 1.05
      vertex -32.9617 -0.815548 7
    endloop
  endfacet
  facet normal -0.906331 -0.422567 0
    outer loop
      vertex -32.2219 -3.66063 0
      vertex -32.1688 -3.77452 1.05
      vertex -32.2219 -3.66063 1.05
    endloop
  endfacet
  facet normal -0.906594 -0.422005 0
    outer loop
      vertex -32.1688 -3.77452 1.05
      vertex -32.1423 -3.83145 1.05
      vertex -32.1688 -3.77452 7
    endloop
  endfacet
  facet normal -0.906594 -0.422005 7.4285e-05
    outer loop
      vertex -32.2219 -3.66063 0
      vertex -32.1423 -3.83145 1.05
      vertex -32.1688 -3.77452 1.05
    endloop
  endfacet
  facet normal -0.906262 -0.422716 -6.6633e-05
    outer loop
      vertex -32.0891 -3.94534 0
      vertex -32.1423 -3.83145 1.05
      vertex -32.2219 -3.66063 0
    endloop
  endfacet
  facet normal -0.906027 -0.423221 0
    outer loop
      vertex -32.1423 -3.83145 1.05
      vertex -32.0891 -3.94534 0
      vertex -32.0891 -3.94534 1.05
    endloop
  endfacet
  facet normal -0.906594 -0.422005 0
    outer loop
      vertex -32.1688 -3.77452 7
      vertex -32.1423 -3.83145 1.05
      vertex -32.1423 -3.83145 7
    endloop
  endfacet
  facet normal -0.258826 -0.965924 0
    outer loop
      vertex -26.4807 -8.65135 0
      vertex -26.3593 -8.68388 1.05
      vertex -26.4807 -8.65135 1.05
    endloop
  endfacet
  facet normal -0.259002 -0.965877 2.17372e-05
    outer loop
      vertex -26.3593 -8.68388 1.05
      vertex -26.4807 -8.65135 0
      vertex -26.2987 -8.70013 1.05
    endloop
  endfacet
  facet normal -0.258861 -0.965915 -4.34187e-06
    outer loop
      vertex -26.1773 -8.73266 0
      vertex -26.2987 -8.70013 1.05
      vertex -26.4807 -8.65135 0
    endloop
  endfacet
  facet normal -0.258826 -0.965924 0
    outer loop
      vertex -26.2987 -8.70013 1.05
      vertex -26.1773 -8.73266 0
      vertex -26.1773 -8.73266 1.05
    endloop
  endfacet
  facet normal -0.259002 -0.965877 0
    outer loop
      vertex -26.3593 -8.68388 1.05
      vertex -26.2987 -8.70013 7
      vertex -26.3593 -8.68388 7
    endloop
  endfacet
  facet normal -0.259002 -0.965877 -0
    outer loop
      vertex -26.2987 -8.70013 7
      vertex -26.3593 -8.68388 1.05
      vertex -26.2987 -8.70013 1.05
    endloop
  endfacet
  facet normal 0.986563 -0.163381 0
    outer loop
      vertex -24.9734 0.318453 1.05
      vertex -24.9658 0.364345 0
      vertex -24.9658 0.364345 1.05
    endloop
  endfacet
  facet normal 0.986563 -0.163381 0
    outer loop
      vertex -24.9658 0.364345 0
      vertex -24.9734 0.318453 1.05
      vertex -24.9734 0.318453 0
    endloop
  endfacet
  facet normal 0.582377 -0.812919 0
    outer loop
      vertex -24.1702 1.6206 0
      vertex -24.1324 1.64768 1.05
      vertex -24.1702 1.6206 1.05
    endloop
  endfacet
  facet normal 0.582377 -0.812919 0
    outer loop
      vertex -24.1324 1.64768 1.05
      vertex -24.1702 1.6206 0
      vertex -24.1324 1.64768 0
    endloop
  endfacet
  facet normal -0.0980139 0.995185 0
    outer loop
      vertex -22.7968 -1.98859 0
      vertex -22.8431 -1.99315 1.05
      vertex -22.7968 -1.98859 1.05
    endloop
  endfacet
  facet normal -0.0980139 0.995185 0
    outer loop
      vertex -22.8431 -1.99315 1.05
      vertex -22.7968 -1.98859 0
      vertex -22.8431 -1.99315 0
    endloop
  endfacet
  facet normal 0.995098 0.0988928 0
    outer loop
      vertex -24.9886 -0.203152 1.05
      vertex -24.9932 -0.156865 0
      vertex -24.9932 -0.156865 1.05
    endloop
  endfacet
  facet normal 0.995098 0.0988928 0
    outer loop
      vertex -24.9932 -0.156865 0
      vertex -24.9886 -0.203152 1.05
      vertex -24.9886 -0.203152 0
    endloop
  endfacet
  facet normal -0.634877 -0.772613 0
    outer loop
      vertex -21.7375 1.54979 0
      vertex -21.7016 1.52029 1.05
      vertex -21.7375 1.54979 1.05
    endloop
  endfacet
  facet normal -0.634877 -0.772613 -0
    outer loop
      vertex -21.7016 1.52029 1.05
      vertex -21.7375 1.54979 0
      vertex -21.7016 1.52029 0
    endloop
  endfacet
  facet normal 0.773046 -0.63435 0
    outer loop
      vertex -24.5498 1.2625 1.05
      vertex -24.5203 1.29845 0
      vertex -24.5203 1.29845 1.05
    endloop
  endfacet
  facet normal 0.773046 -0.63435 0
    outer loop
      vertex -24.5203 1.29845 0
      vertex -24.5498 1.2625 1.05
      vertex -24.5498 1.2625 0
    endloop
  endfacet
  facet normal -0.582377 0.812919 0
    outer loop
      vertex -21.8298 -1.6206 0
      vertex -21.8676 -1.64768 1.05
      vertex -21.8298 -1.6206 1.05
    endloop
  endfacet
  facet normal -0.582377 0.812919 0
    outer loop
      vertex -21.8676 -1.64768 1.05
      vertex -21.8298 -1.6206 0
      vertex -21.8676 -1.64768 0
    endloop
  endfacet
  facet normal -0.634877 0.772613 0
    outer loop
      vertex -21.7016 -1.52029 0
      vertex -21.7375 -1.54979 1.05
      vertex -21.7016 -1.52029 1.05
    endloop
  endfacet
  facet normal -0.634877 0.772613 0
    outer loop
      vertex -21.7375 -1.54979 1.05
      vertex -21.7016 -1.52029 0
      vertex -21.7375 -1.54979 0
    endloop
  endfacet
  facet normal -0.995098 -0.098897 0
    outer loop
      vertex -21.0068 0.156867 0
      vertex -21.0114 0.203152 1.05
      vertex -21.0114 0.203152 0
    endloop
  endfacet
  facet normal -0.995098 -0.098897 0
    outer loop
      vertex -21.0114 0.203152 1.05
      vertex -21.0068 0.156867 0
      vertex -21.0068 0.156867 1.05
    endloop
  endfacet
  facet normal -0.413316 -0.910588 0
    outer loop
      vertex -22.1816 1.82375 0
      vertex -22.1393 1.80455 1.05
      vertex -22.1816 1.82375 1.05
    endloop
  endfacet
  facet normal -0.413316 -0.910588 -0
    outer loop
      vertex -22.1393 1.80455 1.05
      vertex -22.1816 1.82375 0
      vertex -22.1393 1.80455 0
    endloop
  endfacet
  facet normal 0.812642 0.582763 0
    outer loop
      vertex -24.6206 -1.17022 1.05
      vertex -24.6477 -1.13243 0
      vertex -24.6477 -1.13243 1.05
    endloop
  endfacet
  facet normal 0.812642 0.582763 0
    outer loop
      vertex -24.6477 -1.13243 0
      vertex -24.6206 -1.17022 1.05
      vertex -24.6206 -1.17022 0
    endloop
  endfacet
  facet normal -0.773046 -0.63435 0
    outer loop
      vertex -21.4502 1.2625 0
      vertex -21.4797 1.29845 1.05
      vertex -21.4797 1.29845 0
    endloop
  endfacet
  facet normal -0.773046 -0.63435 0
    outer loop
      vertex -21.4797 1.29845 1.05
      vertex -21.4502 1.2625 0
      vertex -21.4502 1.2625 1.05
    endloop
  endfacet
  facet normal 0.634877 -0.772613 0
    outer loop
      vertex -24.2984 1.52029 0
      vertex -24.2625 1.54979 1.05
      vertex -24.2984 1.52029 1.05
    endloop
  endfacet
  facet normal 0.634877 -0.772613 0
    outer loop
      vertex -24.2625 1.54979 1.05
      vertex -24.2984 1.52029 0
      vertex -24.2625 1.54979 0
    endloop
  endfacet
  facet normal 0.0980139 0.995185 -0
    outer loop
      vertex -23.1569 -1.99315 0
      vertex -23.2032 -1.98859 1.05
      vertex -23.1569 -1.99315 1.05
    endloop
  endfacet
  facet normal 0.0980139 0.995185 0
    outer loop
      vertex -23.2032 -1.98859 1.05
      vertex -23.1569 -1.99315 0
      vertex -23.2032 -1.98859 0
    endloop
  endfacet
  facet normal -0.0980139 -0.995185 0
    outer loop
      vertex -22.8431 1.99315 0
      vertex -22.7968 1.98859 1.05
      vertex -22.8431 1.99315 1.05
    endloop
  endfacet
  facet normal -0.0980139 -0.995185 -0
    outer loop
      vertex -22.7968 1.98859 1.05
      vertex -22.8431 1.99315 0
      vertex -22.7968 1.98859 0
    endloop
  endfacet
  facet normal -0.995098 0.098897 0
    outer loop
      vertex -21.0114 -0.203152 0
      vertex -21.0068 -0.156867 1.05
      vertex -21.0068 -0.156867 0
    endloop
  endfacet
  facet normal -0.995098 0.098897 0
    outer loop
      vertex -21.0068 -0.156867 1.05
      vertex -21.0114 -0.203152 0
      vertex -21.0114 -0.203152 1.05
    endloop
  endfacet
  facet normal 0.163071 0.986614 -0
    outer loop
      vertex -23.3185 -1.97341 0
      vertex -23.3643 -1.96584 1.05
      vertex -23.3185 -1.97341 1.05
    endloop
  endfacet
  facet normal 0.163071 0.986614 0
    outer loop
      vertex -23.3643 -1.96584 1.05
      vertex -23.3185 -1.97341 0
      vertex -23.3643 -1.96584 0
    endloop
  endfacet
  facet normal 0.352585 0.93578 -0
    outer loop
      vertex -23.6674 -1.88464 0
      vertex -23.7109 -1.86825 1.05
      vertex -23.6674 -1.88464 1.05
    endloop
  endfacet
  facet normal 0.352585 0.93578 0
    outer loop
      vertex -23.7109 -1.86825 1.05
      vertex -23.6674 -1.88464 0
      vertex -23.7109 -1.86825 0
    endloop
  endfacet
  facet normal -0.582377 -0.812919 0
    outer loop
      vertex -21.8676 1.64768 0
      vertex -21.8298 1.6206 1.05
      vertex -21.8676 1.64768 1.05
    endloop
  endfacet
  facet normal -0.582377 -0.812919 -0
    outer loop
      vertex -21.8298 1.6206 1.05
      vertex -21.8676 1.64768 0
      vertex -21.8298 1.6206 0
    endloop
  endfacet
  facet normal 0.773046 0.63435 0
    outer loop
      vertex -24.5203 -1.29845 1.05
      vertex -24.5498 -1.2625 0
      vertex -24.5498 -1.2625 1.05
    endloop
  endfacet
  facet normal 0.773046 0.63435 0
    outer loop
      vertex -24.5498 -1.2625 0
      vertex -24.5203 -1.29845 1.05
      vertex -24.5203 -1.29845 0
    endloop
  endfacet
  facet normal -0.812642 0.582763 0
    outer loop
      vertex -21.3794 -1.17022 0
      vertex -21.3523 -1.13243 1.05
      vertex -21.3523 -1.13243 0
    endloop
  endfacet
  facet normal -0.812642 0.582763 0
    outer loop
      vertex -21.3523 -1.13243 1.05
      vertex -21.3794 -1.17022 0
      vertex -21.3794 -1.17022 1.05
    endloop
  endfacet
  facet normal 0.0980139 -0.995185 0
    outer loop
      vertex -23.2032 1.98859 0
      vertex -23.1569 1.99315 1.05
      vertex -23.2032 1.98859 1.05
    endloop
  endfacet
  facet normal 0.0980139 -0.995185 0
    outer loop
      vertex -23.1569 1.99315 1.05
      vertex -23.2032 1.98859 0
      vertex -23.1569 1.99315 0
    endloop
  endfacet
  facet normal 0.412508 0.910954 -0
    outer loop
      vertex -23.8183 -1.82375 0
      vertex -23.8607 -1.80455 1.05
      vertex -23.8183 -1.82375 1.05
    endloop
  endfacet
  facet normal 0.412508 0.910954 0
    outer loop
      vertex -23.8607 -1.80455 1.05
      vertex -23.8183 -1.82375 0
      vertex -23.8607 -1.80455 0
    endloop
  endfacet
  facet normal -0.812642 -0.582763 0
    outer loop
      vertex -21.3523 1.13243 0
      vertex -21.3794 1.17022 1.05
      vertex -21.3794 1.17022 0
    endloop
  endfacet
  facet normal -0.812642 -0.582763 0
    outer loop
      vertex -21.3794 1.17022 1.05
      vertex -21.3523 1.13243 0
      vertex -21.3523 1.13243 1.05
    endloop
  endfacet
  facet normal 0.163071 -0.986614 0
    outer loop
      vertex -23.3643 1.96584 0
      vertex -23.3185 1.97341 1.05
      vertex -23.3643 1.96584 1.05
    endloop
  endfacet
  facet normal 0.163071 -0.986614 0
    outer loop
      vertex -23.3185 1.97341 1.05
      vertex -23.3643 1.96584 0
      vertex -23.3185 1.97341 0
    endloop
  endfacet
  facet normal 0.352585 -0.93578 0
    outer loop
      vertex -23.7109 1.86825 0
      vertex -23.6674 1.88464 1.05
      vertex -23.7109 1.86825 1.05
    endloop
  endfacet
  facet normal 0.352585 -0.93578 0
    outer loop
      vertex -23.6674 1.88464 1.05
      vertex -23.7109 1.86825 0
      vertex -23.6674 1.88464 0
    endloop
  endfacet
  facet normal 0.995098 -0.0988928 0
    outer loop
      vertex -24.9932 0.156865 1.05
      vertex -24.9886 0.203152 0
      vertex -24.9886 0.203152 1.05
    endloop
  endfacet
  facet normal 0.995098 -0.0988928 0
    outer loop
      vertex -24.9886 0.203152 0
      vertex -24.9932 0.156865 1.05
      vertex -24.9932 0.156865 0
    endloop
  endfacet
  facet normal 0.910866 0.412701 0
    outer loop
      vertex -24.8046 -0.860726 1.05
      vertex -24.8238 -0.81835 0
      vertex -24.8238 -0.81835 1.05
    endloop
  endfacet
  facet normal 0.910866 0.412701 0
    outer loop
      vertex -24.8238 -0.81835 0
      vertex -24.8046 -0.860726 1.05
      vertex -24.8046 -0.860726 0
    endloop
  endfacet
  facet normal -0.986563 -0.163381 0
    outer loop
      vertex -21.0266 0.318453 0
      vertex -21.0342 0.364345 1.05
      vertex -21.0342 0.364345 0
    endloop
  endfacet
  facet normal -0.986563 -0.163381 0
    outer loop
      vertex -21.0342 0.364345 1.05
      vertex -21.0266 0.318453 0
      vertex -21.0266 0.318453 1.05
    endloop
  endfacet
  facet normal 0.935824 0.352468 0
    outer loop
      vertex -24.8682 -0.710927 1.05
      vertex -24.8846 -0.667384 0
      vertex -24.8846 -0.667384 1.05
    endloop
  endfacet
  facet normal 0.935824 0.352468 0
    outer loop
      vertex -24.8846 -0.667384 0
      vertex -24.8682 -0.710927 1.05
      vertex -24.8682 -0.710927 0
    endloop
  endfacet
  facet normal -0.910866 -0.412701 0
    outer loop
      vertex -21.1762 0.81835 0
      vertex -21.1954 0.860726 1.05
      vertex -21.1954 0.860726 0
    endloop
  endfacet
  facet normal -0.910866 -0.412701 0
    outer loop
      vertex -21.1954 0.860726 1.05
      vertex -21.1762 0.81835 0
      vertex -21.1762 0.81835 1.05
    endloop
  endfacet
  facet normal 0.986563 0.163381 0
    outer loop
      vertex -24.9658 -0.364345 1.05
      vertex -24.9734 -0.318453 0
      vertex -24.9734 -0.318453 1.05
    endloop
  endfacet
  facet normal 0.986563 0.163381 0
    outer loop
      vertex -24.9734 -0.318453 0
      vertex -24.9658 -0.364345 1.05
      vertex -24.9658 -0.364345 0
    endloop
  endfacet
  facet normal 0.935824 -0.352468 0
    outer loop
      vertex -24.8846 0.667384 1.05
      vertex -24.8682 0.710927 0
      vertex -24.8682 0.710927 1.05
    endloop
  endfacet
  facet normal 0.935824 -0.352468 0
    outer loop
      vertex -24.8682 0.710927 0
      vertex -24.8846 0.667384 1.05
      vertex -24.8846 0.667384 0
    endloop
  endfacet
  facet normal -0.413316 0.910588 0
    outer loop
      vertex -22.1393 -1.80455 0
      vertex -22.1816 -1.82375 1.05
      vertex -22.1393 -1.80455 1.05
    endloop
  endfacet
  facet normal -0.413316 0.910588 0
    outer loop
      vertex -22.1816 -1.82375 1.05
      vertex -22.1393 -1.80455 0
      vertex -22.1816 -1.82375 0
    endloop
  endfacet
  facet normal 0.412508 -0.910954 0
    outer loop
      vertex -23.8607 1.80455 0
      vertex -23.8183 1.82375 1.05
      vertex -23.8607 1.80455 1.05
    endloop
  endfacet
  facet normal 0.412508 -0.910954 0
    outer loop
      vertex -23.8183 1.82375 1.05
      vertex -23.8607 1.80455 0
      vertex -23.8183 1.82375 0
    endloop
  endfacet
  facet normal -0.163071 -0.986614 0
    outer loop
      vertex -22.6815 1.97341 0
      vertex -22.6357 1.96584 1.05
      vertex -22.6815 1.97341 1.05
    endloop
  endfacet
  facet normal -0.163071 -0.986614 -0
    outer loop
      vertex -22.6357 1.96584 1.05
      vertex -22.6815 1.97341 0
      vertex -22.6357 1.96584 0
    endloop
  endfacet
  facet normal -0.352585 -0.93578 0
    outer loop
      vertex -22.3326 1.88464 0
      vertex -22.2891 1.86825 1.05
      vertex -22.3326 1.88464 1.05
    endloop
  endfacet
  facet normal -0.352585 -0.93578 -0
    outer loop
      vertex -22.2891 1.86825 1.05
      vertex -22.3326 1.88464 0
      vertex -22.2891 1.86825 0
    endloop
  endfacet
  facet normal -0.773046 0.63435 0
    outer loop
      vertex -21.4797 -1.29845 0
      vertex -21.4502 -1.2625 1.05
      vertex -21.4502 -1.2625 0
    endloop
  endfacet
  facet normal -0.773046 0.63435 0
    outer loop
      vertex -21.4502 -1.2625 1.05
      vertex -21.4797 -1.29845 0
      vertex -21.4797 -1.29845 1.05
    endloop
  endfacet
  facet normal 0.910866 -0.412701 0
    outer loop
      vertex -24.8238 0.81835 1.05
      vertex -24.8046 0.860726 0
      vertex -24.8046 0.860726 1.05
    endloop
  endfacet
  facet normal 0.910866 -0.412701 0
    outer loop
      vertex -24.8046 0.860726 0
      vertex -24.8238 0.81835 1.05
      vertex -24.8238 0.81835 0
    endloop
  endfacet
  facet normal -0.163071 0.986614 0
    outer loop
      vertex -22.6357 -1.96584 0
      vertex -22.6815 -1.97341 1.05
      vertex -22.6357 -1.96584 1.05
    endloop
  endfacet
  facet normal -0.163071 0.986614 0
    outer loop
      vertex -22.6815 -1.97341 1.05
      vertex -22.6357 -1.96584 0
      vertex -22.6815 -1.97341 0
    endloop
  endfacet
  facet normal -0.935824 -0.352468 0
    outer loop
      vertex -21.1154 0.667384 0
      vertex -21.1318 0.710927 1.05
      vertex -21.1318 0.710927 0
    endloop
  endfacet
  facet normal -0.935824 -0.352468 0
    outer loop
      vertex -21.1318 0.710927 1.05
      vertex -21.1154 0.667384 0
      vertex -21.1154 0.667384 1.05
    endloop
  endfacet
  facet normal 0.582377 0.812919 -0
    outer loop
      vertex -24.1324 -1.64768 0
      vertex -24.1702 -1.6206 1.05
      vertex -24.1324 -1.64768 1.05
    endloop
  endfacet
  facet normal 0.582377 0.812919 0
    outer loop
      vertex -24.1702 -1.6206 1.05
      vertex -24.1324 -1.64768 0
      vertex -24.1702 -1.6206 0
    endloop
  endfacet
  facet normal -0.986563 0.163381 0
    outer loop
      vertex -21.0342 -0.364345 0
      vertex -21.0266 -0.318453 1.05
      vertex -21.0266 -0.318453 0
    endloop
  endfacet
  facet normal -0.986563 0.163381 0
    outer loop
      vertex -21.0266 -0.318453 1.05
      vertex -21.0342 -0.364345 0
      vertex -21.0342 -0.364345 1.05
    endloop
  endfacet
  facet normal -0.910866 0.412701 0
    outer loop
      vertex -21.1954 -0.860726 0
      vertex -21.1762 -0.81835 1.05
      vertex -21.1762 -0.81835 0
    endloop
  endfacet
  facet normal -0.910866 0.412701 0
    outer loop
      vertex -21.1762 -0.81835 1.05
      vertex -21.1954 -0.860726 0
      vertex -21.1954 -0.860726 1.05
    endloop
  endfacet
  facet normal -0.935824 0.352468 0
    outer loop
      vertex -21.1318 -0.710927 0
      vertex -21.1154 -0.667384 1.05
      vertex -21.1154 -0.667384 0
    endloop
  endfacet
  facet normal -0.935824 0.352468 0
    outer loop
      vertex -21.1154 -0.667384 1.05
      vertex -21.1318 -0.710927 0
      vertex -21.1318 -0.710927 1.05
    endloop
  endfacet
  facet normal 0.634877 0.772613 -0
    outer loop
      vertex -24.2625 -1.54979 0
      vertex -24.2984 -1.52029 1.05
      vertex -24.2625 -1.54979 1.05
    endloop
  endfacet
  facet normal 0.634877 0.772613 0
    outer loop
      vertex -24.2984 -1.52029 1.05
      vertex -24.2625 -1.54979 0
      vertex -24.2984 -1.52029 0
    endloop
  endfacet
  facet normal 0.812642 -0.582763 0
    outer loop
      vertex -24.6477 1.13243 1.05
      vertex -24.6206 1.17022 0
      vertex -24.6206 1.17022 1.05
    endloop
  endfacet
  facet normal 0.812642 -0.582763 0
    outer loop
      vertex -24.6206 1.17022 0
      vertex -24.6477 1.13243 1.05
      vertex -24.6477 1.13243 0
    endloop
  endfacet
  facet normal -0.352585 0.93578 0
    outer loop
      vertex -22.2891 -1.86825 0
      vertex -22.3326 -1.88464 1.05
      vertex -22.2891 -1.86825 1.05
    endloop
  endfacet
  facet normal -0.352585 0.93578 0
    outer loop
      vertex -22.3326 -1.88464 1.05
      vertex -22.2891 -1.86825 0
      vertex -22.3326 -1.88464 0
    endloop
  endfacet
  facet normal 0.413316 0.910588 -0
    outer loop
      vertex 22.1816 -1.82375 0
      vertex 22.1393 -1.80455 1.05
      vertex 22.1816 -1.82375 1.05
    endloop
  endfacet
  facet normal 0.413316 0.910588 0
    outer loop
      vertex 22.1393 -1.80455 1.05
      vertex 22.1816 -1.82375 0
      vertex 22.1393 -1.80455 0
    endloop
  endfacet
  facet normal -0.352585 -0.93578 0
    outer loop
      vertex 23.6674 1.88464 0
      vertex 23.7109 1.86825 1.05
      vertex 23.6674 1.88464 1.05
    endloop
  endfacet
  facet normal -0.352585 -0.93578 -0
    outer loop
      vertex 23.7109 1.86825 1.05
      vertex 23.6674 1.88464 0
      vertex 23.7109 1.86825 0
    endloop
  endfacet
  facet normal -0.995098 -0.0988928 0
    outer loop
      vertex 24.9932 0.156865 0
      vertex 24.9886 0.203152 1.05
      vertex 24.9886 0.203152 0
    endloop
  endfacet
  facet normal -0.995098 -0.0988928 0
    outer loop
      vertex 24.9886 0.203152 1.05
      vertex 24.9932 0.156865 0
      vertex 24.9932 0.156865 1.05
    endloop
  endfacet
  facet normal 0.413316 -0.910588 0
    outer loop
      vertex 22.1393 1.80455 0
      vertex 22.1816 1.82375 1.05
      vertex 22.1393 1.80455 1.05
    endloop
  endfacet
  facet normal 0.413316 -0.910588 0
    outer loop
      vertex 22.1816 1.82375 1.05
      vertex 22.1393 1.80455 0
      vertex 22.1816 1.82375 0
    endloop
  endfacet
  facet normal -0.935824 -0.352468 0
    outer loop
      vertex 24.8846 0.667384 0
      vertex 24.8682 0.710927 1.05
      vertex 24.8682 0.710927 0
    endloop
  endfacet
  facet normal -0.935824 -0.352468 0
    outer loop
      vertex 24.8682 0.710927 1.05
      vertex 24.8846 0.667384 0
      vertex 24.8846 0.667384 1.05
    endloop
  endfacet
  facet normal -0.812642 0.582763 0
    outer loop
      vertex 24.6206 -1.17022 0
      vertex 24.6477 -1.13243 1.05
      vertex 24.6477 -1.13243 0
    endloop
  endfacet
  facet normal -0.812642 0.582763 0
    outer loop
      vertex 24.6477 -1.13243 1.05
      vertex 24.6206 -1.17022 0
      vertex 24.6206 -1.17022 1.05
    endloop
  endfacet
  facet normal 0.812642 0.582763 0
    outer loop
      vertex 21.3794 -1.17022 1.05
      vertex 21.3523 -1.13243 0
      vertex 21.3523 -1.13243 1.05
    endloop
  endfacet
  facet normal 0.812642 0.582763 0
    outer loop
      vertex 21.3523 -1.13243 0
      vertex 21.3794 -1.17022 1.05
      vertex 21.3794 -1.17022 0
    endloop
  endfacet
  facet normal -0.995098 0.0988928 0
    outer loop
      vertex 24.9886 -0.203152 0
      vertex 24.9932 -0.156865 1.05
      vertex 24.9932 -0.156865 0
    endloop
  endfacet
  facet normal -0.995098 0.0988928 0
    outer loop
      vertex 24.9932 -0.156865 1.05
      vertex 24.9886 -0.203152 0
      vertex 24.9886 -0.203152 1.05
    endloop
  endfacet
  facet normal -0.163071 -0.986614 0
    outer loop
      vertex 23.3185 1.97341 0
      vertex 23.3643 1.96584 1.05
      vertex 23.3185 1.97341 1.05
    endloop
  endfacet
  facet normal -0.163071 -0.986614 -0
    outer loop
      vertex 23.3643 1.96584 1.05
      vertex 23.3185 1.97341 0
      vertex 23.3643 1.96584 0
    endloop
  endfacet
  facet normal -0.935824 0.352468 0
    outer loop
      vertex 24.8682 -0.710927 0
      vertex 24.8846 -0.667384 1.05
      vertex 24.8846 -0.667384 0
    endloop
  endfacet
  facet normal -0.935824 0.352468 0
    outer loop
      vertex 24.8846 -0.667384 1.05
      vertex 24.8682 -0.710927 0
      vertex 24.8682 -0.710927 1.05
    endloop
  endfacet
  facet normal 0.0980139 -0.995185 0
    outer loop
      vertex 22.7968 1.98859 0
      vertex 22.8431 1.99315 1.05
      vertex 22.7968 1.98859 1.05
    endloop
  endfacet
  facet normal 0.0980139 -0.995185 0
    outer loop
      vertex 22.8431 1.99315 1.05
      vertex 22.7968 1.98859 0
      vertex 22.8431 1.99315 0
    endloop
  endfacet
  facet normal 0.910866 0.412701 0
    outer loop
      vertex 21.1954 -0.860726 1.05
      vertex 21.1762 -0.81835 0
      vertex 21.1762 -0.81835 1.05
    endloop
  endfacet
  facet normal 0.910866 0.412701 0
    outer loop
      vertex 21.1762 -0.81835 0
      vertex 21.1954 -0.860726 1.05
      vertex 21.1954 -0.860726 0
    endloop
  endfacet
  facet normal -0.412508 -0.910954 0
    outer loop
      vertex 23.8183 1.82375 0
      vertex 23.8607 1.80455 1.05
      vertex 23.8183 1.82375 1.05
    endloop
  endfacet
  facet normal -0.412508 -0.910954 -0
    outer loop
      vertex 23.8607 1.80455 1.05
      vertex 23.8183 1.82375 0
      vertex 23.8607 1.80455 0
    endloop
  endfacet
  facet normal 0.582377 -0.812919 0
    outer loop
      vertex 21.8298 1.6206 0
      vertex 21.8676 1.64768 1.05
      vertex 21.8298 1.6206 1.05
    endloop
  endfacet
  facet normal 0.582377 -0.812919 0
    outer loop
      vertex 21.8676 1.64768 1.05
      vertex 21.8298 1.6206 0
      vertex 21.8676 1.64768 0
    endloop
  endfacet
  facet normal 0.935824 0.352468 0
    outer loop
      vertex 21.1318 -0.710927 1.05
      vertex 21.1154 -0.667384 0
      vertex 21.1154 -0.667384 1.05
    endloop
  endfacet
  facet normal 0.935824 0.352468 0
    outer loop
      vertex 21.1154 -0.667384 0
      vertex 21.1318 -0.710927 1.05
      vertex 21.1318 -0.710927 0
    endloop
  endfacet
  facet normal 0.773046 -0.63435 0
    outer loop
      vertex 21.4502 1.2625 1.05
      vertex 21.4797 1.29845 0
      vertex 21.4797 1.29845 1.05
    endloop
  endfacet
  facet normal 0.773046 -0.63435 0
    outer loop
      vertex 21.4797 1.29845 0
      vertex 21.4502 1.2625 1.05
      vertex 21.4502 1.2625 0
    endloop
  endfacet
  facet normal 0.582377 0.812919 -0
    outer loop
      vertex 21.8676 -1.64768 0
      vertex 21.8298 -1.6206 1.05
      vertex 21.8676 -1.64768 1.05
    endloop
  endfacet
  facet normal 0.582377 0.812919 0
    outer loop
      vertex 21.8298 -1.6206 1.05
      vertex 21.8676 -1.64768 0
      vertex 21.8298 -1.6206 0
    endloop
  endfacet
  facet normal -0.163071 0.986614 0
    outer loop
      vertex 23.3643 -1.96584 0
      vertex 23.3185 -1.97341 1.05
      vertex 23.3643 -1.96584 1.05
    endloop
  endfacet
  facet normal -0.163071 0.986614 0
    outer loop
      vertex 23.3185 -1.97341 1.05
      vertex 23.3643 -1.96584 0
      vertex 23.3185 -1.97341 0
    endloop
  endfacet
  facet normal -0.634877 0.772613 0
    outer loop
      vertex 24.2984 -1.52029 0
      vertex 24.2625 -1.54979 1.05
      vertex 24.2984 -1.52029 1.05
    endloop
  endfacet
  facet normal -0.634877 0.772613 0
    outer loop
      vertex 24.2625 -1.54979 1.05
      vertex 24.2984 -1.52029 0
      vertex 24.2625 -1.54979 0
    endloop
  endfacet
  facet normal -0.773046 -0.63435 0
    outer loop
      vertex 24.5498 1.2625 0
      vertex 24.5203 1.29845 1.05
      vertex 24.5203 1.29845 0
    endloop
  endfacet
  facet normal -0.773046 -0.63435 0
    outer loop
      vertex 24.5203 1.29845 1.05
      vertex 24.5498 1.2625 0
      vertex 24.5498 1.2625 1.05
    endloop
  endfacet
  facet normal -0.773046 0.63435 0
    outer loop
      vertex 24.5203 -1.29845 0
      vertex 24.5498 -1.2625 1.05
      vertex 24.5498 -1.2625 0
    endloop
  endfacet
  facet normal -0.773046 0.63435 0
    outer loop
      vertex 24.5498 -1.2625 1.05
      vertex 24.5203 -1.29845 0
      vertex 24.5203 -1.29845 1.05
    endloop
  endfacet
  facet normal -0.812642 -0.582763 0
    outer loop
      vertex 24.6477 1.13243 0
      vertex 24.6206 1.17022 1.05
      vertex 24.6206 1.17022 0
    endloop
  endfacet
  facet normal -0.812642 -0.582763 0
    outer loop
      vertex 24.6206 1.17022 1.05
      vertex 24.6477 1.13243 0
      vertex 24.6477 1.13243 1.05
    endloop
  endfacet
  facet normal 0.352585 -0.93578 0
    outer loop
      vertex 22.2891 1.86825 0
      vertex 22.3326 1.88464 1.05
      vertex 22.2891 1.86825 1.05
    endloop
  endfacet
  facet normal 0.352585 -0.93578 0
    outer loop
      vertex 22.3326 1.88464 1.05
      vertex 22.2891 1.86825 0
      vertex 22.3326 1.88464 0
    endloop
  endfacet
  facet normal 0.634877 -0.772613 0
    outer loop
      vertex 21.7016 1.52029 0
      vertex 21.7375 1.54979 1.05
      vertex 21.7016 1.52029 1.05
    endloop
  endfacet
  facet normal 0.634877 -0.772613 0
    outer loop
      vertex 21.7375 1.54979 1.05
      vertex 21.7016 1.52029 0
      vertex 21.7375 1.54979 0
    endloop
  endfacet
  facet normal -0.910866 -0.412701 0
    outer loop
      vertex 24.8238 0.81835 0
      vertex 24.8046 0.860726 1.05
      vertex 24.8046 0.860726 0
    endloop
  endfacet
  facet normal -0.910866 -0.412701 0
    outer loop
      vertex 24.8046 0.860726 1.05
      vertex 24.8238 0.81835 0
      vertex 24.8238 0.81835 1.05
    endloop
  endfacet
  facet normal 0.773046 0.63435 0
    outer loop
      vertex 21.4797 -1.29845 1.05
      vertex 21.4502 -1.2625 0
      vertex 21.4502 -1.2625 1.05
    endloop
  endfacet
  facet normal 0.773046 0.63435 0
    outer loop
      vertex 21.4502 -1.2625 0
      vertex 21.4797 -1.29845 1.05
      vertex 21.4797 -1.29845 0
    endloop
  endfacet
  facet normal -0.634877 -0.772613 0
    outer loop
      vertex 24.2625 1.54979 0
      vertex 24.2984 1.52029 1.05
      vertex 24.2625 1.54979 1.05
    endloop
  endfacet
  facet normal -0.634877 -0.772613 -0
    outer loop
      vertex 24.2984 1.52029 1.05
      vertex 24.2625 1.54979 0
      vertex 24.2984 1.52029 0
    endloop
  endfacet
  facet normal -0.986563 0.163381 0
    outer loop
      vertex 24.9658 -0.364345 0
      vertex 24.9734 -0.318453 1.05
      vertex 24.9734 -0.318453 0
    endloop
  endfacet
  facet normal -0.986563 0.163381 0
    outer loop
      vertex 24.9734 -0.318453 1.05
      vertex 24.9658 -0.364345 0
      vertex 24.9658 -0.364345 1.05
    endloop
  endfacet
  facet normal -0.986563 -0.163381 0
    outer loop
      vertex 24.9734 0.318453 0
      vertex 24.9658 0.364345 1.05
      vertex 24.9658 0.364345 0
    endloop
  endfacet
  facet normal -0.986563 -0.163381 0
    outer loop
      vertex 24.9658 0.364345 1.05
      vertex 24.9734 0.318453 0
      vertex 24.9734 0.318453 1.05
    endloop
  endfacet
  facet normal 0.986563 0.163381 0
    outer loop
      vertex 21.0342 -0.364345 1.05
      vertex 21.0266 -0.318453 0
      vertex 21.0266 -0.318453 1.05
    endloop
  endfacet
  facet normal 0.986563 0.163381 0
    outer loop
      vertex 21.0266 -0.318453 0
      vertex 21.0342 -0.364345 1.05
      vertex 21.0342 -0.364345 0
    endloop
  endfacet
  facet normal -0.0980139 0.995185 0
    outer loop
      vertex 23.2032 -1.98859 0
      vertex 23.1569 -1.99315 1.05
      vertex 23.2032 -1.98859 1.05
    endloop
  endfacet
  facet normal -0.0980139 0.995185 0
    outer loop
      vertex 23.1569 -1.99315 1.05
      vertex 23.2032 -1.98859 0
      vertex 23.1569 -1.99315 0
    endloop
  endfacet
  facet normal 0.352585 0.93578 -0
    outer loop
      vertex 22.3326 -1.88464 0
      vertex 22.2891 -1.86825 1.05
      vertex 22.3326 -1.88464 1.05
    endloop
  endfacet
  facet normal 0.352585 0.93578 0
    outer loop
      vertex 22.2891 -1.86825 1.05
      vertex 22.3326 -1.88464 0
      vertex 22.2891 -1.86825 0
    endloop
  endfacet
  facet normal -0.352585 0.93578 0
    outer loop
      vertex 23.7109 -1.86825 0
      vertex 23.6674 -1.88464 1.05
      vertex 23.7109 -1.86825 1.05
    endloop
  endfacet
  facet normal -0.352585 0.93578 0
    outer loop
      vertex 23.6674 -1.88464 1.05
      vertex 23.7109 -1.86825 0
      vertex 23.6674 -1.88464 0
    endloop
  endfacet
  facet normal -0.412508 0.910954 0
    outer loop
      vertex 23.8607 -1.80455 0
      vertex 23.8183 -1.82375 1.05
      vertex 23.8607 -1.80455 1.05
    endloop
  endfacet
  facet normal -0.412508 0.910954 0
    outer loop
      vertex 23.8183 -1.82375 1.05
      vertex 23.8607 -1.80455 0
      vertex 23.8183 -1.82375 0
    endloop
  endfacet
  facet normal 0.0980139 0.995185 -0
    outer loop
      vertex 22.8431 -1.99315 0
      vertex 22.7968 -1.98859 1.05
      vertex 22.8431 -1.99315 1.05
    endloop
  endfacet
  facet normal 0.0980139 0.995185 0
    outer loop
      vertex 22.7968 -1.98859 1.05
      vertex 22.8431 -1.99315 0
      vertex 22.7968 -1.98859 0
    endloop
  endfacet
  facet normal 0.995098 0.098897 0
    outer loop
      vertex 21.0114 -0.203152 1.05
      vertex 21.0068 -0.156867 0
      vertex 21.0068 -0.156867 1.05
    endloop
  endfacet
  facet normal 0.995098 0.098897 0
    outer loop
      vertex 21.0068 -0.156867 0
      vertex 21.0114 -0.203152 1.05
      vertex 21.0114 -0.203152 0
    endloop
  endfacet
  facet normal -0.582377 -0.812919 0
    outer loop
      vertex 24.1324 1.64768 0
      vertex 24.1702 1.6206 1.05
      vertex 24.1324 1.64768 1.05
    endloop
  endfacet
  facet normal -0.582377 -0.812919 -0
    outer loop
      vertex 24.1702 1.6206 1.05
      vertex 24.1324 1.64768 0
      vertex 24.1702 1.6206 0
    endloop
  endfacet
  facet normal 0.163071 -0.986614 0
    outer loop
      vertex 22.6357 1.96584 0
      vertex 22.6815 1.97341 1.05
      vertex 22.6357 1.96584 1.05
    endloop
  endfacet
  facet normal 0.163071 -0.986614 0
    outer loop
      vertex 22.6815 1.97341 1.05
      vertex 22.6357 1.96584 0
      vertex 22.6815 1.97341 0
    endloop
  endfacet
  facet normal 0.910866 -0.412701 0
    outer loop
      vertex 21.1762 0.81835 1.05
      vertex 21.1954 0.860726 0
      vertex 21.1954 0.860726 1.05
    endloop
  endfacet
  facet normal 0.910866 -0.412701 0
    outer loop
      vertex 21.1954 0.860726 0
      vertex 21.1762 0.81835 1.05
      vertex 21.1762 0.81835 0
    endloop
  endfacet
  facet normal 0.995098 -0.098897 0
    outer loop
      vertex 21.0068 0.156867 1.05
      vertex 21.0114 0.203152 0
      vertex 21.0114 0.203152 1.05
    endloop
  endfacet
  facet normal 0.995098 -0.098897 0
    outer loop
      vertex 21.0114 0.203152 0
      vertex 21.0068 0.156867 1.05
      vertex 21.0068 0.156867 0
    endloop
  endfacet
  facet normal 0.986563 -0.163381 0
    outer loop
      vertex 21.0266 0.318453 1.05
      vertex 21.0342 0.364345 0
      vertex 21.0342 0.364345 1.05
    endloop
  endfacet
  facet normal 0.986563 -0.163381 0
    outer loop
      vertex 21.0342 0.364345 0
      vertex 21.0266 0.318453 1.05
      vertex 21.0266 0.318453 0
    endloop
  endfacet
  facet normal -0.910866 0.412701 0
    outer loop
      vertex 24.8046 -0.860726 0
      vertex 24.8238 -0.81835 1.05
      vertex 24.8238 -0.81835 0
    endloop
  endfacet
  facet normal -0.910866 0.412701 0
    outer loop
      vertex 24.8238 -0.81835 1.05
      vertex 24.8046 -0.860726 0
      vertex 24.8046 -0.860726 1.05
    endloop
  endfacet
  facet normal -0.0980139 -0.995185 0
    outer loop
      vertex 23.1569 1.99315 0
      vertex 23.2032 1.98859 1.05
      vertex 23.1569 1.99315 1.05
    endloop
  endfacet
  facet normal -0.0980139 -0.995185 -0
    outer loop
      vertex 23.2032 1.98859 1.05
      vertex 23.1569 1.99315 0
      vertex 23.2032 1.98859 0
    endloop
  endfacet
  facet normal 0.935824 -0.352468 0
    outer loop
      vertex 21.1154 0.667384 1.05
      vertex 21.1318 0.710927 0
      vertex 21.1318 0.710927 1.05
    endloop
  endfacet
  facet normal 0.935824 -0.352468 0
    outer loop
      vertex 21.1318 0.710927 0
      vertex 21.1154 0.667384 1.05
      vertex 21.1154 0.667384 0
    endloop
  endfacet
  facet normal -0.582377 0.812919 0
    outer loop
      vertex 24.1702 -1.6206 0
      vertex 24.1324 -1.64768 1.05
      vertex 24.1702 -1.6206 1.05
    endloop
  endfacet
  facet normal -0.582377 0.812919 0
    outer loop
      vertex 24.1324 -1.64768 1.05
      vertex 24.1702 -1.6206 0
      vertex 24.1324 -1.64768 0
    endloop
  endfacet
  facet normal 0.812642 -0.582763 0
    outer loop
      vertex 21.3523 1.13243 1.05
      vertex 21.3794 1.17022 0
      vertex 21.3794 1.17022 1.05
    endloop
  endfacet
  facet normal 0.812642 -0.582763 0
    outer loop
      vertex 21.3794 1.17022 0
      vertex 21.3523 1.13243 1.05
      vertex 21.3523 1.13243 0
    endloop
  endfacet
  facet normal 0.634877 0.772613 -0
    outer loop
      vertex 21.7375 -1.54979 0
      vertex 21.7016 -1.52029 1.05
      vertex 21.7375 -1.54979 1.05
    endloop
  endfacet
  facet normal 0.634877 0.772613 0
    outer loop
      vertex 21.7016 -1.52029 1.05
      vertex 21.7375 -1.54979 0
      vertex 21.7016 -1.52029 0
    endloop
  endfacet
  facet normal 0.163071 0.986614 -0
    outer loop
      vertex 22.6815 -1.97341 0
      vertex 22.6357 -1.96584 1.05
      vertex 22.6815 -1.97341 1.05
    endloop
  endfacet
  facet normal 0.163071 0.986614 0
    outer loop
      vertex 22.6357 -1.96584 1.05
      vertex 22.6815 -1.97341 0
      vertex 22.6357 -1.96584 0
    endloop
  endfacet
  facet normal -0.999847 0.0175079 0
    outer loop
      vertex -33 0 0
      vertex -32.9945 0.314095 1.05
      vertex -32.9945 0.314095 0
    endloop
  endfacet
  facet normal -0.999847 0.0175079 0
    outer loop
      vertex -32.9945 0.314095 1.05
      vertex -33 0 0
      vertex -33 0 1.05
    endloop
  endfacet
  facet normal 0.999847 -0.0175079 0
    outer loop
      vertex 32.9945 -0.314095 1.05
      vertex 33 0 0
      vertex 33 0 1.05
    endloop
  endfacet
  facet normal 0.999847 -0.0175079 0
    outer loop
      vertex 33 0 0
      vertex 32.9945 -0.314095 1.05
      vertex 32.9945 -0.314095 0
    endloop
  endfacet
  facet normal -0.891027 0.45395 0
    outer loop
      vertex -32.0891 3.94534 0
      vertex -31.9465 4.22524 1.05
      vertex -31.9465 4.22524 0
    endloop
  endfacet
  facet normal -0.891027 0.45395 0
    outer loop
      vertex -31.9465 4.22524 1.05
      vertex -32.0891 3.94534 0
      vertex -32.0891 3.94534 1.05
    endloop
  endfacet
  facet normal 0.998636 -0.0522058 0
    outer loop
      vertex 32.9781 -0.627808 1.05
      vertex 32.9945 -0.314095 0
      vertex 32.9945 -0.314095 1.05
    endloop
  endfacet
  facet normal 0.998636 -0.0522058 0
    outer loop
      vertex 32.9945 -0.314095 0
      vertex 32.9781 -0.627808 1.05
      vertex 32.9781 -0.627808 0
    endloop
  endfacet
  facet normal -0.754695 0.656076 0
    outer loop
      vertex -30.8944 5.78509 0
      vertex -30.6883 6.02217 1.05
      vertex -30.6883 6.02217 0
    endloop
  endfacet
  facet normal -0.754695 0.656076 0
    outer loop
      vertex -30.6883 6.02217 1.05
      vertex -30.8944 5.78509 0
      vertex -30.8944 5.78509 1.05
    endloop
  endfacet
  facet normal -0.224955 -0.974369 0
    outer loop
      vertex -26.1773 -8.73266 0
      vertex -25.8712 -8.80333 1.05
      vertex -26.1773 -8.73266 1.05
    endloop
  endfacet
  facet normal -0.224955 -0.974369 -0
    outer loop
      vertex -25.8712 -8.80333 1.05
      vertex -26.1773 -8.73266 0
      vertex -25.8712 -8.80333 0
    endloop
  endfacet
  facet normal 0.933665 0.358147 0
    outer loop
      vertex 32.4572 3.07818 1.05
      vertex 32.3447 3.37146 0
      vertex 32.3447 3.37146 1.05
    endloop
  endfacet
  facet normal 0.933665 0.358147 0
    outer loop
      vertex 32.3447 3.37146 0
      vertex 32.4572 3.07818 1.05
      vertex 32.4572 3.07818 0
    endloop
  endfacet
  facet normal -0.974418 -0.224743 0
    outer loop
      vertex -32.7327 -2.1773 0
      vertex -32.8033 -1.8712 1.05
      vertex -32.8033 -1.8712 0
    endloop
  endfacet
  facet normal -0.974418 -0.224743 0
    outer loop
      vertex -32.8033 -1.8712 1.05
      vertex -32.7327 -2.1773 0
      vertex -32.7327 -2.1773 1.05
    endloop
  endfacet
  facet normal -0.956255 0.292533 0
    outer loop
      vertex -32.6514 2.48074 0
      vertex -32.5595 2.78115 1.05
      vertex -32.5595 2.78115 0
    endloop
  endfacet
  facet normal -0.956255 0.292533 0
    outer loop
      vertex -32.5595 2.78115 1.05
      vertex -32.6514 2.48074 0
      vertex -32.6514 2.48074 1.05
    endloop
  endfacet
  facet normal -0.156463 -0.987684 0
    outer loop
      vertex -25.5628 -8.86327 0
      vertex -25.2526 -8.91241 1.05
      vertex -25.5628 -8.86327 1.05
    endloop
  endfacet
  facet normal -0.156463 -0.987684 -0
    outer loop
      vertex -25.2526 -8.91241 1.05
      vertex -25.5628 -8.86327 0
      vertex -25.2526 -8.91241 0
    endloop
  endfacet
  facet normal 0.190788 -0.981631 0
    outer loop
      vertex 25.5628 -8.86327 0
      vertex 25.8712 -8.80333 1.05
      vertex 25.5628 -8.86327 1.05
    endloop
  endfacet
  facet normal 0.190788 -0.981631 0
    outer loop
      vertex 25.8712 -8.80333 1.05
      vertex 25.5628 -8.86327 0
      vertex 25.8712 -8.80333 0
    endloop
  endfacet
  facet normal -0.956255 -0.292533 0
    outer loop
      vertex -32.5595 -2.78115 0
      vertex -32.6514 -2.48074 1.05
      vertex -32.6514 -2.48074 0
    endloop
  endfacet
  facet normal -0.956255 -0.292533 0
    outer loop
      vertex -32.6514 -2.48074 1.05
      vertex -32.5595 -2.78115 0
      vertex -32.5595 -2.78115 1.05
    endloop
  endfacet
  facet normal -0.933665 0.358147 0
    outer loop
      vertex -32.4572 3.07818 0
      vertex -32.3447 3.37146 1.05
      vertex -32.3447 3.37146 0
    endloop
  endfacet
  facet normal -0.933665 0.358147 0
    outer loop
      vertex -32.3447 3.37146 1.05
      vertex -32.4572 3.07818 0
      vertex -32.4572 3.07818 1.05
    endloop
  endfacet
  facet normal -0.32561 -0.945504 0
    outer loop
      vertex -27.0782 -8.45723 0
      vertex -26.7812 -8.55951 1.05
      vertex -27.0782 -8.45723 1.05
    endloop
  endfacet
  facet normal -0.32561 -0.945504 -0
    outer loop
      vertex -26.7812 -8.55951 1.05
      vertex -27.0782 -8.45723 0
      vertex -26.7812 -8.55951 0
    endloop
  endfacet
  facet normal 0.017444 -0.999848 0
    outer loop
      vertex 24 -9 0
      vertex 24.3141 -8.99452 1.05
      vertex 24 -9 1.05
    endloop
  endfacet
  facet normal 0.017444 -0.999848 0
    outer loop
      vertex 24.3141 -8.99452 1.05
      vertex 24 -9 0
      vertex 24.3141 -8.99452 0
    endloop
  endfacet
  facet normal -0.656045 -0.754722 0
    outer loop
      vertex -30.0222 -6.6883 0
      vertex -29.7851 -6.8944 1.05
      vertex -30.0222 -6.6883 1.05
    endloop
  endfacet
  facet normal -0.656045 -0.754722 -0
    outer loop
      vertex -29.7851 -6.8944 1.05
      vertex -30.0222 -6.6883 0
      vertex -29.7851 -6.8944 0
    endloop
  endfacet
  facet normal 0 0 1
    outer loop
      vertex -27.0782 -8.45723 1.05
      vertex -27.6606 -8.22191 1.05
      vertex -27.3715 -8.34465 1.05
    endloop
  endfacet
  facet normal -0 -0 1
    outer loop
      vertex -27.6606 -8.22191 1.05
      vertex -27.0782 -8.45723 1.05
      vertex -27.7745 -8.1688 1.05
    endloop
  endfacet
  facet normal 0 0 1
    outer loop
      vertex -26.3593 -8.68388 1.05
      vertex -26.7812 -8.55951 1.05
      vertex -26.4807 -8.65135 1.05
    endloop
  endfacet
  facet normal -0 -0 1
    outer loop
      vertex -26.7812 -8.55951 1.05
      vertex -26.3593 -8.68388 1.05
      vertex -27.0782 -8.45723 1.05
    endloop
  endfacet
  facet normal 0 0 1
    outer loop
      vertex -32.9945 0.314095 1.05
      vertex -32.9671 0.753013 1.05
      vertex -32.9781 0.627808 1.05
    endloop
  endfacet
  facet normal 0 0 1
    outer loop
      vertex -32.9671 0.753013 1.05
      vertex -32.9945 0.314095 1.05
      vertex -33 0 1.05
    endloop
  endfacet
  facet normal 0 0 1
    outer loop
      vertex 30.4741 6.25192 1.05
      vertex 30.8944 5.78509 1.05
      vertex 30.6883 6.02217 1.05
    endloop
  endfacet
  facet normal 0 0 1
    outer loop
      vertex 30.8944 5.78509 1.05
      vertex 30.4741 6.25192 1.05
      vertex 30.3852 6.3408 1.05
    endloop
  endfacet
  facet normal 0 0 1
    outer loop
      vertex 31.0921 5.54095 1.05
      vertex 31.3532 5.18711 1.05
      vertex 31.2812 5.29007 1.05
    endloop
  endfacet
  facet normal 0 0 1
    outer loop
      vertex 31.3532 5.18711 1.05
      vertex 31.0921 5.54095 1.05
      vertex 30.8944 5.78509 1.05
    endloop
  endfacet
  facet normal 0 0 1
    outer loop
      vertex 33 0 1.05
      vertex 32.9781 -0.627808 1.05
      vertex 32.9945 -0.314095 1.05
    endloop
  endfacet
  facet normal 0 -0 1
    outer loop
      vertex 32.9781 -0.627808 1.05
      vertex 33 0 1.05
      vertex 32.9671 -0.753013 1.05
    endloop
  endfacet
  facet normal 0 0 1
    outer loop
      vertex -25.5628 -8.86327 1.05
      vertex -26.1773 -8.73266 1.05
      vertex -25.8712 -8.80333 1.05
    endloop
  endfacet
  facet normal -0 -0 1
    outer loop
      vertex -26.1773 -8.73266 1.05
      vertex -25.5628 -8.86327 1.05
      vertex -26.2987 -8.70013 1.05
    endloop
  endfacet
  facet normal 0 0 1
    outer loop
      vertex -29.1871 -7.35324 1.05
      vertex -29.541 -7.0921 1.05
      vertex -29.2901 -7.28115 1.05
    endloop
  endfacet
  facet normal -0 -0 1
    outer loop
      vertex -29.541 -7.0921 1.05
      vertex -29.1871 -7.35324 1.05
      vertex -29.7851 -6.8944 1.05
    endloop
  endfacet
  facet normal 0 0 1
    outer loop
      vertex 24.753 -8.96712 1.05
      vertex 24.3141 -8.99452 1.05
      vertex 24.6278 -8.97808 1.05
    endloop
  endfacet
  facet normal 0 -0 1
    outer loop
      vertex 24.3141 -8.99452 1.05
      vertex 24.753 -8.96712 1.05
      vertex 24 -9 1.05
    endloop
  endfacet
  facet normal 0 0 1
    outer loop
      vertex -29.7851 -6.8944 1.05
      vertex -30.2519 -6.47406 1.05
      vertex -30.0222 -6.6883 1.05
    endloop
  endfacet
  facet normal -0 -0 1
    outer loop
      vertex -30.2519 -6.47406 1.05
      vertex -29.7851 -6.8944 1.05
      vertex -30.3408 -6.38518 1.05
    endloop
  endfacet
  facet normal 0 0 1
    outer loop
      vertex 32.4572 -3.07818 1.05
      vertex 32.2219 -3.66063 1.05
      vertex 32.3447 -3.37146 1.05
    endloop
  endfacet
  facet normal 0 -0 1
    outer loop
      vertex 32.2219 -3.66063 1.05
      vertex 32.4572 -3.07818 1.05
      vertex 32.1688 -3.77452 1.05
    endloop
  endfacet
  facet normal 0 0 1
    outer loop
      vertex 32.6839 -2.35933 1.05
      vertex 32.5595 -2.78115 1.05
      vertex 32.6514 -2.48074 1.05
    endloop
  endfacet
  facet normal 0 -0 1
    outer loop
      vertex 32.5595 -2.78115 1.05
      vertex 32.6839 -2.35933 1.05
      vertex 32.4572 -3.07818 1.05
    endloop
  endfacet
  facet normal 0 0 1
    outer loop
      vertex 32.1423 -3.83145 1.05
      vertex 31.9465 -4.22524 1.05
      vertex 32.0891 -3.94534 1.05
    endloop
  endfacet
  facet normal 0 -0 1
    outer loop
      vertex 31.9465 -4.22524 1.05
      vertex 32.1423 -3.83145 1.05
      vertex 31.7942 -4.5 1.05
    endloop
  endfacet
  facet normal 0 0 1
    outer loop
      vertex -31.7942 -4.5 1.05
      vertex -32.0891 -3.94534 1.05
      vertex -31.9465 -4.22524 1.05
    endloop
  endfacet
  facet normal -0 -0 1
    outer loop
      vertex -32.0891 -3.94534 1.05
      vertex -31.7942 -4.5 1.05
      vertex -32.1423 -3.83145 1.05
    endloop
  endfacet
  facet normal 0 0 1
    outer loop
      vertex -31.3892 -5.13569 1.05
      vertex -31.6324 -4.76927 1.05
      vertex -31.4613 -5.03274 1.05
    endloop
  endfacet
  facet normal -0 -0 1
    outer loop
      vertex -31.6324 -4.76927 1.05
      vertex -31.3892 -5.13569 1.05
      vertex -31.7942 -4.5 1.05
    endloop
  endfacet
  facet normal 0 0 1
    outer loop
      vertex -32.9507 0.940756 1.05
      vertex -32.8633 1.56283 1.05
      vertex -32.9124 1.25256 1.05
    endloop
  endfacet
  facet normal 0 0 1
    outer loop
      vertex -32.8633 1.56283 1.05
      vertex -32.9507 0.940756 1.05
      vertex -32.9617 0.815548 1.05
    endloop
  endfacet
  facet normal 0 0 1
    outer loop
      vertex -32.8033 1.8712 1.05
      vertex -32.7001 2.2987 1.05
      vertex -32.7327 2.1773 1.05
    endloop
  endfacet
  facet normal 0 0 1
    outer loop
      vertex -32.7001 2.2987 1.05
      vertex -32.8033 1.8712 1.05
      vertex -32.8633 1.56283 1.05
    endloop
  endfacet
  facet normal 0 0 1
    outer loop
      vertex 25.5628 -8.86327 1.05
      vertex 24.9408 -8.9507 1.05
      vertex 25.2526 -8.91241 1.05
    endloop
  endfacet
  facet normal 0 -0 1
    outer loop
      vertex 24.9408 -8.9507 1.05
      vertex 25.5628 -8.86327 1.05
      vertex 24.8155 -8.96165 1.05
    endloop
  endfacet
  facet normal 0 0 1
    outer loop
      vertex 26.2987 -8.70013 1.05
      vertex 25.8712 -8.80333 1.05
      vertex 26.1773 -8.73266 1.05
    endloop
  endfacet
  facet normal 0 -0 1
    outer loop
      vertex 25.8712 -8.80333 1.05
      vertex 26.2987 -8.70013 1.05
      vertex 25.5628 -8.86327 1.05
    endloop
  endfacet
  facet normal 0 0 1
    outer loop
      vertex -28.5 -7.79423 1.05
      vertex -29.0327 -7.46134 1.05
      vertex -28.7693 -7.63243 1.05
    endloop
  endfacet
  facet normal -0 -0 1
    outer loop
      vertex -29.0327 -7.46134 1.05
      vertex -28.5 -7.79423 1.05
      vertex -29.1357 -7.38925 1.05
    endloop
  endfacet
  facet normal 0 0 1
    outer loop
      vertex -27.8314 -8.14226 1.05
      vertex -28.2252 -7.94653 1.05
      vertex -27.9453 -8.08915 1.05
    endloop
  endfacet
  facet normal -0 -0 1
    outer loop
      vertex -28.2252 -7.94653 1.05
      vertex -27.8314 -8.14226 1.05
      vertex -28.5 -7.79423 1.05
    endloop
  endfacet
  facet normal 0 0 1
    outer loop
      vertex -32.1688 -3.77452 1.05
      vertex -32.3447 -3.37146 1.05
      vertex -32.2219 -3.66063 1.05
    endloop
  endfacet
  facet normal -0 -0 1
    outer loop
      vertex -32.3447 -3.37146 1.05
      vertex -32.1688 -3.77452 1.05
      vertex -32.4572 -3.07818 1.05
    endloop
  endfacet
  facet normal 0 0 1
    outer loop
      vertex -31.6324 4.76927 1.05
      vertex -31.3892 5.13569 1.05
      vertex -31.4613 5.03274 1.05
    endloop
  endfacet
  facet normal 0 0 1
    outer loop
      vertex -31.3892 5.13569 1.05
      vertex -31.6324 4.76927 1.05
      vertex -31.7942 4.5 1.05
    endloop
  endfacet
  facet normal 0 0 1
    outer loop
      vertex -24 -9 1.05
      vertex -24.6278 -8.97808 1.05
      vertex -24.3141 -8.99452 1.05
    endloop
  endfacet
  facet normal -0 -0 1
    outer loop
      vertex -24.6278 -8.97808 1.05
      vertex -24 -9 1.05
      vertex -24.753 -8.96712 1.05
    endloop
  endfacet
  facet normal 0 0 1
    outer loop
      vertex 31.4613 5.03274 1.05
      vertex 31.7942 4.5 1.05
      vertex 31.6324 4.76927 1.05
    endloop
  endfacet
  facet normal 0 0 1
    outer loop
      vertex 31.7942 4.5 1.05
      vertex 31.4613 5.03274 1.05
      vertex 31.3892 5.13569 1.05
    endloop
  endfacet
  facet normal 0 0 1
    outer loop
      vertex 31.9465 4.22524 1.05
      vertex 32.1423 3.83145 1.05
      vertex 32.0891 3.94534 1.05
    endloop
  endfacet
  facet normal 0 0 1
    outer loop
      vertex 32.1423 3.83145 1.05
      vertex 31.9465 4.22524 1.05
      vertex 31.7942 4.5 1.05
    endloop
  endfacet
  facet normal 0 0 1
    outer loop
      vertex 31.3532 -5.18711 1.05
      vertex 31.0921 -5.54095 1.05
      vertex 31.2812 -5.29007 1.05
    endloop
  endfacet
  facet normal 0 -0 1
    outer loop
      vertex 31.0921 -5.54095 1.05
      vertex 31.3532 -5.18711 1.05
      vertex 30.8944 -5.78509 1.05
    endloop
  endfacet
  facet normal 0 0 1
    outer loop
      vertex 32.2219 3.66063 1.05
      vertex 32.4572 3.07818 1.05
      vertex 32.3447 3.37146 1.05
    endloop
  endfacet
  facet normal 0 0 1
    outer loop
      vertex 32.4572 3.07818 1.05
      vertex 32.2219 3.66063 1.05
      vertex 32.1688 3.77452 1.05
    endloop
  endfacet
  facet normal 0 0 1
    outer loop
      vertex 32.5595 2.78115 1.05
      vertex 32.6839 2.35933 1.05
      vertex 32.6514 2.48074 1.05
    endloop
  endfacet
  facet normal 0 0 1
    outer loop
      vertex 32.6839 2.35933 1.05
      vertex 32.5595 2.78115 1.05
      vertex 32.4572 3.07818 1.05
    endloop
  endfacet
  facet normal 0 0 1
    outer loop
      vertex -31.2812 5.29007 1.05
      vertex -30.8944 5.78509 1.05
      vertex -31.0921 5.54095 1.05
    endloop
  endfacet
  facet normal 0 0 1
    outer loop
      vertex -30.8944 5.78509 1.05
      vertex -31.2812 5.29007 1.05
      vertex -31.3532 5.18711 1.05
    endloop
  endfacet
  facet normal 0 0 1
    outer loop
      vertex -30.6883 6.02217 1.05
      vertex -30.3852 6.3408 1.05
      vertex -30.4741 6.25192 1.05
    endloop
  endfacet
  facet normal 0 0 1
    outer loop
      vertex -30.3852 6.3408 1.05
      vertex -30.6883 6.02217 1.05
      vertex -30.8944 5.78509 1.05
    endloop
  endfacet
  facet normal 0 0 1
    outer loop
      vertex -32.6514 2.48074 1.05
      vertex -32.4572 3.07818 1.05
      vertex -32.5595 2.78115 1.05
    endloop
  endfacet
  facet normal 0 0 1
    outer loop
      vertex -32.4572 3.07818 1.05
      vertex -32.6514 2.48074 1.05
      vertex -32.6839 2.35933 1.05
    endloop
  endfacet
  facet normal 0 0 1
    outer loop
      vertex 32.9124 1.25256 1.05
      vertex 32.9617 0.815548 1.05
      vertex 32.9507 0.940756 1.05
    endloop
  endfacet
  facet normal 0 0 1
    outer loop
      vertex 32.9617 0.815548 1.05
      vertex 32.9124 1.25256 1.05
      vertex 32.8633 1.56283 1.05
    endloop
  endfacet
  facet normal 0 0 1
    outer loop
      vertex 28.5 -7.79423 1.05
      vertex 27.9453 -8.08915 1.05
      vertex 28.2252 -7.94653 1.05
    endloop
  endfacet
  facet normal 0 -0 1
    outer loop
      vertex 27.9453 -8.08915 1.05
      vertex 28.5 -7.79423 1.05
      vertex 27.8314 -8.14226 1.05
    endloop
  endfacet
  facet normal 0 0 1
    outer loop
      vertex 32.8633 -1.56283 1.05
      vertex 32.7327 -2.1773 1.05
      vertex 32.8033 -1.8712 1.05
    endloop
  endfacet
  facet normal 0 -0 1
    outer loop
      vertex 32.7327 -2.1773 1.05
      vertex 32.8633 -1.56283 1.05
      vertex 32.7001 -2.2987 1.05
    endloop
  endfacet
  facet normal 0 0 1
    outer loop
      vertex 32.9617 -0.815548 1.05
      vertex 32.9124 -1.25256 1.05
      vertex 32.9507 -0.940756 1.05
    endloop
  endfacet
  facet normal 0 -0 1
    outer loop
      vertex 32.9124 -1.25256 1.05
      vertex 32.9617 -0.815548 1.05
      vertex 32.8633 -1.56283 1.05
    endloop
  endfacet
  facet normal 0 0 1
    outer loop
      vertex -32.4572 -3.07818 1.05
      vertex -32.6514 -2.48074 1.05
      vertex -32.5595 -2.78115 1.05
    endloop
  endfacet
  facet normal -0 -0 1
    outer loop
      vertex -32.6514 -2.48074 1.05
      vertex -32.4572 -3.07818 1.05
      vertex -32.6839 -2.35933 1.05
    endloop
  endfacet
  facet normal 0 0 1
    outer loop
      vertex -32.0891 3.94534 1.05
      vertex -31.7942 4.5 1.05
      vertex -31.9465 4.22524 1.05
    endloop
  endfacet
  facet normal 0 0 1
    outer loop
      vertex -31.7942 4.5 1.05
      vertex -32.0891 3.94534 1.05
      vertex -32.1423 3.83145 1.05
    endloop
  endfacet
  facet normal 0 0 1
    outer loop
      vertex -24.8155 -8.96165 1.05
      vertex -25.2526 -8.91241 1.05
      vertex -24.9408 -8.9507 1.05
    endloop
  endfacet
  facet normal -0 -0 1
    outer loop
      vertex -25.2526 -8.91241 1.05
      vertex -24.8155 -8.96165 1.05
      vertex -25.5628 -8.86327 1.05
    endloop
  endfacet
  facet normal -0 0 1
    outer loop
      vertex 30.2155 6.5 1.05
      vertex 30.2519 6.47406 1.05
      vertex 30.2173 6.50636 1.05
    endloop
  endfacet
  facet normal 0 0 1
    outer loop
      vertex 30.2519 6.47406 1.05
      vertex 30.2155 6.5 1.05
      vertex 30.3408 6.38519 1.05
    endloop
  endfacet
  facet normal 0 0 1
    outer loop
      vertex 27.0782 -8.45723 1.05
      vertex 26.4807 -8.65135 1.05
      vertex 26.7812 -8.55951 1.05
    endloop
  endfacet
  facet normal 0 -0 1
    outer loop
      vertex 26.4807 -8.65135 1.05
      vertex 27.0782 -8.45723 1.05
      vertex 26.3593 -8.68388 1.05
    endloop
  endfacet
  facet normal 0 0 1
    outer loop
      vertex 27.7745 -8.1688 1.05
      vertex 27.3715 -8.34465 1.05
      vertex 27.6606 -8.22191 1.05
    endloop
  endfacet
  facet normal 0 -0 1
    outer loop
      vertex 27.3715 -8.34465 1.05
      vertex 27.7745 -8.1688 1.05
      vertex 27.0782 -8.45723 1.05
    endloop
  endfacet
  facet normal 0 0 1
    outer loop
      vertex 30.3408 -6.38518 1.05
      vertex 30.0222 -6.6883 1.05
      vertex 30.2519 -6.47406 1.05
    endloop
  endfacet
  facet normal 0 -0 1
    outer loop
      vertex 30.0222 -6.6883 1.05
      vertex 30.3408 -6.38518 1.05
      vertex 29.7851 -6.8944 1.05
    endloop
  endfacet
  facet normal 0 0 1
    outer loop
      vertex 32.9781 0.627808 1.05
      vertex 33 0 1.05
      vertex 32.9945 0.314095 1.05
    endloop
  endfacet
  facet normal 0 0 1
    outer loop
      vertex 33 0 1.05
      vertex 32.9781 0.627808 1.05
      vertex 32.9671 0.753013 1.05
    endloop
  endfacet
  facet normal 0 0 1
    outer loop
      vertex -32.3447 3.37146 1.05
      vertex -32.1688 3.77452 1.05
      vertex -32.2219 3.66063 1.05
    endloop
  endfacet
  facet normal 0 0 1
    outer loop
      vertex -32.1688 3.77452 1.05
      vertex -32.3447 3.37146 1.05
      vertex -32.4572 3.07818 1.05
    endloop
  endfacet
  facet normal 0 0 1
    outer loop
      vertex 29.7851 -6.8944 1.05
      vertex 29.2901 -7.28115 1.05
      vertex 29.541 -7.0921 1.05
    endloop
  endfacet
  facet normal 0 -0 1
    outer loop
      vertex 29.2901 -7.28115 1.05
      vertex 29.7851 -6.8944 1.05
      vertex 29.1871 -7.35324 1.05
    endloop
  endfacet
  facet normal 0 0 1
    outer loop
      vertex -30.8944 -5.78509 1.05
      vertex -31.2812 -5.29007 1.05
      vertex -31.0921 -5.54095 1.05
    endloop
  endfacet
  facet normal -0 -0 1
    outer loop
      vertex -31.2812 -5.29007 1.05
      vertex -30.8944 -5.78509 1.05
      vertex -31.3532 -5.18711 1.05
    endloop
  endfacet
  facet normal 0 0 1
    outer loop
      vertex 29.1357 -7.38925 1.05
      vertex 28.7693 -7.63243 1.05
      vertex 29.0327 -7.46134 1.05
    endloop
  endfacet
  facet normal 0 -0 1
    outer loop
      vertex 28.7693 -7.63243 1.05
      vertex 29.1357 -7.38925 1.05
      vertex 28.5 -7.79423 1.05
    endloop
  endfacet
  facet normal 0 0 1
    outer loop
      vertex -30.3852 -6.3408 1.05
      vertex -30.6883 -6.02217 1.05
      vertex -30.4741 -6.25192 1.05
    endloop
  endfacet
  facet normal -0 -0 1
    outer loop
      vertex -30.6883 -6.02217 1.05
      vertex -30.3852 -6.3408 1.05
      vertex -30.8944 -5.78509 1.05
    endloop
  endfacet
  facet normal 0 0 1
    outer loop
      vertex 32.7327 2.1773 1.05
      vertex 32.8633 1.56283 1.05
      vertex 32.8033 1.8712 1.05
    endloop
  endfacet
  facet normal 0 0 1
    outer loop
      vertex 32.8633 1.56283 1.05
      vertex 32.7327 2.1773 1.05
      vertex 32.7001 2.2987 1.05
    endloop
  endfacet
  facet normal 0 0 1
    outer loop
      vertex 31.7942 -4.5 1.05
      vertex 31.4613 -5.03274 1.05
      vertex 31.6324 -4.76927 1.05
    endloop
  endfacet
  facet normal 0 -0 1
    outer loop
      vertex 31.4613 -5.03274 1.05
      vertex 31.7942 -4.5 1.05
      vertex 31.3892 -5.13569 1.05
    endloop
  endfacet
  facet normal 0 0 1
    outer loop
      vertex -32.9671 -0.753013 1.05
      vertex -32.9945 -0.314095 1.05
      vertex -32.9781 -0.627808 1.05
    endloop
  endfacet
  facet normal -0 -0 1
    outer loop
      vertex -32.9945 -0.314095 1.05
      vertex -32.9671 -0.753013 1.05
      vertex -33 0 1.05
    endloop
  endfacet
  facet normal 0 0 1
    outer loop
      vertex -32.8633 -1.56283 1.05
      vertex -32.9507 -0.940756 1.05
      vertex -32.9124 -1.25256 1.05
    endloop
  endfacet
  facet normal -0 -0 1
    outer loop
      vertex -32.9507 -0.940756 1.05
      vertex -32.8633 -1.56283 1.05
      vertex -32.9617 -0.815548 1.05
    endloop
  endfacet
  facet normal 0 0 1
    outer loop
      vertex -30.2519 6.47406 1.05
      vertex -30.2155 6.5 1.05
      vertex -30.2173 6.50636 1.05
    endloop
  endfacet
  facet normal 0 0 1
    outer loop
      vertex -30.2155 6.5 1.05
      vertex -30.2519 6.47406 1.05
      vertex -30.3408 6.38519 1.05
    endloop
  endfacet
  facet normal 0 0 1
    outer loop
      vertex 30.8944 -5.78509 1.05
      vertex 30.4741 -6.25192 1.05
      vertex 30.6883 -6.02217 1.05
    endloop
  endfacet
  facet normal 0 -0 1
    outer loop
      vertex 30.4741 -6.25192 1.05
      vertex 30.8944 -5.78509 1.05
      vertex 30.3852 -6.3408 1.05
    endloop
  endfacet
  facet normal 0 0 1
    outer loop
      vertex -32.7001 -2.2987 1.05
      vertex -32.8033 -1.8712 1.05
      vertex -32.7327 -2.1773 1.05
    endloop
  endfacet
  facet normal -0 -0 1
    outer loop
      vertex -32.8033 -1.8712 1.05
      vertex -32.7001 -2.2987 1.05
      vertex -32.8633 -1.56283 1.05
    endloop
  endfacet
  facet normal 0 0 1
    outer loop
      vertex -24.9886 -0.203152 1.05
      vertex -24.9932 -0.156865 1.05
      vertex -24.9924 -0.174311 1.05
    endloop
  endfacet
  facet normal -0 0 1
    outer loop
      vertex -24.9924 0.174311 1.05
      vertex -24.9932 0.156865 1.05
      vertex -24.9886 0.203152 1.05
    endloop
  endfacet
  facet normal 0 0 1
    outer loop
      vertex -24.9658 -0.364345 1.05
      vertex -24.9734 -0.318453 1.05
      vertex -24.9696 -0.347296 1.05
    endloop
  endfacet
  facet normal -0 0 1
    outer loop
      vertex -24.9696 0.347296 1.05
      vertex -24.9734 0.318453 1.05
      vertex -24.9658 0.364345 1.05
    endloop
  endfacet
  facet normal 0 0 1
    outer loop
      vertex -24.8682 -0.710927 1.05
      vertex -24.8846 -0.667384 1.05
      vertex -24.8794 -0.68404 1.05
    endloop
  endfacet
  facet normal -0 0 1
    outer loop
      vertex -24.8794 0.68404 1.05
      vertex -24.8846 0.667384 1.05
      vertex -24.8682 0.710927 1.05
    endloop
  endfacet
  facet normal 0 0 1
    outer loop
      vertex -24.8046 -0.860726 1.05
      vertex -24.8238 -0.81835 1.05
      vertex -24.8126 -0.845236 1.05
    endloop
  endfacet
  facet normal -0 0 1
    outer loop
      vertex -24.8126 0.845236 1.05
      vertex -24.8238 0.81835 1.05
      vertex -24.8046 0.860726 1.05
    endloop
  endfacet
  facet normal 0 0 1
    outer loop
      vertex -24.6206 -1.17022 1.05
      vertex -24.6477 -1.13243 1.05
      vertex -24.6383 -1.14715 1.05
    endloop
  endfacet
  facet normal -0 0 1
    outer loop
      vertex -24.6383 1.14715 1.05
      vertex -24.6477 1.13243 1.05
      vertex -24.6206 1.17022 1.05
    endloop
  endfacet
  facet normal 0 0 1
    outer loop
      vertex -24.5203 -1.29845 1.05
      vertex -24.5498 -1.2625 1.05
      vertex -24.5321 -1.28557 1.05
    endloop
  endfacet
  facet normal -0 0 1
    outer loop
      vertex -24.5321 1.28557 1.05
      vertex -24.5498 1.2625 1.05
      vertex -24.5203 1.29845 1.05
    endloop
  endfacet
  facet normal 0 0 1
    outer loop
      vertex -24.2625 -1.54979 1.05
      vertex -24.2984 -1.52029 1.05
      vertex -24.2856 -1.53209 1.05
    endloop
  endfacet
  facet normal -0 0 1
    outer loop
      vertex -24.2856 1.53209 1.05
      vertex -24.2984 1.52029 1.05
      vertex -24.2625 1.54979 1.05
    endloop
  endfacet
  facet normal 0 0 1
    outer loop
      vertex -24.1324 -1.64768 1.05
      vertex -24.1702 -1.6206 1.05
      vertex -24.1472 -1.6383 1.05
    endloop
  endfacet
  facet normal -0 0 1
    outer loop
      vertex -24.1472 1.6383 1.05
      vertex -24.1702 1.6206 1.05
      vertex -24.1324 1.64768 1.05
    endloop
  endfacet
  facet normal 0 0 1
    outer loop
      vertex -23.8183 -1.82375 1.05
      vertex -23.8607 -1.80455 1.05
      vertex -23.8452 -1.81262 1.05
    endloop
  endfacet
  facet normal -0 0 1
    outer loop
      vertex -23.8452 1.81262 1.05
      vertex -23.8607 1.80455 1.05
      vertex -23.8183 1.82375 1.05
    endloop
  endfacet
  facet normal 0 0 1
    outer loop
      vertex -23.6674 -1.88464 1.05
      vertex -23.7109 -1.86825 1.05
      vertex -23.684 -1.87938 1.05
    endloop
  endfacet
  facet normal -0 0 1
    outer loop
      vertex -23.684 1.87938 1.05
      vertex -23.7109 1.86825 1.05
      vertex -23.6674 1.88464 1.05
    endloop
  endfacet
  facet normal 0 0 1
    outer loop
      vertex -23.3185 -1.97341 1.05
      vertex -23.3643 -1.96584 1.05
      vertex -23.3473 -1.96961 1.05
    endloop
  endfacet
  facet normal -0 0 1
    outer loop
      vertex -23.3473 1.96961 1.05
      vertex -23.3643 1.96584 1.05
      vertex -23.3185 1.97341 1.05
    endloop
  endfacet
  facet normal 0 0 1
    outer loop
      vertex -23.1569 -1.99315 1.05
      vertex -23.2032 -1.98859 1.05
      vertex -23.1743 -1.99239 1.05
    endloop
  endfacet
  facet normal -0 0 1
    outer loop
      vertex -23.1743 1.99239 1.05
      vertex -23.2032 1.98859 1.05
      vertex -23.1569 1.99315 1.05
    endloop
  endfacet
  facet normal 0 0 1
    outer loop
      vertex -22.7968 -1.98859 1.05
      vertex -22.8431 -1.99315 1.05
      vertex -22.8257 -1.99239 1.05
    endloop
  endfacet
  facet normal 0 0 1
    outer loop
      vertex -22.8257 1.99239 1.05
      vertex -22.8431 1.99315 1.05
      vertex -22.7968 1.98859 1.05
    endloop
  endfacet
  facet normal 0 0 1
    outer loop
      vertex -22.6357 -1.96584 1.05
      vertex -22.6815 -1.97341 1.05
      vertex -22.6527 -1.96961 1.05
    endloop
  endfacet
  facet normal 0 0 1
    outer loop
      vertex -22.6527 1.96961 1.05
      vertex -22.6815 1.97341 1.05
      vertex -22.6357 1.96584 1.05
    endloop
  endfacet
  facet normal 0 0 1
    outer loop
      vertex -22.2891 -1.86825 1.05
      vertex -22.3326 -1.88464 1.05
      vertex -22.316 -1.87938 1.05
    endloop
  endfacet
  facet normal 0 0 1
    outer loop
      vertex -22.316 1.87938 1.05
      vertex -22.3326 1.88464 1.05
      vertex -22.2891 1.86825 1.05
    endloop
  endfacet
  facet normal 0 0 1
    outer loop
      vertex -22.1393 -1.80455 1.05
      vertex -22.1816 -1.82375 1.05
      vertex -22.1548 -1.81262 1.05
    endloop
  endfacet
  facet normal 0 0 1
    outer loop
      vertex -22.1548 1.81262 1.05
      vertex -22.1816 1.82375 1.05
      vertex -22.1393 1.80455 1.05
    endloop
  endfacet
  facet normal 0 0 1
    outer loop
      vertex -21.8298 -1.6206 1.05
      vertex -21.8676 -1.64768 1.05
      vertex -21.8528 -1.6383 1.05
    endloop
  endfacet
  facet normal 0 0 1
    outer loop
      vertex -21.8528 1.6383 1.05
      vertex -21.8676 1.64768 1.05
      vertex -21.8298 1.6206 1.05
    endloop
  endfacet
  facet normal 0 0 1
    outer loop
      vertex -21.7016 -1.52029 1.05
      vertex -21.7375 -1.54979 1.05
      vertex -21.7144 -1.53209 1.05
    endloop
  endfacet
  facet normal 0 0 1
    outer loop
      vertex -21.7144 1.53209 1.05
      vertex -21.7375 1.54979 1.05
      vertex -21.7016 1.52029 1.05
    endloop
  endfacet
  facet normal 0 0 1
    outer loop
      vertex -21.4502 -1.2625 1.05
      vertex -21.4797 -1.29845 1.05
      vertex -21.4679 -1.28557 1.05
    endloop
  endfacet
  facet normal 0 0 1
    outer loop
      vertex -21.4679 1.28557 1.05
      vertex -21.4797 1.29845 1.05
      vertex -21.4502 1.2625 1.05
    endloop
  endfacet
  facet normal 0 0 1
    outer loop
      vertex -21.3523 -1.13243 1.05
      vertex -21.3794 -1.17022 1.05
      vertex -21.3617 -1.14715 1.05
    endloop
  endfacet
  facet normal 0 0 1
    outer loop
      vertex -21.3617 1.14715 1.05
      vertex -21.3794 1.17022 1.05
      vertex -21.3523 1.13243 1.05
    endloop
  endfacet
  facet normal 0 0 1
    outer loop
      vertex -21.1762 -0.81835 1.05
      vertex -21.1954 -0.860726 1.05
      vertex -21.1874 -0.845236 1.05
    endloop
  endfacet
  facet normal 0 0 1
    outer loop
      vertex -21.1874 0.845236 1.05
      vertex -21.1954 0.860726 1.05
      vertex -21.1762 0.81835 1.05
    endloop
  endfacet
  facet normal 0 0 1
    outer loop
      vertex -21.1154 -0.667384 1.05
      vertex -21.1318 -0.710927 1.05
      vertex -21.1206 -0.68404 1.05
    endloop
  endfacet
  facet normal 0 0 1
    outer loop
      vertex -21.1206 0.68404 1.05
      vertex -21.1318 0.710927 1.05
      vertex -21.1154 0.667384 1.05
    endloop
  endfacet
  facet normal 0 0 1
    outer loop
      vertex -21.0266 -0.318453 1.05
      vertex -21.0342 -0.364345 1.05
      vertex -21.0304 -0.347296 1.05
    endloop
  endfacet
  facet normal 0 0 1
    outer loop
      vertex -21.0304 0.347296 1.05
      vertex -21.0342 0.364345 1.05
      vertex -21.0266 0.318453 1.05
    endloop
  endfacet
  facet normal 0 0 1
    outer loop
      vertex -21.0068 -0.156867 1.05
      vertex -21.0114 -0.203152 1.05
      vertex -21.0076 -0.174311 1.05
    endloop
  endfacet
  facet normal 0 0 1
    outer loop
      vertex -21.0076 0.174311 1.05
      vertex -21.0114 0.203152 1.05
      vertex -21.0068 0.156867 1.05
    endloop
  endfacet
  facet normal 0 0 1
    outer loop
      vertex 21.0114 -0.203152 1.05
      vertex 21.0068 -0.156867 1.05
      vertex 21.0076 -0.174311 1.05
    endloop
  endfacet
  facet normal -0 0 1
    outer loop
      vertex 21.0076 0.174311 1.05
      vertex 21.0068 0.156867 1.05
      vertex 21.0114 0.203152 1.05
    endloop
  endfacet
  facet normal 0 0 1
    outer loop
      vertex 21.0342 -0.364345 1.05
      vertex 21.0266 -0.318453 1.05
      vertex 21.0304 -0.347296 1.05
    endloop
  endfacet
  facet normal -0 0 1
    outer loop
      vertex 21.0304 0.347296 1.05
      vertex 21.0266 0.318453 1.05
      vertex 21.0342 0.364345 1.05
    endloop
  endfacet
  facet normal 0 0 1
    outer loop
      vertex 21.1318 -0.710927 1.05
      vertex 21.1154 -0.667384 1.05
      vertex 21.1206 -0.68404 1.05
    endloop
  endfacet
  facet normal -0 0 1
    outer loop
      vertex 21.1206 0.68404 1.05
      vertex 21.1154 0.667384 1.05
      vertex 21.1318 0.710927 1.05
    endloop
  endfacet
  facet normal 0 0 1
    outer loop
      vertex 21.1954 -0.860726 1.05
      vertex 21.1762 -0.81835 1.05
      vertex 21.1874 -0.845236 1.05
    endloop
  endfacet
  facet normal -0 0 1
    outer loop
      vertex 21.1874 0.845236 1.05
      vertex 21.1762 0.81835 1.05
      vertex 21.1954 0.860726 1.05
    endloop
  endfacet
  facet normal 0 0 1
    outer loop
      vertex 21.3794 -1.17022 1.05
      vertex 21.3523 -1.13243 1.05
      vertex 21.3617 -1.14715 1.05
    endloop
  endfacet
  facet normal -0 0 1
    outer loop
      vertex 21.3617 1.14715 1.05
      vertex 21.3523 1.13243 1.05
      vertex 21.3794 1.17022 1.05
    endloop
  endfacet
  facet normal 0 0 1
    outer loop
      vertex 21.4797 -1.29845 1.05
      vertex 21.4502 -1.2625 1.05
      vertex 21.4679 -1.28557 1.05
    endloop
  endfacet
  facet normal -0 0 1
    outer loop
      vertex 21.4679 1.28557 1.05
      vertex 21.4502 1.2625 1.05
      vertex 21.4797 1.29845 1.05
    endloop
  endfacet
  facet normal 0 0 1
    outer loop
      vertex 21.7375 -1.54979 1.05
      vertex 21.7016 -1.52029 1.05
      vertex 21.7144 -1.53209 1.05
    endloop
  endfacet
  facet normal -0 0 1
    outer loop
      vertex 21.7144 1.53209 1.05
      vertex 21.7016 1.52029 1.05
      vertex 21.7375 1.54979 1.05
    endloop
  endfacet
  facet normal 0 0 1
    outer loop
      vertex 21.8676 -1.64768 1.05
      vertex 21.8298 -1.6206 1.05
      vertex 21.8528 -1.6383 1.05
    endloop
  endfacet
  facet normal -0 0 1
    outer loop
      vertex 21.8528 1.6383 1.05
      vertex 21.8298 1.6206 1.05
      vertex 21.8676 1.64768 1.05
    endloop
  endfacet
  facet normal 0 0 1
    outer loop
      vertex 22.1816 -1.82375 1.05
      vertex 22.1393 -1.80455 1.05
      vertex 22.1548 -1.81262 1.05
    endloop
  endfacet
  facet normal -0 0 1
    outer loop
      vertex 22.1548 1.81262 1.05
      vertex 22.1393 1.80455 1.05
      vertex 22.1816 1.82375 1.05
    endloop
  endfacet
  facet normal 0 0 1
    outer loop
      vertex 22.3326 -1.88464 1.05
      vertex 22.2891 -1.86825 1.05
      vertex 22.316 -1.87938 1.05
    endloop
  endfacet
  facet normal -0 0 1
    outer loop
      vertex 22.316 1.87938 1.05
      vertex 22.2891 1.86825 1.05
      vertex 22.3326 1.88464 1.05
    endloop
  endfacet
  facet normal 0 0 1
    outer loop
      vertex 22.6815 -1.97341 1.05
      vertex 22.6357 -1.96584 1.05
      vertex 22.6527 -1.96961 1.05
    endloop
  endfacet
  facet normal -0 0 1
    outer loop
      vertex 22.6527 1.96961 1.05
      vertex 22.6357 1.96584 1.05
      vertex 22.6815 1.97341 1.05
    endloop
  endfacet
  facet normal 0 0 1
    outer loop
      vertex 22.8431 -1.99315 1.05
      vertex 22.7968 -1.98859 1.05
      vertex 22.8257 -1.99239 1.05
    endloop
  endfacet
  facet normal -0 0 1
    outer loop
      vertex 22.8257 1.99239 1.05
      vertex 22.7968 1.98859 1.05
      vertex 22.8431 1.99315 1.05
    endloop
  endfacet
  facet normal 0 0 1
    outer loop
      vertex 23.2032 -1.98859 1.05
      vertex 23.1569 -1.99315 1.05
      vertex 23.1743 -1.99239 1.05
    endloop
  endfacet
  facet normal 0 0 1
    outer loop
      vertex 23.1743 1.99239 1.05
      vertex 23.1569 1.99315 1.05
      vertex 23.2032 1.98859 1.05
    endloop
  endfacet
  facet normal 0 0 1
    outer loop
      vertex 23.3643 -1.96584 1.05
      vertex 23.3185 -1.97341 1.05
      vertex 23.3473 -1.96961 1.05
    endloop
  endfacet
  facet normal 0 0 1
    outer loop
      vertex 23.3473 1.96961 1.05
      vertex 23.3185 1.97341 1.05
      vertex 23.3643 1.96584 1.05
    endloop
  endfacet
  facet normal 0 0 1
    outer loop
      vertex 23.7109 -1.86825 1.05
      vertex 23.6674 -1.88464 1.05
      vertex 23.684 -1.87938 1.05
    endloop
  endfacet
  facet normal 0 0 1
    outer loop
      vertex 23.684 1.87938 1.05
      vertex 23.6674 1.88464 1.05
      vertex 23.7109 1.86825 1.05
    endloop
  endfacet
  facet normal 0 0 1
    outer loop
      vertex 23.8607 -1.80455 1.05
      vertex 23.8183 -1.82375 1.05
      vertex 23.8452 -1.81262 1.05
    endloop
  endfacet
  facet normal 0 0 1
    outer loop
      vertex 23.8452 1.81262 1.05
      vertex 23.8183 1.82375 1.05
      vertex 23.8607 1.80455 1.05
    endloop
  endfacet
  facet normal 0 0 1
    outer loop
      vertex 24.1702 -1.6206 1.05
      vertex 24.1324 -1.64768 1.05
      vertex 24.1472 -1.6383 1.05
    endloop
  endfacet
  facet normal 0 0 1
    outer loop
      vertex 24.1472 1.6383 1.05
      vertex 24.1324 1.64768 1.05
      vertex 24.1702 1.6206 1.05
    endloop
  endfacet
  facet normal 0 0 1
    outer loop
      vertex 24.2984 -1.52029 1.05
      vertex 24.2625 -1.54979 1.05
      vertex 24.2856 -1.53209 1.05
    endloop
  endfacet
  facet normal 0 0 1
    outer loop
      vertex 24.2856 1.53209 1.05
      vertex 24.2625 1.54979 1.05
      vertex 24.2984 1.52029 1.05
    endloop
  endfacet
  facet normal 0 0 1
    outer loop
      vertex 24.5498 -1.2625 1.05
      vertex 24.5203 -1.29845 1.05
      vertex 24.5321 -1.28557 1.05
    endloop
  endfacet
  facet normal 0 0 1
    outer loop
      vertex 24.5321 1.28557 1.05
      vertex 24.5203 1.29845 1.05
      vertex 24.5498 1.2625 1.05
    endloop
  endfacet
  facet normal 0 0 1
    outer loop
      vertex 24.6477 -1.13243 1.05
      vertex 24.6206 -1.17022 1.05
      vertex 24.6383 -1.14715 1.05
    endloop
  endfacet
  facet normal 0 0 1
    outer loop
      vertex 24.6383 1.14715 1.05
      vertex 24.6206 1.17022 1.05
      vertex 24.6477 1.13243 1.05
    endloop
  endfacet
  facet normal 0 0 1
    outer loop
      vertex 24.8238 -0.81835 1.05
      vertex 24.8046 -0.860726 1.05
      vertex 24.8126 -0.845236 1.05
    endloop
  endfacet
  facet normal 0 0 1
    outer loop
      vertex 24.8126 0.845236 1.05
      vertex 24.8046 0.860726 1.05
      vertex 24.8238 0.81835 1.05
    endloop
  endfacet
  facet normal 0 0 1
    outer loop
      vertex 24.8846 -0.667384 1.05
      vertex 24.8682 -0.710927 1.05
      vertex 24.8794 -0.68404 1.05
    endloop
  endfacet
  facet normal 0 0 1
    outer loop
      vertex 24.8794 0.68404 1.05
      vertex 24.8682 0.710927 1.05
      vertex 24.8846 0.667384 1.05
    endloop
  endfacet
  facet normal 0 0 1
    outer loop
      vertex 24.9734 -0.318453 1.05
      vertex 24.9658 -0.364345 1.05
      vertex 24.9696 -0.347296 1.05
    endloop
  endfacet
  facet normal 0 0 1
    outer loop
      vertex 24.9696 0.347296 1.05
      vertex 24.9658 0.364345 1.05
      vertex 24.9734 0.318453 1.05
    endloop
  endfacet
  facet normal 0 0 1
    outer loop
      vertex 24.9932 -0.156865 1.05
      vertex 24.9886 -0.203152 1.05
      vertex 24.9924 -0.174311 1.05
    endloop
  endfacet
  facet normal 0 0 1
    outer loop
      vertex 24.9924 0.174311 1.05
      vertex 24.9886 0.203152 1.05
      vertex 24.9932 0.156865 1.05
    endloop
  endfacet
  facet normal 0.999847 0.0175079 0
    outer loop
      vertex 33 0 1.05
      vertex 32.9945 0.314095 0
      vertex 32.9945 0.314095 1.05
    endloop
  endfacet
  facet normal 0.999847 0.0175079 0
    outer loop
      vertex 32.9945 0.314095 0
      vertex 33 0 1.05
      vertex 33 0 0
    endloop
  endfacet
  facet normal -0.874622 -0.484805 0
    outer loop
      vertex -31.7942 -4.5 0
      vertex -31.9465 -4.22524 1.05
      vertex -31.9465 -4.22524 0
    endloop
  endfacet
  facet normal -0.874622 -0.484805 0
    outer loop
      vertex -31.9465 -4.22524 1.05
      vertex -31.7942 -4.5 0
      vertex -31.7942 -4.5 1.05
    endloop
  endfacet
  facet normal -0.629381 -0.777097 0
    outer loop
      vertex -29.7851 -6.8944 0
      vertex -29.541 -7.0921 1.05
      vertex -29.7851 -6.8944 1.05
    endloop
  endfacet
  facet normal -0.629381 -0.777097 -0
    outer loop
      vertex -29.541 -7.0921 1.05
      vertex -29.7851 -6.8944 0
      vertex -29.541 -7.0921 0
    endloop
  endfacet
  facet normal 0.224955 -0.974369 0
    outer loop
      vertex 25.8712 -8.80333 0
      vertex 26.1773 -8.73266 1.05
      vertex 25.8712 -8.80333 1.05
    endloop
  endfacet
  facet normal 0.224955 -0.974369 0
    outer loop
      vertex 26.1773 -8.73266 1.05
      vertex 25.8712 -8.80333 0
      vertex 26.1773 -8.73266 0
    endloop
  endfacet
  facet normal 0.121887 -0.992544 0
    outer loop
      vertex 24.9408 -8.9507 0
      vertex 25.2526 -8.91241 1.05
      vertex 24.9408 -8.9507 1.05
    endloop
  endfacet
  facet normal 0.121887 -0.992544 0
    outer loop
      vertex 25.2526 -8.91241 1.05
      vertex 24.9408 -8.9507 0
      vertex 25.2526 -8.91241 0
    endloop
  endfacet
  facet normal 0.484751 -0.874652 0
    outer loop
      vertex 28.2252 -7.94653 0
      vertex 28.5 -7.79423 1.05
      vertex 28.2252 -7.94653 1.05
    endloop
  endfacet
  facet normal 0.484751 -0.874652 0
    outer loop
      vertex 28.5 -7.79423 1.05
      vertex 28.2252 -7.94653 0
      vertex 28.5 -7.79423 0
    endloop
  endfacet
  facet normal -0.190788 -0.981631 0
    outer loop
      vertex -25.8712 -8.80333 0
      vertex -25.5628 -8.86327 1.05
      vertex -25.8712 -8.80333 1.05
    endloop
  endfacet
  facet normal -0.190788 -0.981631 -0
    outer loop
      vertex -25.5628 -8.86327 1.05
      vertex -25.8712 -8.80333 0
      vertex -25.5628 -8.86327 0
    endloop
  endfacet
  facet normal -0.981592 -0.19099 0
    outer loop
      vertex -32.8033 -1.8712 0
      vertex -32.8633 -1.56283 1.05
      vertex -32.8633 -1.56283 0
    endloop
  endfacet
  facet normal -0.981592 -0.19099 0
    outer loop
      vertex -32.8633 -1.56283 1.05
      vertex -32.8033 -1.8712 0
      vertex -32.8033 -1.8712 1.05
    endloop
  endfacet
  facet normal 0.731426 0.681921 0
    outer loop
      vertex 30.6883 6.02217 1.05
      vertex 30.4741 6.25192 0
      vertex 30.4741 6.25192 1.05
    endloop
  endfacet
  facet normal 0.731426 0.681921 0
    outer loop
      vertex 30.4741 6.25192 0
      vertex 30.6883 6.02217 1.05
      vertex 30.6883 6.02217 0
    endloop
  endfacet
  facet normal 0.945495 -0.325638 0
    outer loop
      vertex 32.4572 -3.07818 1.05
      vertex 32.5595 -2.78115 0
      vertex 32.5595 -2.78115 1.05
    endloop
  endfacet
  facet normal 0.945495 -0.325638 0
    outer loop
      vertex 32.5595 -2.78115 0
      vertex 32.4572 -3.07818 1.05
      vertex 32.4572 -3.07818 0
    endloop
  endfacet
  facet normal 0.358348 -0.933588 0
    outer loop
      vertex 27.0782 -8.45723 0
      vertex 27.3715 -8.34465 1.05
      vertex 27.0782 -8.45723 1.05
    endloop
  endfacet
  facet normal 0.358348 -0.933588 0
    outer loop
      vertex 27.3715 -8.34465 1.05
      vertex 27.0782 -8.45723 0
      vertex 27.3715 -8.34465 0
    endloop
  endfacet
  facet normal 0.974418 -0.224743 0
    outer loop
      vertex 32.7327 -2.1773 1.05
      vertex 32.8033 -1.8712 0
      vertex 32.8033 -1.8712 1.05
    endloop
  endfacet
  facet normal 0.974418 -0.224743 0
    outer loop
      vertex 32.8033 -1.8712 0
      vertex 32.7327 -2.1773 1.05
      vertex 32.7327 -2.1773 0
    endloop
  endfacet
  facet normal -0.731426 0.681921 0
    outer loop
      vertex -30.6883 6.02217 0
      vertex -30.4741 6.25192 1.05
      vertex -30.4741 6.25192 0
    endloop
  endfacet
  facet normal -0.731426 0.681921 0
    outer loop
      vertex -30.4741 6.25192 1.05
      vertex -30.6883 6.02217 0
      vertex -30.6883 6.02217 1.05
    endloop
  endfacet
  facet normal -0.874622 0.484805 0
    outer loop
      vertex -31.9465 4.22524 0
      vertex -31.7942 4.5 1.05
      vertex -31.7942 4.5 0
    endloop
  endfacet
  facet normal -0.874622 0.484805 0
    outer loop
      vertex -31.7942 4.5 1.05
      vertex -31.9465 4.22524 0
      vertex -31.9465 4.22524 1.05
    endloop
  endfacet
  facet normal 0.99254 -0.121917 0
    outer loop
      vertex 32.9124 -1.25256 1.05
      vertex 32.9507 -0.940756 0
      vertex 32.9507 -0.940756 1.05
    endloop
  endfacet
  facet normal 0.99254 -0.121917 0
    outer loop
      vertex 32.9507 -0.940756 0
      vertex 32.9124 -1.25256 1.05
      vertex 32.9124 -1.25256 0
    endloop
  endfacet
  facet normal -0.998636 0.0522058 0
    outer loop
      vertex -32.9945 0.314095 0
      vertex -32.9781 0.627808 1.05
      vertex -32.9781 0.627808 0
    endloop
  endfacet
  facet normal -0.998636 0.0522058 0
    outer loop
      vertex -32.9781 0.627808 1.05
      vertex -32.9945 0.314095 0
      vertex -32.9945 0.314095 1.05
    endloop
  endfacet
  facet normal 0.945495 0.325638 0
    outer loop
      vertex 32.5595 2.78115 1.05
      vertex 32.4572 3.07818 0
      vertex 32.4572 3.07818 1.05
    endloop
  endfacet
  facet normal 0.945495 0.325638 0
    outer loop
      vertex 32.4572 3.07818 0
      vertex 32.5595 2.78115 1.05
      vertex 32.5595 2.78115 0
    endloop
  endfacet
  facet normal -0.358348 -0.933588 0
    outer loop
      vertex -27.3715 -8.34465 0
      vertex -27.0782 -8.45723 1.05
      vertex -27.3715 -8.34465 1.05
    endloop
  endfacet
  facet normal -0.358348 -0.933588 -0
    outer loop
      vertex -27.0782 -8.45723 1.05
      vertex -27.3715 -8.34465 0
      vertex -27.0782 -8.45723 0
    endloop
  endfacet
  facet normal 0.920442 -0.390878 0
    outer loop
      vertex 32.2219 -3.66063 1.05
      vertex 32.3447 -3.37146 0
      vertex 32.3447 -3.37146 1.05
    endloop
  endfacet
  facet normal 0.920442 -0.390878 0
    outer loop
      vertex 32.3447 -3.37146 0
      vertex 32.2219 -3.66063 1.05
      vertex 32.2219 -3.66063 0
    endloop
  endfacet
  facet normal -0.99254 0.121917 0
    outer loop
      vertex -32.9507 0.940756 0
      vertex -32.9124 1.25256 1.05
      vertex -32.9124 1.25256 0
    endloop
  endfacet
  facet normal -0.99254 0.121917 0
    outer loop
      vertex -32.9124 1.25256 1.05
      vertex -32.9507 0.940756 0
      vertex -32.9507 0.940756 1.05
    endloop
  endfacet
  facet normal -0.981592 0.19099 0
    outer loop
      vertex -32.8633 1.56283 0
      vertex -32.8033 1.8712 1.05
      vertex -32.8033 1.8712 0
    endloop
  endfacet
  facet normal -0.981592 0.19099 0
    outer loop
      vertex -32.8033 1.8712 1.05
      vertex -32.8633 1.56283 0
      vertex -32.8633 1.56283 1.05
    endloop
  endfacet
  facet normal 0.920442 0.390878 0
    outer loop
      vertex 32.3447 3.37146 1.05
      vertex 32.2219 3.66063 0
      vertex 32.2219 3.66063 1.05
    endloop
  endfacet
  facet normal 0.920442 0.390878 0
    outer loop
      vertex 32.2219 3.66063 0
      vertex 32.3447 3.37146 1.05
      vertex 32.3447 3.37146 0
    endloop
  endfacet
  facet normal -0.974418 0.224743 0
    outer loop
      vertex -32.8033 1.8712 0
      vertex -32.7327 2.1773 1.05
      vertex -32.7327 2.1773 0
    endloop
  endfacet
  facet normal -0.974418 0.224743 0
    outer loop
      vertex -32.7327 2.1773 1.05
      vertex -32.8033 1.8712 0
      vertex -32.8033 1.8712 1.05
    endloop
  endfacet
  facet normal -0.933665 -0.358147 0
    outer loop
      vertex -32.3447 -3.37146 0
      vertex -32.4572 -3.07818 1.05
      vertex -32.4572 -3.07818 0
    endloop
  endfacet
  facet normal -0.933665 -0.358147 0
    outer loop
      vertex -32.4572 -3.07818 1.05
      vertex -32.3447 -3.37146 0
      vertex -32.3447 -3.37146 1.05
    endloop
  endfacet
  facet normal -0.83867 0.54464 0
    outer loop
      vertex -31.6324 4.76927 0
      vertex -31.4613 5.03274 1.05
      vertex -31.4613 5.03274 0
    endloop
  endfacet
  facet normal -0.83867 0.54464 0
    outer loop
      vertex -31.4613 5.03274 1.05
      vertex -31.6324 4.76927 0
      vertex -31.6324 4.76927 1.05
    endloop
  endfacet
  facet normal 0.656045 -0.754722 0
    outer loop
      vertex 29.7851 -6.8944 0
      vertex 30.0222 -6.6883 1.05
      vertex 29.7851 -6.8944 1.05
    endloop
  endfacet
  facet normal 0.656045 -0.754722 0
    outer loop
      vertex 30.0222 -6.6883 1.05
      vertex 29.7851 -6.8944 0
      vertex 30.0222 -6.6883 0
    endloop
  endfacet
  facet normal 0.956255 -0.292533 0
    outer loop
      vertex 32.5595 -2.78115 1.05
      vertex 32.6514 -2.48074 0
      vertex 32.6514 -2.48074 1.05
    endloop
  endfacet
  facet normal 0.956255 -0.292533 0
    outer loop
      vertex 32.6514 -2.48074 0
      vertex 32.5595 -2.78115 1.05
      vertex 32.5595 -2.78115 0
    endloop
  endfacet
  facet normal 0.54472 -0.838618 0
    outer loop
      vertex 28.7693 -7.63243 0
      vertex 29.0327 -7.46134 1.05
      vertex 28.7693 -7.63243 1.05
    endloop
  endfacet
  facet normal 0.54472 -0.838618 0
    outer loop
      vertex 29.0327 -7.46134 1.05
      vertex 28.7693 -7.63243 0
      vertex 29.0327 -7.46134 0
    endloop
  endfacet
  facet normal -0.601781 -0.798661 0
    outer loop
      vertex -29.541 -7.0921 0
      vertex -29.2901 -7.28115 1.05
      vertex -29.541 -7.0921 1.05
    endloop
  endfacet
  facet normal -0.601781 -0.798661 -0
    outer loop
      vertex -29.2901 -7.28115 1.05
      vertex -29.541 -7.0921 0
      vertex -29.2901 -7.28115 0
    endloop
  endfacet
  facet normal -0.484751 -0.874652 0
    outer loop
      vertex -28.5 -7.79423 0
      vertex -28.2252 -7.94653 1.05
      vertex -28.5 -7.79423 1.05
    endloop
  endfacet
  facet normal -0.484751 -0.874652 -0
    outer loop
      vertex -28.2252 -7.94653 1.05
      vertex -28.5 -7.79423 0
      vertex -28.2252 -7.94653 0
    endloop
  endfacet
  facet normal 0.515011 -0.857184 0
    outer loop
      vertex 28.5 -7.79423 0
      vertex 28.7693 -7.63243 1.05
      vertex 28.5 -7.79423 1.05
    endloop
  endfacet
  facet normal 0.515011 -0.857184 0
    outer loop
      vertex 28.7693 -7.63243 1.05
      vertex 28.5 -7.79423 0
      vertex 28.7693 -7.63243 0
    endloop
  endfacet
  facet normal 0.998636 0.0522058 0
    outer loop
      vertex 32.9945 0.314095 1.05
      vertex 32.9781 0.627808 0
      vertex 32.9781 0.627808 1.05
    endloop
  endfacet
  facet normal 0.998636 0.0522058 0
    outer loop
      vertex 32.9781 0.627808 0
      vertex 32.9945 0.314095 1.05
      vertex 32.9945 0.314095 0
    endloop
  endfacet
  facet normal 0.777147 -0.629319 0
    outer loop
      vertex 30.8944 -5.78509 1.05
      vertex 31.0921 -5.54095 0
      vertex 31.0921 -5.54095 1.05
    endloop
  endfacet
  facet normal 0.777147 -0.629319 0
    outer loop
      vertex 31.0921 -5.54095 0
      vertex 30.8944 -5.78509 1.05
      vertex 30.8944 -5.78509 0
    endloop
  endfacet
  facet normal 0.987709 -0.156304 0
    outer loop
      vertex 32.8633 -1.56283 1.05
      vertex 32.9124 -1.25256 0
      vertex 32.9124 -1.25256 1.05
    endloop
  endfacet
  facet normal 0.987709 -0.156304 0
    outer loop
      vertex 32.9124 -1.25256 0
      vertex 32.8633 -1.56283 1.05
      vertex 32.8633 -1.56283 0
    endloop
  endfacet
  facet normal 0.32561 -0.945504 0
    outer loop
      vertex 26.7812 -8.55951 0
      vertex 27.0782 -8.45723 1.05
      vertex 26.7812 -8.55951 1.05
    endloop
  endfacet
  facet normal 0.32561 -0.945504 0
    outer loop
      vertex 27.0782 -8.45723 1.05
      vertex 26.7812 -8.55951 0
      vertex 27.0782 -8.45723 0
    endloop
  endfacet
  facet normal 0.874622 0.484805 0
    outer loop
      vertex 31.9465 4.22524 1.05
      vertex 31.7942 4.5 0
      vertex 31.7942 4.5 1.05
    endloop
  endfacet
  facet normal 0.874622 0.484805 0
    outer loop
      vertex 31.7942 4.5 0
      vertex 31.9465 4.22524 1.05
      vertex 31.9465 4.22524 0
    endloop
  endfacet
  facet normal 0.798562 0.601913 0
    outer loop
      vertex 31.2812 5.29007 1.05
      vertex 31.0921 5.54095 0
      vertex 31.0921 5.54095 1.05
    endloop
  endfacet
  facet normal 0.798562 0.601913 0
    outer loop
      vertex 31.0921 5.54095 0
      vertex 31.2812 5.29007 1.05
      vertex 31.2812 5.29007 0
    endloop
  endfacet
  facet normal 0.754695 0.656076 0
    outer loop
      vertex 30.8944 5.78509 1.05
      vertex 30.6883 6.02217 0
      vertex 30.6883 6.02217 1.05
    endloop
  endfacet
  facet normal 0.754695 0.656076 0
    outer loop
      vertex 30.6883 6.02217 0
      vertex 30.8944 5.78509 1.05
      vertex 30.8944 5.78509 0
    endloop
  endfacet
  facet normal -0.857159 0.515053 0
    outer loop
      vertex -31.7942 4.5 0
      vertex -31.6324 4.76927 1.05
      vertex -31.6324 4.76927 0
    endloop
  endfacet
  facet normal -0.857159 0.515053 0
    outer loop
      vertex -31.6324 4.76927 1.05
      vertex -31.7942 4.5 0
      vertex -31.7942 4.5 1.05
    endloop
  endfacet
  facet normal 0.857159 -0.515053 0
    outer loop
      vertex 31.6324 -4.76927 1.05
      vertex 31.7942 -4.5 0
      vertex 31.7942 -4.5 1.05
    endloop
  endfacet
  facet normal 0.857159 -0.515053 0
    outer loop
      vertex 31.7942 -4.5 0
      vertex 31.6324 -4.76927 1.05
      vertex 31.6324 -4.76927 0
    endloop
  endfacet
  facet normal 0.0523349 -0.99863 0
    outer loop
      vertex 24.3141 -8.99452 0
      vertex 24.6278 -8.97808 1.05
      vertex 24.3141 -8.99452 1.05
    endloop
  endfacet
  facet normal 0.0523349 -0.99863 0
    outer loop
      vertex 24.6278 -8.97808 1.05
      vertex 24.3141 -8.99452 0
      vertex 24.6278 -8.97808 0
    endloop
  endfacet
  facet normal 0.83867 -0.54464 0
    outer loop
      vertex 31.4613 -5.03274 1.05
      vertex 31.6324 -4.76927 0
      vertex 31.6324 -4.76927 1.05
    endloop
  endfacet
  facet normal 0.83867 -0.54464 0
    outer loop
      vertex 31.6324 -4.76927 0
      vertex 31.4613 -5.03274 1.05
      vertex 31.4613 -5.03274 0
    endloop
  endfacet
  facet normal -0.987709 -0.156304 0
    outer loop
      vertex -32.8633 -1.56283 0
      vertex -32.9124 -1.25256 1.05
      vertex -32.9124 -1.25256 0
    endloop
  endfacet
  facet normal -0.987709 -0.156304 0
    outer loop
      vertex -32.9124 -1.25256 1.05
      vertex -32.8633 -1.56283 0
      vertex -32.8633 -1.56283 1.05
    endloop
  endfacet
  facet normal 0.891027 0.45395 0
    outer loop
      vertex 32.0891 3.94534 1.05
      vertex 31.9465 4.22524 0
      vertex 31.9465 4.22524 1.05
    endloop
  endfacet
  facet normal 0.891027 0.45395 0
    outer loop
      vertex 31.9465 4.22524 0
      vertex 32.0891 3.94534 1.05
      vertex 32.0891 3.94534 0
    endloop
  endfacet
  facet normal 0.156463 -0.987684 0
    outer loop
      vertex 25.2526 -8.91241 0
      vertex 25.5628 -8.86327 1.05
      vertex 25.2526 -8.91241 1.05
    endloop
  endfacet
  facet normal 0.156463 -0.987684 0
    outer loop
      vertex 25.5628 -8.86327 1.05
      vertex 25.2526 -8.91241 0
      vertex 25.5628 -8.86327 0
    endloop
  endfacet
  facet normal -0.920442 0.390878 0
    outer loop
      vertex -32.3447 3.37146 0
      vertex -32.2219 3.66063 1.05
      vertex -32.2219 3.66063 0
    endloop
  endfacet
  facet normal -0.920442 0.390878 0
    outer loop
      vertex -32.2219 3.66063 1.05
      vertex -32.3447 3.37146 0
      vertex -32.3447 3.37146 1.05
    endloop
  endfacet
  facet normal -0.891027 -0.45395 0
    outer loop
      vertex -31.9465 -4.22524 0
      vertex -32.0891 -3.94534 1.05
      vertex -32.0891 -3.94534 0
    endloop
  endfacet
  facet normal -0.891027 -0.45395 0
    outer loop
      vertex -32.0891 -3.94534 1.05
      vertex -31.9465 -4.22524 0
      vertex -31.9465 -4.22524 1.05
    endloop
  endfacet
  facet normal -0.998636 -0.0522058 0
    outer loop
      vertex -32.9781 -0.627808 0
      vertex -32.9945 -0.314095 1.05
      vertex -32.9945 -0.314095 0
    endloop
  endfacet
  facet normal -0.998636 -0.0522058 0
    outer loop
      vertex -32.9945 -0.314095 1.05
      vertex -32.9781 -0.627808 0
      vertex -32.9781 -0.627808 1.05
    endloop
  endfacet
  facet normal 0.83867 0.54464 0
    outer loop
      vertex 31.6324 4.76927 1.05
      vertex 31.4613 5.03274 0
      vertex 31.4613 5.03274 1.05
    endloop
  endfacet
  facet normal 0.83867 0.54464 0
    outer loop
      vertex 31.4613 5.03274 0
      vertex 31.6324 4.76927 1.05
      vertex 31.6324 4.76927 0
    endloop
  endfacet
  facet normal 0.99254 0.121917 0
    outer loop
      vertex 32.9507 0.940756 1.05
      vertex 32.9124 1.25256 0
      vertex 32.9124 1.25256 1.05
    endloop
  endfacet
  facet normal 0.99254 0.121917 0
    outer loop
      vertex 32.9124 1.25256 0
      vertex 32.9507 0.940756 1.05
      vertex 32.9507 0.940756 0
    endloop
  endfacet
  facet normal -0.999847 -0.0175079 0
    outer loop
      vertex -32.9945 -0.314095 0
      vertex -33 0 1.05
      vertex -33 0 0
    endloop
  endfacet
  facet normal -0.999847 -0.0175079 0
    outer loop
      vertex -33 0 1.05
      vertex -32.9945 -0.314095 0
      vertex -32.9945 -0.314095 1.05
    endloop
  endfacet
  facet normal 0.891027 -0.45395 0
    outer loop
      vertex 31.9465 -4.22524 1.05
      vertex 32.0891 -3.94534 0
      vertex 32.0891 -3.94534 1.05
    endloop
  endfacet
  facet normal 0.891027 -0.45395 0
    outer loop
      vertex 32.0891 -3.94534 0
      vertex 31.9465 -4.22524 1.05
      vertex 31.9465 -4.22524 0
    endloop
  endfacet
  facet normal -0.0523349 -0.99863 0
    outer loop
      vertex -24.6278 -8.97808 0
      vertex -24.3141 -8.99452 1.05
      vertex -24.6278 -8.97808 1.05
    endloop
  endfacet
  facet normal -0.0523349 -0.99863 -0
    outer loop
      vertex -24.3141 -8.99452 1.05
      vertex -24.6278 -8.97808 0
      vertex -24.3141 -8.99452 0
    endloop
  endfacet
  facet normal 0.956255 0.292533 0
    outer loop
      vertex 32.6514 2.48074 1.05
      vertex 32.5595 2.78115 0
      vertex 32.5595 2.78115 1.05
    endloop
  endfacet
  facet normal 0.956255 0.292533 0
    outer loop
      vertex 32.5595 2.78115 0
      vertex 32.6514 2.48074 1.05
      vertex 32.6514 2.48074 0
    endloop
  endfacet
  facet normal 0.629381 -0.777097 0
    outer loop
      vertex 29.541 -7.0921 0
      vertex 29.7851 -6.8944 1.05
      vertex 29.541 -7.0921 1.05
    endloop
  endfacet
  facet normal 0.629381 -0.777097 0
    outer loop
      vertex 29.7851 -6.8944 1.05
      vertex 29.541 -7.0921 0
      vertex 29.7851 -6.8944 0
    endloop
  endfacet
  facet normal 0.390797 -0.920477 0
    outer loop
      vertex 27.3715 -8.34465 0
      vertex 27.6606 -8.22191 1.05
      vertex 27.3715 -8.34465 1.05
    endloop
  endfacet
  facet normal 0.390797 -0.920477 0
    outer loop
      vertex 27.6606 -8.22191 1.05
      vertex 27.3715 -8.34465 0
      vertex 27.6606 -8.22191 0
    endloop
  endfacet
  facet normal -0.945495 0.325638 0
    outer loop
      vertex -32.5595 2.78115 0
      vertex -32.4572 3.07818 1.05
      vertex -32.4572 3.07818 0
    endloop
  endfacet
  facet normal -0.945495 0.325638 0
    outer loop
      vertex -32.4572 3.07818 1.05
      vertex -32.5595 2.78115 0
      vertex -32.5595 2.78115 1.05
    endloop
  endfacet
  facet normal -0.754695 -0.656076 0
    outer loop
      vertex -30.6883 -6.02217 0
      vertex -30.8944 -5.78509 1.05
      vertex -30.8944 -5.78509 0
    endloop
  endfacet
  facet normal -0.754695 -0.656076 0
    outer loop
      vertex -30.8944 -5.78509 1.05
      vertex -30.6883 -6.02217 0
      vertex -30.6883 -6.02217 1.05
    endloop
  endfacet
  facet normal 0.857159 0.515053 0
    outer loop
      vertex 31.7942 4.5 1.05
      vertex 31.6324 4.76927 0
      vertex 31.6324 4.76927 1.05
    endloop
  endfacet
  facet normal 0.857159 0.515053 0
    outer loop
      vertex 31.6324 4.76927 0
      vertex 31.7942 4.5 1.05
      vertex 31.7942 4.5 0
    endloop
  endfacet
  facet normal -0.121887 -0.992544 0
    outer loop
      vertex -25.2526 -8.91241 0
      vertex -24.9408 -8.9507 1.05
      vertex -25.2526 -8.91241 1.05
    endloop
  endfacet
  facet normal -0.121887 -0.992544 -0
    outer loop
      vertex -24.9408 -8.9507 1.05
      vertex -25.2526 -8.91241 0
      vertex -24.9408 -8.9507 0
    endloop
  endfacet
  facet normal 0.987709 0.156304 0
    outer loop
      vertex 32.9124 1.25256 1.05
      vertex 32.8633 1.56283 0
      vertex 32.8633 1.56283 1.05
    endloop
  endfacet
  facet normal 0.987709 0.156304 0
    outer loop
      vertex 32.8633 1.56283 0
      vertex 32.9124 1.25256 1.05
      vertex 32.9124 1.25256 0
    endloop
  endfacet
  facet normal 0.798562 -0.601913 0
    outer loop
      vertex 31.0921 -5.54095 1.05
      vertex 31.2812 -5.29007 0
      vertex 31.2812 -5.29007 1.05
    endloop
  endfacet
  facet normal 0.798562 -0.601913 0
    outer loop
      vertex 31.2812 -5.29007 0
      vertex 31.0921 -5.54095 1.05
      vertex 31.0921 -5.54095 0
    endloop
  endfacet
  facet normal -0.777147 -0.629319 0
    outer loop
      vertex -30.8944 -5.78509 0
      vertex -31.0921 -5.54095 1.05
      vertex -31.0921 -5.54095 0
    endloop
  endfacet
  facet normal -0.777147 -0.629319 0
    outer loop
      vertex -31.0921 -5.54095 1.05
      vertex -30.8944 -5.78509 0
      vertex -30.8944 -5.78509 1.05
    endloop
  endfacet
  facet normal 0.601781 -0.798661 0
    outer loop
      vertex 29.2901 -7.28115 0
      vertex 29.541 -7.0921 1.05
      vertex 29.2901 -7.28115 1.05
    endloop
  endfacet
  facet normal 0.601781 -0.798661 0
    outer loop
      vertex 29.541 -7.0921 1.05
      vertex 29.2901 -7.28115 0
      vertex 29.541 -7.0921 0
    endloop
  endfacet
  facet normal 0.777147 0.629319 0
    outer loop
      vertex 31.0921 5.54095 1.05
      vertex 30.8944 5.78509 0
      vertex 30.8944 5.78509 1.05
    endloop
  endfacet
  facet normal 0.777147 0.629319 0
    outer loop
      vertex 30.8944 5.78509 0
      vertex 31.0921 5.54095 1.05
      vertex 31.0921 5.54095 0
    endloop
  endfacet
  facet normal -0.798562 -0.601913 0
    outer loop
      vertex -31.0921 -5.54095 0
      vertex -31.2812 -5.29007 1.05
      vertex -31.2812 -5.29007 0
    endloop
  endfacet
  facet normal -0.798562 -0.601913 0
    outer loop
      vertex -31.2812 -5.29007 1.05
      vertex -31.0921 -5.54095 0
      vertex -31.0921 -5.54095 1.05
    endloop
  endfacet
  facet normal 0.974418 0.224743 0
    outer loop
      vertex 32.8033 1.8712 1.05
      vertex 32.7327 2.1773 0
      vertex 32.7327 2.1773 1.05
    endloop
  endfacet
  facet normal 0.974418 0.224743 0
    outer loop
      vertex 32.7327 2.1773 0
      vertex 32.8033 1.8712 1.05
      vertex 32.8033 1.8712 0
    endloop
  endfacet
  facet normal -0.798562 0.601913 0
    outer loop
      vertex -31.2812 5.29007 0
      vertex -31.0921 5.54095 1.05
      vertex -31.0921 5.54095 0
    endloop
  endfacet
  facet normal -0.798562 0.601913 0
    outer loop
      vertex -31.0921 5.54095 1.05
      vertex -31.2812 5.29007 0
      vertex -31.2812 5.29007 1.05
    endloop
  endfacet
  facet normal 0.454 -0.891002 0
    outer loop
      vertex 27.9453 -8.08915 0
      vertex 28.2252 -7.94653 1.05
      vertex 27.9453 -8.08915 1.05
    endloop
  endfacet
  facet normal 0.454 -0.891002 0
    outer loop
      vertex 28.2252 -7.94653 1.05
      vertex 27.9453 -8.08915 0
      vertex 28.2252 -7.94653 0
    endloop
  endfacet
  facet normal 0.981592 -0.19099 0
    outer loop
      vertex 32.8033 -1.8712 1.05
      vertex 32.8633 -1.56283 0
      vertex 32.8633 -1.56283 1.05
    endloop
  endfacet
  facet normal 0.981592 -0.19099 0
    outer loop
      vertex 32.8633 -1.56283 0
      vertex 32.8033 -1.8712 1.05
      vertex 32.8033 -1.8712 0
    endloop
  endfacet
  facet normal -0.017444 -0.999848 0
    outer loop
      vertex -24.3141 -8.99452 0
      vertex -24 -9 1.05
      vertex -24.3141 -8.99452 1.05
    endloop
  endfacet
  facet normal -0.017444 -0.999848 -0
    outer loop
      vertex -24 -9 1.05
      vertex -24.3141 -8.99452 0
      vertex -24 -9 0
    endloop
  endfacet
  facet normal -0.857159 -0.515053 0
    outer loop
      vertex -31.6324 -4.76927 0
      vertex -31.7942 -4.5 1.05
      vertex -31.7942 -4.5 0
    endloop
  endfacet
  facet normal -0.857159 -0.515053 0
    outer loop
      vertex -31.7942 -4.5 1.05
      vertex -31.6324 -4.76927 0
      vertex -31.6324 -4.76927 1.05
    endloop
  endfacet
  facet normal -0.777147 0.629319 0
    outer loop
      vertex -31.0921 5.54095 0
      vertex -30.8944 5.78509 1.05
      vertex -30.8944 5.78509 0
    endloop
  endfacet
  facet normal -0.777147 0.629319 0
    outer loop
      vertex -30.8944 5.78509 1.05
      vertex -31.0921 5.54095 0
      vertex -31.0921 5.54095 1.05
    endloop
  endfacet
  facet normal -0.682069 -0.731288 0
    outer loop
      vertex -30.2519 -6.47406 0
      vertex -30.0222 -6.6883 1.05
      vertex -30.2519 -6.47406 1.05
    endloop
  endfacet
  facet normal -0.682069 -0.731288 -0
    outer loop
      vertex -30.0222 -6.6883 1.05
      vertex -30.2519 -6.47406 0
      vertex -30.0222 -6.6883 0
    endloop
  endfacet
  facet normal 0.682069 -0.731288 0
    outer loop
      vertex 30.0222 -6.6883 0
      vertex 30.2519 -6.47406 1.05
      vertex 30.0222 -6.6883 1.05
    endloop
  endfacet
  facet normal 0.682069 -0.731288 0
    outer loop
      vertex 30.2519 -6.47406 1.05
      vertex 30.0222 -6.6883 0
      vertex 30.2519 -6.47406 0
    endloop
  endfacet
  facet normal 0.933665 -0.358147 0
    outer loop
      vertex 32.3447 -3.37146 1.05
      vertex 32.4572 -3.07818 0
      vertex 32.4572 -3.07818 1.05
    endloop
  endfacet
  facet normal 0.933665 -0.358147 0
    outer loop
      vertex 32.4572 -3.07818 0
      vertex 32.3447 -3.37146 1.05
      vertex 32.3447 -3.37146 0
    endloop
  endfacet
  facet normal -0.83867 -0.54464 0
    outer loop
      vertex -31.4613 -5.03274 0
      vertex -31.6324 -4.76927 1.05
      vertex -31.6324 -4.76927 0
    endloop
  endfacet
  facet normal -0.83867 -0.54464 0
    outer loop
      vertex -31.6324 -4.76927 1.05
      vertex -31.4613 -5.03274 0
      vertex -31.4613 -5.03274 1.05
    endloop
  endfacet
  facet normal -0.390797 -0.920477 0
    outer loop
      vertex -27.6606 -8.22191 0
      vertex -27.3715 -8.34465 1.05
      vertex -27.6606 -8.22191 1.05
    endloop
  endfacet
  facet normal -0.390797 -0.920477 -0
    outer loop
      vertex -27.3715 -8.34465 1.05
      vertex -27.6606 -8.22191 0
      vertex -27.3715 -8.34465 0
    endloop
  endfacet
  facet normal -0.54472 -0.838618 0
    outer loop
      vertex -29.0327 -7.46134 0
      vertex -28.7693 -7.63243 1.05
      vertex -29.0327 -7.46134 1.05
    endloop
  endfacet
  facet normal -0.54472 -0.838618 -0
    outer loop
      vertex -28.7693 -7.63243 1.05
      vertex -29.0327 -7.46134 0
      vertex -28.7693 -7.63243 0
    endloop
  endfacet
  facet normal -0.920442 -0.390878 0
    outer loop
      vertex -32.2219 -3.66063 0
      vertex -32.3447 -3.37146 1.05
      vertex -32.3447 -3.37146 0
    endloop
  endfacet
  facet normal -0.920442 -0.390878 0
    outer loop
      vertex -32.3447 -3.37146 1.05
      vertex -32.2219 -3.66063 0
      vertex -32.2219 -3.66063 1.05
    endloop
  endfacet
  facet normal 0.754695 -0.656076 0
    outer loop
      vertex 30.6883 -6.02217 1.05
      vertex 30.8944 -5.78509 0
      vertex 30.8944 -5.78509 1.05
    endloop
  endfacet
  facet normal 0.754695 -0.656076 0
    outer loop
      vertex 30.8944 -5.78509 0
      vertex 30.6883 -6.02217 1.05
      vertex 30.6883 -6.02217 0
    endloop
  endfacet
  facet normal 0.731426 -0.681921 0
    outer loop
      vertex 30.4741 -6.25192 1.05
      vertex 30.6883 -6.02217 0
      vertex 30.6883 -6.02217 1.05
    endloop
  endfacet
  facet normal 0.731426 -0.681921 0
    outer loop
      vertex 30.6883 -6.02217 0
      vertex 30.4741 -6.25192 1.05
      vertex 30.4741 -6.25192 0
    endloop
  endfacet
  facet normal 0.874622 -0.484805 0
    outer loop
      vertex 31.7942 -4.5 1.05
      vertex 31.9465 -4.22524 0
      vertex 31.9465 -4.22524 1.05
    endloop
  endfacet
  facet normal 0.874622 -0.484805 0
    outer loop
      vertex 31.9465 -4.22524 0
      vertex 31.7942 -4.5 1.05
      vertex 31.7942 -4.5 0
    endloop
  endfacet
  facet normal 0.981592 0.19099 0
    outer loop
      vertex 32.8633 1.56283 1.05
      vertex 32.8033 1.8712 0
      vertex 32.8033 1.8712 1.05
    endloop
  endfacet
  facet normal 0.981592 0.19099 0
    outer loop
      vertex 32.8033 1.8712 0
      vertex 32.8633 1.56283 1.05
      vertex 32.8633 1.56283 0
    endloop
  endfacet
  facet normal -0.454 -0.891002 0
    outer loop
      vertex -28.2252 -7.94653 0
      vertex -27.9453 -8.08915 1.05
      vertex -28.2252 -7.94653 1.05
    endloop
  endfacet
  facet normal -0.454 -0.891002 -0
    outer loop
      vertex -27.9453 -8.08915 1.05
      vertex -28.2252 -7.94653 0
      vertex -27.9453 -8.08915 0
    endloop
  endfacet
  facet normal -0.987709 0.156304 0
    outer loop
      vertex -32.9124 1.25256 0
      vertex -32.8633 1.56283 1.05
      vertex -32.8633 1.56283 0
    endloop
  endfacet
  facet normal -0.987709 0.156304 0
    outer loop
      vertex -32.8633 1.56283 1.05
      vertex -32.9124 1.25256 0
      vertex -32.9124 1.25256 1.05
    endloop
  endfacet
  facet normal -0.731426 -0.681921 0
    outer loop
      vertex -30.4741 -6.25192 0
      vertex -30.6883 -6.02217 1.05
      vertex -30.6883 -6.02217 0
    endloop
  endfacet
  facet normal -0.731426 -0.681921 0
    outer loop
      vertex -30.6883 -6.02217 1.05
      vertex -30.4741 -6.25192 0
      vertex -30.4741 -6.25192 1.05
    endloop
  endfacet
  facet normal 0.292278 -0.956333 0
    outer loop
      vertex 26.4807 -8.65135 0
      vertex 26.7812 -8.55951 1.05
      vertex 26.4807 -8.65135 1.05
    endloop
  endfacet
  facet normal 0.292278 -0.956333 0
    outer loop
      vertex 26.7812 -8.55951 1.05
      vertex 26.4807 -8.65135 0
      vertex 26.7812 -8.55951 0
    endloop
  endfacet
  facet normal -0.99254 -0.121917 0
    outer loop
      vertex -32.9124 -1.25256 0
      vertex -32.9507 -0.940756 1.05
      vertex -32.9507 -0.940756 0
    endloop
  endfacet
  facet normal -0.99254 -0.121917 0
    outer loop
      vertex -32.9507 -0.940756 1.05
      vertex -32.9124 -1.25256 0
      vertex -32.9124 -1.25256 1.05
    endloop
  endfacet
  facet normal -0.515011 -0.857184 0
    outer loop
      vertex -28.7693 -7.63243 0
      vertex -28.5 -7.79423 1.05
      vertex -28.7693 -7.63243 1.05
    endloop
  endfacet
  facet normal -0.515011 -0.857184 -0
    outer loop
      vertex -28.5 -7.79423 1.05
      vertex -28.7693 -7.63243 0
      vertex -28.5 -7.79423 0
    endloop
  endfacet
  facet normal -0.292278 -0.956333 0
    outer loop
      vertex -26.7812 -8.55951 0
      vertex -26.4807 -8.65135 1.05
      vertex -26.7812 -8.55951 1.05
    endloop
  endfacet
  facet normal -0.292278 -0.956333 -0
    outer loop
      vertex -26.4807 -8.65135 1.05
      vertex -26.7812 -8.55951 0
      vertex -26.4807 -8.65135 0
    endloop
  endfacet
  facet normal -0.945495 -0.325638 0
    outer loop
      vertex -32.4572 -3.07818 0
      vertex -32.5595 -2.78115 1.05
      vertex -32.5595 -2.78115 0
    endloop
  endfacet
  facet normal -0.945495 -0.325638 0
    outer loop
      vertex -32.5595 -2.78115 1.05
      vertex -32.4572 -3.07818 0
      vertex -32.4572 -3.07818 1.05
    endloop
  endfacet
endsolid OpenSCAD_Model
